GID_0,GID_1,crop_type,EF_2020,EF_2021,EF_2022,EF_2023,EF_2024,EF_2025
AGO,AGO.10_1,CASS,1.457,1.539,1.448,1.379,1.307,1.45
AGO,AGO.11_1,CASS,0.138,0.1225,0.1048,0.08826,0.07392,0.1085
AGO,AGO.12_1,CASS,1.1,1.074,0.9924,0.9674,0.9433,1.106
AGO,AGO.13_1,CASS,0.9955,0.9501,0.8487,0.7872,0.734,0.7764
AGO,AGO.14_1,CASS,1.141,1.138,1.054,1.009,0.993,1.106
AGO,AGO.15_1,CASS,3.339,3.451,3.488,3.467,3.436,3.829
AGO,AGO.16_1,CASS,0.1609,0.1948,0.2083,0.2072,0.1993,0.2264
AGO,AGO.17_1,CASS,2.32,2.575,2.505,2.451,2.375,2.563
AGO,AGO.18_1,CASS,1.598,1.537,1.476,1.416,1.328,1.431
AGO,AGO.1_1,CASS,0.7186,0.6792,0.6096,0.5843,0.6034,0.7843
AGO,AGO.2_1,CASS,1.55,1.604,1.484,1.379,1.351,1.489
AGO,AGO.3_1,CASS,4.324,4.516,4.496,4.369,4.305,4.801
AGO,AGO.4_1,CASS,1.925,1.884,1.771,1.818,1.689,1.771
AGO,AGO.5_1,CASS,1.767,1.787,1.705,1.587,1.531,1.664
AGO,AGO.6_1,CASS,2.299,2.585,2.467,2.319,2.234,2.83
AGO,AGO.7_1,CASS,0.5574,0.5632,0.5563,0.5536,0.5661,0.6614
AGO,AGO.8_1,CASS,2.578,2.217,1.777,1.398,1.062,0.8446
AGO,AGO.9_1,CASS,1.34,1.404,1.404,1.419,1.415,1.618
ARG,ARG.10_1,CASS,0,0,0,0,0,0
ARG,ARG.14_1,CASS,6.096,6.265,6.32,6.212,6.195,6.431
ARG,ARG.17_1,CASS,0.1413,0.1429,0.131,0.1156,0.1049,0.1067
ARG,ARG.21_1,CASS,1.439,1.24,1.062,1.265,1.074,0.8716
ARG,ARG.22_1,CASS,0.2736,0.2521,0.2348,0.2122,0.1928,0.1851
ARG,ARG.24_1,CASS,0,0,0,0,0,0
ARG,ARG.3_1,CASS,1.126,0.9972,0.8897,0.791,0.693,0.5619
ARG,ARG.7_1,CASS,0.2252,0.2126,0.194,0.178,0.1881,0.1844
ARG,ARG.8_1,CASS,0.01563,0.01452,0.05575,0.06569,0.1003,0.1025
ARG,ARG.9_1,CASS,0.5771,0.5658,0.5491,0.5252,0.4935,0.473
ATG,ATG.1_1,CASS,1.562,1.327,0.4045,0.7399,0.708,0.3272
ATG,ATG.3_1,CASS,0.2604,0.2239,0.06936,0.1299,0.129,0.06379
ATG,ATG.4_1,CASS,0.07179,0.0418,0.00955,0.01183,0.006715,0.001538
ATG,ATG.5_1,CASS,0.1537,0.1066,0.02335,0.02356,0.00702,0
ATG,ATG.6_1,CASS,0.03392,0.02339,0.005755,0.007778,0.005822,0.002229
ATG,ATG.7_1,CASS,0.8617,0.7257,0.2216,0.4073,0.3931,0.1851
ATG,ATG.8_1,CASS,0.1371,0.1163,0.03533,0.06434,0.06111,0.02784
BDI,BDI.10_1,CASS,0.01431,0.0146,0.01487,0.0169,0.02041,0.02709
BDI,BDI.11_1,CASS,0.07695,0.07592,0.06926,0.06941,0.06832,0.06247
BDI,BDI.12_1,CASS,0.02959,0.03373,0.03594,0.03295,0.03062,0.03651
BDI,BDI.13_1,CASS,0.01133,0.013,0.0146,0.01986,0.02566,0.03158
BDI,BDI.14_1,CASS,0.04001,0.04684,0.05107,0.05158,0.04956,0.05968
BDI,BDI.15_1,CASS,0.03087,0.04392,0.04957,0.05361,0.05725,0.06365
BDI,BDI.16_1,CASS,0.02891,0.03156,0.03014,0.03243,0.03648,0.04063
BDI,BDI.17_1,CASS,0.04275,0.04658,0.04823,0.0551,0.0683,0.08381
BDI,BDI.1_1,CASS,0.05543,0.06485,0.06612,0.06596,0.0725,0.07618
BDI,BDI.2_1,CASS,0.1132,0.1115,0.102,0.09636,0.09105,0.08591
BDI,BDI.3_1,CASS,0.04453,0.04542,0.04168,0.04404,0.04899,0.05531
BDI,BDI.4_1,CASS,0.3489,0.3649,0.3496,0.3852,0.3763,0.3527
BDI,BDI.5_1,CASS,0.04661,0.04898,0.04884,0.05521,0.06926,0.08369
BDI,BDI.6_1,CASS,0.4317,0.5555,0.6021,0.6671,0.7806,0.882
BDI,BDI.7_1,CASS,0.03254,0.04435,0.04971,0.05693,0.06317,0.0709
BDI,BDI.8_1,CASS,0.02589,0.02999,0.03171,0.03582,0.03824,0.04759
BDI,BDI.9_1,CASS,0.03354,0.04438,0.04788,0.05094,0.05318,0.06152
BEN,BEN.10_1,CASS,0.03355,0.03178,0.0305,0.02822,0.02671,0.02489
BEN,BEN.11_1,CASS,0.07914,0.08452,0.08401,0.08565,0.08496,0.08876
BEN,BEN.12_1,CASS,0.02438,0.02328,0.0306,0.03111,0.03072,0.03806
BEN,BEN.1_1,CASS,0.05578,0.05461,0.05116,0.05058,0.04699,0.04451
BEN,BEN.2_1,CASS,0.05229,0.05126,0.05111,0.05388,0.05708,0.05666
BEN,BEN.3_1,CASS,0.308,0.3494,0.3688,0.3799,0.3959,0.4127
BEN,BEN.4_1,CASS,0.1636,0.1483,0.1374,0.128,0.1223,0.1175
BEN,BEN.5_1,CASS,0.04359,0.04381,0.04523,0.04914,0.0503,0.0643
BEN,BEN.6_1,CASS,0.09583,0.09104,0.09552,0.09703,0.09954,0.09798
BEN,BEN.7_1,CASS,0.05168,0.05399,0.055,0.05393,0.05335,0.05661
BEN,BEN.8_1,CASS,0.3299,0.4435,0.4073,0.3758,0.3535,0.4077
BEN,BEN.9_1,CASS,0.3613,0.4028,0.402,0.4668,0.5175,0.5587
BFA,BFA.10_1,CASS,6.913e-4,5.297e-4,3.762e-4,2.325e-4,7.859e-5,0
BFA,BFA.11_1,CASS,0,0,0,0,0,0
BFA,BFA.13_1,CASS,0.1572,0.141,0.1235,0.1079,0.09151,0.07792
BFA,BFA.1_1,CASS,0.004358,0.00486,0.004644,0.005154,0.005135,0.004655
BFA,BFA.2_1,CASS,0.03149,0.02938,0.02699,0.02607,0.03198,0.03143
BFA,BFA.3_1,CASS,8.566e-5,7.121e-5,5.769e-5,4.592e-5,3.289e-5,1.9e-5
BFA,BFA.4_1,CASS,0,0,0,0,6.746e-4,6.336e-4
BFA,BFA.5_1,CASS,0.08922,0.07495,0.06264,0.05516,0.04452,0.03146
BFA,BFA.6_1,CASS,0.006864,0.005726,0.004668,0.003762,0.002753,0.001679
BFA,BFA.7_1,CASS,0,0,0,0,0,0
BFA,BFA.8_1,CASS,7.493e-5,1.978e-4,9.289e-5,1.279e-4,9.738e-5,1.211e-4
BFA,BFA.9_1,CASS,0.02795,0.02782,0.02518,0.02314,0.02055,0.01907
BGD,BGD.2_1,CASS,3.957,3.871,4.541,4.908,4.892,4.978
BGD,BGD.7_1,CASS,0.1465,0.1325,0.1469,0.159,0.1539,0.1524
BGD,BGD.8_1,CASS,2.312,1.897,1.985,1.909,1.662,1.562
BHS,BHS.16_1,CASS,0.004494,0.004316,0.003961,0.003606,0.003248,0.002845
BLZ,BLZ.1_1,CASS,12.5,13.74,12.97,17.36,44,35.31
BLZ,BLZ.2_1,CASS,6.206,6.613,4.895,5.718,11.27,8.614
BLZ,BLZ.3_1,CASS,70.2,85.68,73.81,86.16,188.4,137.7
BLZ,BLZ.4_1,CASS,4.472,4.46,3.047,3.031,5.061,3.459
BLZ,BLZ.5_1,CASS,1.062,1.244,0.9941,1.122,2.304,1.838
BLZ,BLZ.6_1,CASS,10.89,12.42,9.553,10.58,25.15,18.81
BOL,BOL.1_1,CASS,1.163,1.101,1.149,1.109,1.076,1.044
BOL,BOL.2_1,CASS,2.447,2.285,2.158,2.037,1.954,1.986
BOL,BOL.3_1,CASS,1.989,2.019,2.082,2.342,2.442,2.434
BOL,BOL.4_1,CASS,3.194,2.987,2.858,2.94,2.99,2.817
BOL,BOL.6_1,CASS,1.978,1.868,1.768,1.564,1.505,1.472
BOL,BOL.7_1,CASS,0,0,0,0,0,0
BOL,BOL.8_1,CASS,1.04,0.9601,0.9378,0.8895,0.8496,0.8122
BOL,BOL.9_1,CASS,1.235,1.151,1.185,1.18,1.16,1.185
BRA,BRA.10_1,CASS,3.795,3.624,3.626,3.469,3.245,3.226
BRA,BRA.11_1,CASS,0.1277,0.1311,0.1344,0.1299,0.1222,0.1219
BRA,BRA.12_1,CASS,1.927,1.592,1.359,1.088,0.8726,0.7493
BRA,BRA.13_1,CASS,0.7473,0.6943,0.6794,0.6362,0.5931,0.5805
BRA,BRA.14_1,CASS,2.38,2.341,2.374,2.305,2.199,2.172
BRA,BRA.15_1,CASS,0.3763,0.3618,0.3701,0.3446,0.3231,0.3178
BRA,BRA.16_1,CASS,0.01823,0.01839,0.01834,0.01696,0.01578,0.0156
BRA,BRA.17_1,CASS,0.2894,0.2776,0.2802,0.2653,0.2557,0.2511
BRA,BRA.18_1,CASS,0.5619,0.5405,0.5392,0.5135,0.4995,0.5042
BRA,BRA.19_1,CASS,0.9154,0.9205,0.9809,0.9342,0.952,1.014
BRA,BRA.1_1,CASS,3.711,4.058,4.627,4.574,4.656,4.647
BRA,BRA.20_1,CASS,0.1479,0.1498,0.1364,0.1272,0.1203,0.1151
BRA,BRA.21_1,CASS,0.09549,0.1038,0.1111,0.1079,0.1064,0.1077
BRA,BRA.22_1,CASS,1.421,1.441,1.454,1.347,1.229,1.172
BRA,BRA.23_1,CASS,8.86,8.812,8.837,8.722,8.775,8.879
BRA,BRA.24_1,CASS,0.2179,0.2126,0.2169,0.2063,0.1945,0.1941
BRA,BRA.25_1,CASS,0.1457,0.1535,0.1693,0.1703,0.1632,0.1647
BRA,BRA.26_1,CASS,0.5906,0.524,0.4853,0.4193,0.3566,0.3211
BRA,BRA.27_1,CASS,1.602,1.599,1.627,1.639,1.718,1.766
BRA,BRA.2_1,CASS,0.1914,0.1792,0.1791,0.1631,0.1457,0.1354
BRA,BRA.3_1,CASS,9.155,8.81,9.137,9.093,9.093,9.258
BRA,BRA.4_1,CASS,5.205,5.764,6.594,6.411,6.291,6.208
BRA,BRA.5_1,CASS,1.712,1.57,1.485,1.359,1.254,1.228
BRA,BRA.6_1,CASS,0.2909,0.2844,0.2789,0.2564,0.2399,0.2325
BRA,BRA.7_1,CASS,0.02668,0.02649,0.0285,0.0283,0.02848,0.02836
BRA,BRA.8_1,CASS,0.3421,0.3138,0.2968,0.2732,0.2558,0.2585
BRA,BRA.9_1,CASS,0.4552,0.4021,0.3707,0.3261,0.2776,0.2531
BRB,BRB.10_1,CASS,0.001168,0.001294,0.001276,0.001362,0.001094,8.115e-4
BRB,BRB.11_1,CASS,0.3022,0.3268,0.3127,0.3195,0.2408,0.1608
BRB,BRB.1_1,CASS,0,0,0,0,0,0
BRB,BRB.2_1,CASS,0.4479,0.4798,0.4529,0.4538,0.3313,0.2086
BRB,BRB.3_1,CASS,0.03838,0.04953,0.04915,0.05361,0.04363,0.03306
BRB,BRB.4_1,CASS,1.116,1.192,1.121,1.116,0.8069,0.4974
BRB,BRB.5_1,CASS,0.07058,0.07776,0.07629,0.08075,0.06416,0.04683
BRB,BRB.6_1,CASS,0.1356,0.1467,0.1405,0.1437,0.1086,0.07311
BRB,BRB.7_1,CASS,0.2589,0.2846,0.2784,0.2935,0.232,0.1678
BRB,BRB.8_1,CASS,0.07156,0.1024,0.1076,0.1268,0.1129,0.09629
BRB,BRB.9_1,CASS,0.2694,0.2933,0.2832,0.2932,0.2256,0.1563
BRN,BRN.1_1,CASS,4.708,3.251,2.1,1.164,0.416,0
BRN,BRN.2_1,CASS,0.9131,0.7522,0.6257,0.5681,0.4895,0.464
BRN,BRN.3_1,CASS,0.4192,0.2501,0.1321,0.06523,0.02273,0
BRN,BRN.4_1,CASS,0.1853,0.1458,0.1126,0.09838,0.0737,0.06792
BTN,BTN.11_1,CASS,0.07884,0.06349,0.07237,0.0691,0.05907,0.05326
BTN,BTN.13_1,CASS,0.002098,0.001657,0.001657,0.00153,0.001253,0.001068
BTN,BTN.9_1,CASS,0,0,0,0,0,0
BWA,BWA.11_1,CASS,0.2567,0.2364,0.2103,1.159,1.235,1.366
BWA,BWA.1_1,CASS,1.363,1.254,1.116,0.9828,1.478,1.314
BWA,BWA.2_1,CASS,0.8102,0.7585,0.6886,0.6217,0.5581,0.4923
CAF,CAF.10_1,CASS,4.811,4.588,4.308,4.049,3.77,3.86
CAF,CAF.11_1,CASS,1.261,1.314,1.291,1.296,1.332,1.473
CAF,CAF.12_1,CASS,5.259,5.159,4.962,4.643,4.337,4.783
CAF,CAF.13_1,CASS,2.293,2.261,2.196,2.253,2.271,2.478
CAF,CAF.14_1,CASS,2.045,2.18,2.34,2.421,2.537,2.91
CAF,CAF.15_1,CASS,2.276,2.249,2.327,2.424,2.513,2.637
CAF,CAF.16_1,CASS,17.68,18.16,17.11,16.03,14.67,15.5
CAF,CAF.17_1,CASS,0.8472,0.708,0.5726,0.4999,0.4225,0.3934
CAF,CAF.1_1,CASS,4.524,4.771,5.102,5.585,6.54,7.4
CAF,CAF.2_1,CASS,26.27,22.55,19.06,15.77,12.12,9.884
CAF,CAF.3_1,CASS,1.808,1.863,1.731,1.664,1.628,1.763
CAF,CAF.4_1,CASS,22.91,19.87,16.62,13.86,11.06,9.54
CAF,CAF.5_1,CASS,5.543,5.483,5.315,5.065,4.715,5.06
CAF,CAF.6_1,CASS,5.453,5.428,5.181,5.003,4.572,4.645
CAF,CAF.7_1,CASS,15.42,16.86,17.34,16.66,16.22,17.58
CAF,CAF.8_1,CASS,8.61,9.614,9.378,9.793,9.107,10.33
CAF,CAF.9_1,CASS,16.28,13.9,11.55,9.486,7.357,6.409
CHN,CHN.13_1,CASS,15.74,16.83,16.89,24.33,26.13,31.49
CHN,CHN.14_1,CASS,16,16.62,16.97,17.04,17.75,18.4
CHN,CHN.16_1,CASS,218.1,215.6,217.7,211.2,206.5,197.1
CHN,CHN.1_1,CASS,0,0,0.2703,0.2561,0.2427,0.2288
CHN,CHN.26_1,CASS,3.012,2.828,2.6,3.22,3.888,3.967
CHN,CHN.30_1,CASS,12.68,11.48,10.59,10,9.377,9.239
CHN,CHN.31_1,CASS,64.33,67.35,63.7,64.03,73.95,89.12
CHN,CHN.3_1,CASS,23.72,24.26,24.01,32.7,30.83,28.9
CHN,CHN.4_1,CASS,22.84,23.83,24.37,23.96,24.41,23.94
CHN,CHN.6_1,CASS,0.1434,0.1514,0.1587,0.1629,0.1723,0.177
CHN,CHN.7_1,CASS,0.244,0.2555,0.2675,0.2758,0.2854,0.2914
CHN,CHN.8_1,CASS,3.346,3.33,3.62,5.211,8.401,9.843
CHN,CHN.9_1,CASS,103.6,104.2,102.5,100.7,109.4,116.4
CIV,CIV.10_1,CASS,0.3027,0.3136,0.3169,0.348,0.3634,0.3682
CIV,CIV.11_1,CASS,0.1311,0.1421,0.1454,0.1628,0.1712,0.1818
CIV,CIV.12_1,CASS,0.7659,0.7978,0.7961,0.8097,0.8135,0.8279
CIV,CIV.13_1,CASS,0.01091,0.0134,0.01485,0.01647,0.01836,0.01856
CIV,CIV.14_1,CASS,0.1445,0.1343,0.1253,0.1267,0.1218,0.1252
CIV,CIV.1_1,CASS,2.238,2.284,2.3,2.442,2.513,2.576
CIV,CIV.2_1,CASS,0.3187,0.2818,0.2504,0.2243,0.1955,0.1727
CIV,CIV.3_1,CASS,0.49370000000000003,0.4985,0.5161,0.5273,0.5381,0.5524
CIV,CIV.4_1,CASS,2.671,2.931,3.066,3.358,3.469,3.688
CIV,CIV.5_1,CASS,0.2027,0.2051,0.2077,0.2133,0.2151,0.2319
CIV,CIV.6_1,CASS,0.1196,0.1187,0.1182,0.1203,0.1212,0.1329
CIV,CIV.7_1,CASS,0.4996,0.5067,0.5125,0.5314,0.5463,0.5656
CIV,CIV.8_1,CASS,1.447,1.436,1.444,1.403,1.351,1.311
CIV,CIV.9_1,CASS,0.1161,0.1108,0.104,0.09859,0.09411,0.08752
CMR,CMR.10_1,CASS,1.411,1.463,1.403,1.415,1.444,1.491
CMR,CMR.1_1,CASS,0.5716,0.6546,0.6942,0.7889,0.8623,1.011
CMR,CMR.2_1,CASS,1.473,1.577,1.618,1.715,1.695,1.833
CMR,CMR.3_1,CASS,1.43,1.587,1.593,1.745,1.8,2.058
CMR,CMR.4_1,CASS,0.004813,0.003284,0.002518,0.002956,0.002691,0.003649
CMR,CMR.5_1,CASS,0.8795,1.002,1.031,1.093,1.131,1.236
CMR,CMR.6_1,CASS,0.2205,0.2295,0.2226,0.2388,0.2392,0.2583
CMR,CMR.7_1,CASS,0.1042,0.1034,0.1003,0.1006,0.1026,0.1119
CMR,CMR.8_1,CASS,0.7508,0.8834,1.009,1.457,1.784,2.291
CMR,CMR.9_1,CASS,0.2749,0.2624,0.2463,0.251,0.2592,0.269
COD,COD.10_1,CASS,2.056,1.727,1.426,1.24,1.172,1.289
COD,COD.11_1,CASS,2.917,3.081,2.906,3.158,3.119,3.214
COD,COD.12_1,CASS,3.756,4.128,4.192,4.325,4.421,4.707
COD,COD.13_1,CASS,0.8708,0.8538,0.8461,0.7924,0.7775,0.8326
COD,COD.14_1,CASS,0.4743,0.4758,0.4514,0.4455,0.5346,0.5783
COD,COD.15_1,CASS,1.323,1.351,1.355,1.413,1.528,1.657
COD,COD.16_1,CASS,4.764,4.867,4.996,5.032,5.062,5.364
COD,COD.17_1,CASS,17.57,17.21,16.38,15.67,14.95,14.66
COD,COD.18_1,CASS,64.47,64.06,61.99,59.95,57.82,58.15
COD,COD.19_1,CASS,2.46,2.653,2.809,3.123,3.272,3.395
COD,COD.1_1,CASS,23.05,23.65,23.87,24.08,24.07,25.16
COD,COD.20_1,CASS,2.345,2.51,2.484,2.418,2.358,2.543
COD,COD.21_1,CASS,10.2,10.95,11.04,11.13,10.98,11.37
COD,COD.22_1,CASS,1.128,1.136,1.11,1.108,1.109,1.109
COD,COD.23_1,CASS,1.984,2.034,1.971,1.929,1.923,2.017
COD,COD.24_1,CASS,1.227,1.227,1.209,1.29,1.43,1.491
COD,COD.25_1,CASS,11.09,11.26,11.04,10.82,10.51,10.58
COD,COD.26_1,CASS,67.28,70.8,71.07,72.49,72.73,73.93
COD,COD.2_1,CASS,19.52,20.28,20.64,21.04,21.85,22.24
COD,COD.3_1,CASS,2.229,2.423,2.407,2.394,2.467,2.585
COD,COD.4_1,CASS,0.824,0.8566,0.8571,0.8329,0.9395,1.035
COD,COD.5_1,CASS,2.955,3.182,3.39,3.562,3.67,3.948
COD,COD.6_1,CASS,1.585,1.615,1.646,1.63,1.638,1.711
COD,COD.7_1,CASS,6.642,7.478,7.908,8.368,8.786,9.311
COD,COD.8_1,CASS,1.86,1.635,1.354,1.096,0.8913,0.7356
COD,COD.9_1,CASS,10.11,10.86,11.31,11.65,11.51,12.42
COG,COG.11_1,CASS,1.578,1.794,1.838,1.943,1.872,2.164
COG,COG.12_1,CASS,12.89,13.14,13.25,13.13,12.86,12.88
COG,COG.1_1,CASS,0.4042,0.3656,0.3467,0.3356,0.3034,0.2887
COG,COG.2_1,CASS,0.01963,0.01812,0.01664,0.01498,0.01283,0.01167
COG,COG.3_1,CASS,1.915,1.976,1.966,2.067,2.052,2.203
COG,COG.4_1,CASS,4.893,5.702,5.897,5.962,6.146,6.368
COG,COG.5_1,CASS,1.202,1.105,1.082,1.033,1.051,0.975
COG,COG.6_1,CASS,2.71,2.432,2.256,2.111,1.892,1.793
COG,COG.7_1,CASS,18.02,18.14,18.49,17.92,17.45,17.51
COG,COG.8_1,CASS,1.279,1.203,1.141,1.163,1.093,1.048
COG,COG.9_1,CASS,3.534,3.793,4.093,4.599,5.311,5.611
COL,COL.10_2,CASS,0.4375,0.4078,0.3476,0.2948,0.2424,0.213
COL,COL.11_2,CASS,0.8345,0.7934,0.6993,0.5852,0.4731,0.4
COL,COL.12_2,CASS,0.2972,0.291,0.2678,0.2499,0.2242,0.2205
COL,COL.13_2,CASS,0.543,0.5321,0.4948,0.5108,0.4448,0.4099
COL,COL.14_2,CASS,0.2415,0.2322,0.2046,0.1823,0.1566,0.1477
COL,COL.15_2,CASS,0.3198,0.3133,0.2765,0.2487,0.2256,0.2116
COL,COL.16_2,CASS,11.47,10.57,8.928,7.309,5.777,4.841
COL,COL.17_2,CASS,1.713,1.72,1.627,1.458,1.269,1.203
COL,COL.18_2,CASS,0.3934,0.3631,0.311,0.2587,0.2162,0.1862
COL,COL.19_2,CASS,0.5254,0.5028,0.4432,0.4036,0.3376,0.3138
COL,COL.1_2,CASS,19.96,19.98,19.46,19.42,18.53,18.3
COL,COL.20_2,CASS,0.3016,0.3372,0.347,0.3406,0.3192,0.3169
COL,COL.21_2,CASS,0.3126,0.3089,0.2812,0.2454,0.222,0.2078
COL,COL.22_2,CASS,3.899,3.644,3.064,2.512,1.948,1.566
COL,COL.23_2,CASS,0.8935,0.8856,0.7944,0.7021,0.6079,0.5563
COL,COL.24_2,CASS,5.95,6.246,6.349,5.968,5.626,5.774
COL,COL.25_2,CASS,0.4408,0.4075,0.3394,0.2825,0.2251,0.1852
COL,COL.26_2,CASS,2.249,2.201,1.976,1.935,1.939,1.939
COL,COL.28_2,CASS,0.5391,0.5063,0.4317,0.366,0.3015,0.265
COL,COL.29_2,CASS,0.2768,0.2704,0.2517,0.2453,0.2239,0.2072
COL,COL.2_2,CASS,1.556,1.483,1.294,1.12,0.9389,0.8252
COL,COL.30_2,CASS,0.5009,0.4863,0.4299,0.3685,0.3115,0.2852
COL,COL.31_2,CASS,0.5295,0.5012,0.4331,0.3675,0.3074,0.2665
COL,COL.32_2,CASS,17.78,18,16.92,15.73,14.65,13.95
COL,COL.33_2,CASS,2.87,2.756,2.484,2.183,1.924,1.728
COL,COL.3_2,CASS,0.1617,0.1563,0.1362,0.1189,0.1037,0.09968
COL,COL.4_2,CASS,0.181,0.1725,0.1514,0.1338,0.1131,0.1031
COL,COL.6_2,CASS,0.5625,0.5534,0.5029,0.4415,0.3778,0.3498
COL,COL.7_2,CASS,0.6742,0.7365,0.694,0.6523,0.6253,0.6219
COL,COL.8_2,CASS,0.5908,0.5133,0.4086,0.315,0.2429,0.2086
COL,COL.9_2,CASS,0.3321,0.3429,0.3341,0.3104,0.3019,0.3048
CRI,CRI.1_1,CASS,0.8683,0.8116,0.7212,0.7018,0.7147,0.6349
CRI,CRI.2_1,CASS,41.29,28.09,16.49,10.17,5.43,2.707
CRI,CRI.3_1,CASS,2.152,1.951,1.644,1.648,1.713,1.528
CRI,CRI.4_1,CASS,0.7106,0.6768,0.6463,0.7417,0.8452,0.8391
CRI,CRI.5_1,CASS,1.758,1.809,1.744,1.804,1.95,1.804
CRI,CRI.6_1,CASS,2.204,2.072,1.968,2.112,2.291,2.182
CRI,CRI.7_1,CASS,3.238,2.235,1.512,1.216,1.132,0.9466
CUB,CUB.10_1,CASS,0.09068,0.0894,0.08104,0.08053,0.07712,0.07534
CUB,CUB.11_1,CASS,0.2264,0.2368,0.21560000000000001,0.1993,0.1873,0.1906
CUB,CUB.12_1,CASS,0.3111,0.3178,0.2908,0.2941,0.2778,0.2856
CUB,CUB.13_1,CASS,0.4133,0.3906,0.364,0.3846,0.3653,0.3656
CUB,CUB.14_1,CASS,0.1719,0.166,0.1479,0.1323,0.1239,0.12
CUB,CUB.15_1,CASS,0.08974,0.07829,0.06293,0.05589,0.05145,0.08607
CUB,CUB.16_1,CASS,0.1411,0.143,0.1264,0.1211,0.1184,0.1157
CUB,CUB.1_1,CASS,0.279,0.2868,0.255,0.2464,0.2343,0.2392
CUB,CUB.2_1,CASS,0.505,0.5296,0.4879,0.4657,0.4411,0.4465
CUB,CUB.3_1,CASS,0.3524,0.3585,0.325,0.3098,0.2959,0.3234
CUB,CUB.4_1,CASS,0.1158,0.1093,0.08883,0.07384,0.07951,0.07775
CUB,CUB.5_1,CASS,0.1694,0.1717,0.1552,0.1574,0.1661,0.1717
CUB,CUB.6_1,CASS,0.4223,0.3847,0.3231,0.2786,0.2552,0.2472
CUB,CUB.7_1,CASS,0.056710000000000003,0.05593,0.04873,0.05283,0.05117,0.05734
CUB,CUB.8_1,CASS,0.698,0.8131,0.8356,0.871,0.967,0.9805
CUB,CUB.9_1,CASS,0.2307,0.2613,0.2591,0.2847,0.3699,0.4648
DMA,DMA.10_1,CASS,2.387,2.301,2.135,1.996,1.851,1.704
DMA,DMA.1_1,CASS,1.758,1.691,1.537,1.438,1.339,1.23
DMA,DMA.2_1,CASS,0.1462,0.1294,0.1059,0.0864,0.06836,0.05144
DMA,DMA.3_1,CASS,0.1239,0.1153,0.1007,0.08934,0.08021,0.07348
DMA,DMA.4_1,CASS,1.008,0.9713,0.8843,0.826,0.7657,0.7123
DMA,DMA.5_1,CASS,1.07,1.028,0.9231,0.854,0.7849,0.7145
DMA,DMA.6_1,CASS,0,0,0,0,0,0
DMA,DMA.8_1,CASS,0.5962,0.575,0.5237,0.4892,0.4535,0.4163
DMA,DMA.9_1,CASS,0.007883,0.004445,0.002752,0.001453,6.819e-4,4.51e-4
DOM,DOM.10_1,CASS,0.3984,0.354,0.3249,0.217,0.1699,0.1533
DOM,DOM.11_1,CASS,0.1785,0.1912,0.1923,0.1564,0.1366,0.1447
DOM,DOM.12_1,CASS,0.2404,0.208,0.1698,0.1147,0.08455,0.06931
DOM,DOM.13_1,CASS,0.0524,0.05018,0.04577,0.03489,0.0298,0.03111
DOM,DOM.14_1,CASS,0.1099,0.09727,0.08124,0.05261,0.03991,0.03645
DOM,DOM.15_1,CASS,0.08251,0.07753,0.06733,0.04434,0.03572,0.03331
DOM,DOM.16_1,CASS,0.3093,0.2821,0.2443,0.1617,0.13,0.1227
DOM,DOM.17_1,CASS,0.1159,0.1084,0.09206,0.05887,0.0468,0.04511
DOM,DOM.18_1,CASS,0.8798,0.8068,0.6889,0.4706,0.3821,0.3631
DOM,DOM.19_1,CASS,0.2988,0.2658,0.2278,0.1616,0.1482,0.1708
DOM,DOM.1_1,CASS,0.07649,0.07838,0.07106,0.05105,0.04539,0.05391
DOM,DOM.20_1,CASS,0.2648,0.2942,0.276,0.1939,0.1753,0.1981
DOM,DOM.21_1,CASS,0.3246,0.283,0.232,0.1432,0.1081,0.0981
DOM,DOM.22_1,CASS,0.07459,0.06305,0.05019,0.02943,0.02062,0.0168
DOM,DOM.23_1,CASS,0.2074,0.1679,0.1248,0.07002,0.04543,0.03519
DOM,DOM.24_1,CASS,0.7466,0.6829,0.5818,0.3831,0.2984,0.2741
DOM,DOM.25_1,CASS,0.7293,0.67,0.5872,0.3934,0.3223,0.3286
DOM,DOM.26_1,CASS,0.1908,0.1687,0.1393,0.08788,0.06562,0.05771
DOM,DOM.27_1,CASS,0.08132,0.08339,0.07952,0.06184,0.05801,0.07347
DOM,DOM.28_1,CASS,0.09644,0.08366,0.06742,0.04055,0.02863,0.02292
DOM,DOM.29_1,CASS,0.41,0.3907,0.3443,0.2319,0.194,0.1923
DOM,DOM.2_1,CASS,0.1515,0.1348,0.1119,0.06863,0.05051,0.04335
DOM,DOM.30_1,CASS,0.3136,0.3165,0.2906,0.2034,0.1753,0.1877
DOM,DOM.31_1,CASS,0.1899,0.1851,0.1686,0.1259,0.1083,0.115
DOM,DOM.32_1,CASS,0.08723,0.09343,0.08902,0.0617,0.05402,0.05633
DOM,DOM.3_1,CASS,0.825,0.8473,0.7948,0.6148,0.5506,0.6333
DOM,DOM.4_1,CASS,0.2987,0.2569,0.2063,0.1267,0.089,0.06875
DOM,DOM.6_1,CASS,0.1013,0.09501,0.08406,0.05777,0.04857,0.0485
DOM,DOM.7_1,CASS,0.1338,0.1353,0.1392,0.1013,0.08652,0.09133
DOM,DOM.8_1,CASS,0.08458,0.07693,0.06667,0.04303,0.03552,0.03679
DOM,DOM.9_1,CASS,0.7774,0.7242,0.6494,0.4622,0.3739,0.3571
ECU,ECU.10_1,CASS,0.369,0.2133,0.119,0.1292,0.1576,0.1324
ECU,ECU.11_1,CASS,0.4642,0.3229,0.208,0.254,0.3278,0.2627
ECU,ECU.12_1,CASS,0.2032,0.1593,0.1139,0.1214,0.1355,0.1169
ECU,ECU.13_1,CASS,0.3434,0.1938,0.111,0.1228,0.1597,0.1139
ECU,ECU.14_1,CASS,0.232,0.1284,0.07475,0.07872,0.1004,0.07379
ECU,ECU.15_1,CASS,2.736,1.746,1.173,1.477,2.249,1.765
ECU,ECU.16_1,CASS,11.76,7.757,5.813,7.18,11.51,9.42
ECU,ECU.17_1,CASS,5.154,3.668,2.633,3.275,4.911,3.941
ECU,ECU.18_1,CASS,5.312,3.557,2.658,3.4,5.523,4.414
ECU,ECU.19_1,CASS,0.2684,0.1767,0.1228,0.1611,0.21560000000000001,0.172
ECU,ECU.1_1,CASS,0.07337,0.04329,0.02573,0.02828,0.03627,0.02715
ECU,ECU.20_1,CASS,4.977,2.738,1.426,1.31,1.263,0.6293
ECU,ECU.21_1,CASS,0.1689,0.1014,0.06239,0.07788,0.124,0.1035
ECU,ECU.22_1,CASS,3.247,2.244,1.601,2.025,3.055,2.416
ECU,ECU.24_1,CASS,1.425,0.9111,0.655,0.8292,1.226,1.096
ECU,ECU.2_1,CASS,0.07026,0.03839,0.0228,0.02694,0.038,0.03988
ECU,ECU.3_1,CASS,0.1582,0.09632,0.05696,0.06338,0.07866,0.07696
ECU,ECU.4_1,CASS,5.075,5.198,4.747,4.407,4.043,3.93
ECU,ECU.5_1,CASS,0.2756,0.1691,0.1071,0.1333,0.1816,0.1312
ECU,ECU.6_1,CASS,0.07877,0.04658,0.02965,0.03367,0.04482,0.03536
ECU,ECU.7_1,CASS,0.1754,0.1188,0.07692,0.09701,0.1287,0.1081
ECU,ECU.8_1,CASS,1.124,0.6402,0.3592,0.3714,0.4188,0.2909
ETH,ETH.10_1,CASS,0.02297,0.01993,0.0169,0.01477,0.01249,0.01887
ETH,ETH.4_1,CASS,0,0,0,0,0,0
ETH,ETH.6_1,CASS,0.8908,0.7917,0.6908,0.6245,0.5501,0.5192
ETH,ETH.8_1,CASS,0,0,0,0,0,0
FJI,FJI.1_1,CASS,0.2093,0.2049,0.1847,0.1529,0.1272,0.1309
FJI,FJI.5_1,CASS,0.07594,0.06511,0.06223,0.067780000000000007,0.0664,0.1014
GAB,GAB.1_1,CASS,15.79,15.14,14.66,13.81,13.3,13.47
GAB,GAB.2_1,CASS,8.5,8.108,9.241,9.338,8.993,9.118
GAB,GAB.3_1,CASS,12.37,11.64,11.92,11.42,11.21,10.69
GAB,GAB.4_1,CASS,7.586,7.101,6.754,6.329,6.356,5.988
GAB,GAB.5_1,CASS,6.515,5.529,4.68,3.875,3.262,2.536
GAB,GAB.6_1,CASS,21.39,20.49,20.2,18.88,18.62,17.02
GAB,GAB.7_1,CASS,33.62,33.07,35.7,34.55,35.83,33.91
GAB,GAB.8_1,CASS,18.84,18.51,19.18,19.14,19.54,18.43
GAB,GAB.9_1,CASS,13.4,13.12,13,12.53,12.41,11.79
GHA,GHA10_2,CASS,0.06565,0.05908,0.05268,0.04802,0.04432,0.04415
GHA,GHA11_2,CASS,0.115,0.1039,0.09755,0.09093,0.08198,0.0843
GHA,GHA12_2,CASS,0.03768,0.03361,0.03698,0.03242,0.02727,0.02464
GHA,GHA13_2,CASS,3.403,2.769,2.184,1.624,1.126,0.7908
GHA,GHA14_2,CASS,0.01685,0.01561,0.0152,0.01512,0.01981,0.02194
GHA,GHA15_2,CASS,1.071,1.038,1.01,0.9939,0.9406,0.9514
GHA,GHA16_2,CASS,0.3575,0.3569,0.3876,0.39,0.3827,0.4177
GHA,GHA1_2,CASS,0.06021,0.05037,0.04214,0.03352,0.02715,0.02188
GHA,GHA2_2,CASS,0.1788,0.1837,0.1925,0.1925,0.2023,0.2236
GHA,GHA3_2,CASS,0.02758,0.02409,0.02138,0.01958,0.01723,0.01729
GHA,GHA4_2,CASS,0.06596,0.06195,0.05888,0.05589,0.05179,0.05979
GHA,GHA5_2,CASS,0.4303,0.4394,0.4511,0.4596,0.4449,0.4828
GHA,GHA6_2,CASS,0.2765,0.2934,0.3135,0.3194,0.3312,0.3592
GHA,GHA7_2,CASS,0.1204,0.1258,0.1308,0.1332,0.1526,0.1684
GHA,GHA8_2,CASS,0.01507,0.01297,0.01138,0.01013,0.008582,0.007933
GHA,GHA9_2,CASS,0.01698,0.01569,0.01458,0.01377,0.013,0.01396
GIN,GIN.1_1,CASS,0.196,0.189,0.1742,0.1816,0.1795,0.181
GIN,GIN.2_1,CASS,0.0397,0.03392,0.3485,0.9738,0.8978,0.8659
GIN,GIN.3_1,CASS,0.3223,0.3303,0.3235,0.3581,0.3863,0.4106
GIN,GIN.4_1,CASS,0.3223,0.3269,0.3257,0.3639,0.3972,0.4322
GIN,GIN.5_1,CASS,0.1591,0.1607,0.1556,0.1683,0.1732,0.1785
GIN,GIN.6_1,CASS,0.1772,0.1782,0.1739,0.1886,0.1982,0.2111
GIN,GIN.7_1,CASS,0.4054,0.3972,0.3798,0.4127,0.4204,0.4313
GIN,GIN.8_1,CASS,0.5502,0.5342,0.5177,0.5427,0.576,0.6158
GMB,GMB.2_1,CASS,0.1077,0.09567,0.08395,0.1294,0.1668,0.2209
GMB,GMB.3_1,CASS,0.09822,0.1199,0.1214,0.1297,0.9667,1.024
GMB,GMB.4_1,CASS,0.1151,0.1117,0.1032,0.09928,0.1152,0.1189
GMB,GMB.5_1,CASS,0.05258,0.04454,0.03527,0.02931,0.02534,0.03102
GMB,GMB.6_1,CASS,0.6925,0.624,0.5567,0.4902,0.4188,0.3584
GNB,GNB.1_1,CASS,0.4224,0.4135,0.3299,0.2701,0.2389,0.2015
GNB,GNB.2_1,CASS,0.06616,0.0732,0.07058,0.07161,0.07776,0.07767
GNB,GNB.3_1,CASS,0.1628,0.158,0.1252,0.1013,0.08729,0.07053
GNB,GNB.4_1,CASS,1.075,1.219,1.132,1.115,1.18,1.199
GNB,GNB.5_1,CASS,0.3372,0.3479,0.2951,0.2563,0.2397,0.2138
GNB,GNB.6_1,CASS,1.186,1.097,0.86,0.6875,0.5631,0.4237
GNB,GNB.7_1,CASS,0.3568,0.3823,0.3364,0.3043,0.3049,0.2946
GNB,GNB.8_1,CASS,0.567,0.6603,0.641,0.6013,0.605,0.5915
GNB,GNB.9_1,CASS,2.272,2.644,2.406,2.289,2.325,2.279
GNQ,GNQ.2_1,CASS,13.12,11.05,9.588,7.964,6.45,5.129
GNQ,GNQ.3_1,CASS,548.5,473.8,418.1,353.4,290.7,234.8
GNQ,GNQ.4_1,CASS,9.963,9.754,9.619,9.37,9.339,8.91
GNQ,GNQ.5_1,CASS,10.15,10.75,10.52,11.33,12.39,12.19
GNQ,GNQ.6_1,CASS,43.55,38.39,35.72,32.68,30.43,27.94
GNQ,GNQ.7_1,CASS,7.187,6.867,6.753,6.537,6.391,5.909
GTM,GTM.10_1,CASS,3.151,2.522,3.299,2.941,2.605,1.819
GTM,GTM.11_1,CASS,0.1576,0.0751,0.07386,0.05824,0.04067,0.02066
GTM,GTM.12_1,CASS,10.9,8.472,10.58,9.849,10.08,8.11
GTM,GTM.13_1,CASS,1.353,0.9642,1.166,1.04,0.9007,0.6093
GTM,GTM.14_1,CASS,8.933,7.809,11.21,11.67,11.74,9.504
GTM,GTM.15_1,CASS,0.3301,0.2736,0.3814,0.4357,0.5176,0.4691
GTM,GTM.16_1,CASS,9.225,8.854,15.13,18.38,25.7,22.15
GTM,GTM.17_1,CASS,1.999,3.721,5.462,5.691,5.939,6.839
GTM,GTM.18_1,CASS,1.262,0.8102,0.7745,0.4652,0.2529,0.1129
GTM,GTM.1_1,CASS,4.645,3.79,5.115,4.854,5.286,4.14
GTM,GTM.20_1,CASS,1.545,1.256,1.669,1.602,1.681,1.545
GTM,GTM.22_1,CASS,2.936,2.58,3.806,4.323,5.136,4.61
GTM,GTM.2_1,CASS,38.9,27.58,31.38,24.78,19.93,12.63
GTM,GTM.3_1,CASS,12.5,11.56,17.08,18.32,19.28,16.71
GTM,GTM.4_1,CASS,3.169,2.328,2.824,2.602,2.555,1.996
GTM,GTM.5_1,CASS,1.837,1.523,2.188,2.22,2.402,2.23
GTM,GTM.6_1,CASS,1.123,0.9577,1.354,1.431,1.527,1.261
GTM,GTM.7_1,CASS,3.835,3.002,3.94,3.717,3.72,3.153
GTM,GTM.8_1,CASS,12.29,11.58,17.82,19.73,22.16,19.25
GTM,GTM.9_1,CASS,6.691,5.726,7.978,8.144,9.138,7.816
GUF,GUF.1_1,CASS,846.6,724.8,626.7,497.5,377.5,281.3
GUY,GUY.10_1,CASS,2.052,1.751,1.515,1.331,2.795,2.772
GUY,GUY.1_1,CASS,3710,3574,4139,4292,6120,6031
GUY,GUY.2_1,CASS,7.918,3.409,0.9349,0.1289,0.01186,0
GUY,GUY.3_1,CASS,0.4709,0.3768,0.3307,0.3714,0.4161,0.4572
GUY,GUY.4_1,CASS,0.06854,0.05246,0.04386,0.08943,0.09774,0.1075
GUY,GUY.5_1,CASS,0.07742,0.06486,0.05586,0.06242,0.07485,0.09402
GUY,GUY.6_1,CASS,0.01113,0.008976,0.007845,0.01334,0.0164,0.0187
GUY,GUY.7_1,CASS,0.161,0.1349,0.114,0.1545,0.1721,0.2099
GUY,GUY.8_1,CASS,131.7,114.3,99.29,79.1,60.03,44.27
GUY,GUY.9_1,CASS,7.062,3.538,1.622,0.6688,0.4073,0.684
HND,HND.10_1,CASS,4.116,3.454,3.189,2.914,2.662,2.367
HND,HND.12_1,CASS,0.7877,0.6556,0.5585,0.4573,0.3572,0.2526
HND,HND.13_1,CASS,5.217,3.813,3.884,3.914,3.901,3.608
HND,HND.14_1,CASS,2.28,1.48,1.648,1.689,1.831,1.604
HND,HND.15_1,CASS,5.959,6.042,6.14,6.335,6.533,6.259
HND,HND.16_1,CASS,17.55,17.57,17.16,17.44,17.04,16.95
HND,HND.17_1,CASS,0.2665,0.1811,0.1549,0.1437,0.1427,0.1271
HND,HND.18_1,CASS,3.256,2.974,2.572,2.217,1.887,1.568
HND,HND.1_1,CASS,6.445,5.522,4.663,4.017,3.451,2.907
HND,HND.2_1,CASS,0.02368,0.02024,0.01759,0.01546,0.01474,0.01363
HND,HND.3_1,CASS,2.584,2.364,2.119,1.896,1.661,1.374
HND,HND.4_1,CASS,0.7599,0.6471,0.5397,0.4455,0.3604,0.2788
HND,HND.5_1,CASS,6.221,5.794,5.517,5.666,5.462,5.383
HND,HND.6_1,CASS,0.3613,0.5166,0.4963,0.4968,0.5018,0.4817
HND,HND.7_1,CASS,4.603,4.431,4.585,4.647,4.75,4.798
HND,HND.8_1,CASS,6.95,6.602,6.084,5.714,5.428,5.222
HND,HND.9_1,CASS,15.88,18.57,20.18,23.29,25.55,24.56
HTI,HTI.10_1,CASS,0.3669,0.3497,0.332,0.3131,0.2959,0.2929
HTI,HTI.1_1,CASS,0.03085,0.03002,0.02819,0.02768,0.02943,0.02909
HTI,HTI.2_1,CASS,1.718,1.65,1.582,1.528,1.462,1.424
HTI,HTI.3_1,CASS,0.03991,0.03538,0.03078,0.02694,0.02417,0.02094
HTI,HTI.4_1,CASS,0.1378,0.1284,0.1183,0.114,0.1145,0.1087
HTI,HTI.5_1,CASS,0.08744,0.07479,0.06283,0.05151,0.0407,0.03193
HTI,HTI.6_1,CASS,0.09487,0.08347,0.07192,0.06372,0.05667,0.04939
HTI,HTI.7_1,CASS,0.04185,0.03479,0.0282,0.02212,0.01679,0.01252
HTI,HTI.8_1,CASS,0.06448,0.06256,0.06335,0.0651,0.07054,0.07364
HTI,HTI.9_1,CASS,0.07914,0.07426,0.06931,0.06723,0.06409,0.06622
IDN,IDN.10_1,CASS,0.03833,0.03322,0.03285,0.03537,0.04246,0.04036
IDN,IDN.11_1,CASS,0.03286,0.02583,0.02095,0.01855,0.01888,0.01641
IDN,IDN.12_1,CASS,1.341,1.103,0.9397,0.8582,0.8122,0.6577
IDN,IDN.13_1,CASS,0.2813,0.2259,0.1866,0.1716,0.1648,0.1375
IDN,IDN.14_1,CASS,2.098,1.666,1.352,1.158,1.009,0.7405
IDN,IDN.16_1,CASS,0.8992,0.7464,0.6313,0.5657,0.5189,0.3967
IDN,IDN.17_1,CASS,0.03761,0.03178,0.02754,0.0273,0.02721,0.02326
IDN,IDN.18_1,CASS,0.4133,0.3474,0.3095,0.3134,0.3224,0.2898
IDN,IDN.19_1,CASS,0.7903,0.6373,0.5458,0.5521,0.549,0.4764
IDN,IDN.1_1,CASS,0.33,0.2743,0.2444,0.234,0.2415,0.2402
IDN,IDN.20_1,CASS,0.1285,0.1035,0.08775,0.0881,0.08817,0.07943
IDN,IDN.21_1,CASS,0.1547,0.1464,0.145,0.1525,0.161,0.15
IDN,IDN.22_1,CASS,4.041,3.432,3.127,3.263,3.256,2.76
IDN,IDN.23_1,CASS,10.78,9.324,8.344,7.991,7.853,6.687
IDN,IDN.24_1,CASS,0.4207,0.3448,0.299,0.2802,0.2724,0.2408
IDN,IDN.25_1,CASS,1.183,0.9739,0.815,0.7207,0.6458,0.4776
IDN,IDN.26_1,CASS,0.07409,0.05934,0.04982,0.04806,0.04661,0.04174
IDN,IDN.27_1,CASS,0.9426,0.7448,0.6198,0.5904,0.5967,0.5715
IDN,IDN.28_1,CASS,0.4483,0.3877,0.3436,0.3604,0.3859,0.3692
IDN,IDN.29_1,CASS,0.4112,0.3549,0.3249,0.3722,0.381,0.3523
IDN,IDN.2_1,CASS,0.02348,0.01876,0.01583,0.015,0.01448,0.01363
IDN,IDN.30_1,CASS,0.1875,0.1644,0.1508,0.1585,0.1781,0.177
IDN,IDN.31_1,CASS,0.1715,0.1458,0.1307,0.1315,0.1387,0.1317
IDN,IDN.32_1,CASS,0.1105,0.09505,0.08592,0.08359,0.08507,0.07816
IDN,IDN.33_1,CASS,0.005878,0.00505,0.004382,0.00437,0.004352,0.003641
IDN,IDN.34_1,CASS,2.267,1.817,1.494,1.31,1.176,0.9044
IDN,IDN.35_1,CASS,3.479,3.001,2.66,2.558,2.532,2.179
IDN,IDN.3_1,CASS,1.152,1.031,0.9613,0.9888,1.015,0.9152
IDN,IDN.4_1,CASS,0.9389,0.7638,0.635,0.5543,0.488,0.3501
IDN,IDN.5_1,CASS,0.286,0.2486,0.23,0.2456,0.2643,0.2637
IDN,IDN.6_1,CASS,1.786,1.451,1.208,1.067,0.9449,0.6876
IDN,IDN.8_1,CASS,0.8503,0.6035,0.4331,0.3174,0.2496,0.2131
IDN,IDN.9_1,CASS,0.02728,0.02138,0.01756,0.01598,0.01533,0.01273
IND,IND.15_1,CASS,0,0,0,0,0,0
IND,IND.16_1,CASS,0.1009,0.08275,0.08848,0.1103,0.1039,0.1052
IND,IND.17_1,CASS,0.1106,0.09533,0.1037,0.1137,0.109,0.1116
IND,IND.19_1,CASS,0.01577,0.01283,0.01408,0.01655,0.0186,0.02262
IND,IND.1_1,CASS,0.4961,0.3698,0.351,0.3114,0.2486,0.2084
IND,IND.20_1,CASS,0.001902,0.001516,0.001533,0.001435,0.001196,0.001045
IND,IND.21_1,CASS,2.485,2.233,2.665,2.989,2.788,2.835
IND,IND.22_1,CASS,5.927,5.278,5.955,6.31,5.991,5.922
IND,IND.23_1,CASS,5.019,4.893,5.683,6.102,5.944,6.109
IND,IND.24_1,CASS,0.9473,0.8681,0.9956,1.052,0.9763,0.9569
IND,IND.26_1,CASS,0.1553,0.1174,0.1184,0.1291,0.1311,0.1368
IND,IND.27_1,CASS,0.08952,0.06801,0.06462,0.0558,0.04157,0.03061
IND,IND.29_1,CASS,0,0,0,0,0,0.003399
IND,IND.2_1,CASS,0.1532,0.105,0.08811,0.07455,0.05663,0.05402
IND,IND.31_1,CASS,0.1286,0.1665,0.2161,0.2429,0.2425,0.2557
IND,IND.32_1,CASS,8509,6460,6136,5291,3932,2886
IND,IND.33_1,CASS,0.4925,0.4934,0.695,0.7373,0.7139,0.7145
IND,IND.34_1,CASS,0,0,0,0,0,0
IND,IND.36_1,CASS,0.5093,0.4326,0.4541,0.4983,0.4313,0.4008
IND,IND.3_1,CASS,8.366,7.905,9.325,9.966,9.651,9.836
IND,IND.4_1,CASS,0.495,0.4708,0.5538,0.5868,0.5632,0.5751
IND,IND.7_1,CASS,0.3382,0.2554,0.2419,0.2131,0.1649,0.1245
JAM,JAM.10_1,CASS,0.3836,0.4998,0.5345,0.6483,0.5698,3.017
JAM,JAM.11_1,CASS,1.319,1.773,2.008,2.439,2.311,2.379
JAM,JAM.12_1,CASS,0.2462,0.306,0.3169,0.318,0.2705,0.2603
JAM,JAM.13_1,CASS,0.1658,0.2125,0.221,0.3425,0.3161,1.362
JAM,JAM.14_1,CASS,0.08943,0.09806,0.08664,0.07399,0.05013,0.091
JAM,JAM.1_1,CASS,0.0426,0.05278,0.05474,0.05795,0.06075,0.06186
JAM,JAM.2_1,CASS,0.1287,0.1347,0.1117,0.08765,0.04657,0.04498
JAM,JAM.4_1,CASS,0.1605,0.1843,0.1754,0.1619,0.1173,0.152
JAM,JAM.5_1,CASS,4.838,6.291,6.847,7.629,6.819,8.349
JAM,JAM.6_1,CASS,0.6366,0.7768,0.8101,0.8387,0.7138,0.7244
JAM,JAM.7_1,CASS,0.381,0.4636,0.4719,0.508,0.4266,0.7752
JAM,JAM.8_1,CASS,0.1286,0.1668,0.1736,0.1791,0.1896,0.1854
JAM,JAM.9_1,CASS,0.07896,0.09848,0.09987,0.1001,0.0932,0.3721
KEN,KEN.10_1,CASS,0.03098,0.03535,0.02148,0.02003,0.01798,0.01689
KEN,KEN.11_1,CASS,0.06056,0.06617,0.03762,0.03003,0.02474,0.02088
KEN,KEN.12_1,CASS,212.3,217.8,112.4,75.96,49.23,29.43
KEN,KEN.13_1,CASS,0.1908,0.2092,0.1171,0.08882,0.0691,0.05384
KEN,KEN.14_1,CASS,0.09108,0.1005,0.05527,0.04217,0.03485,0.02968
KEN,KEN.15_1,CASS,0.003633,0.005726,0.003783,0.003613,0.005563,0.005989
KEN,KEN.16_1,CASS,0.008683,0.01023,0.006467,0.005609,0.005858,0.006685
KEN,KEN.17_1,CASS,0.01862,0.02297,0.01414,0.01308,0.01306,0.01307
KEN,KEN.18_1,CASS,0.09122,0.09187,0.047,0.03238,0.02321,0.01725
KEN,KEN.19_1,CASS,0.09687,0.1195,0.07389,0.06606,0.07155,0.07196
KEN,KEN.1_1,CASS,0.3834,0.5985,0.3942,0.3837,0.3922,0.4441
KEN,KEN.20_1,CASS,0.2577,0.2688,0.1532,0.1306,0.1077,0.09473
KEN,KEN.21_1,CASS,0.4891,0.6037,0.3681,0.3191,0.283,0.2909
KEN,KEN.22_1,CASS,0.03765,0.04234,0.02442,0.02,0.01713,0.01536
KEN,KEN.23_1,CASS,0.039,0.04039,0.02131,0.01536,0.01288,0.01048
KEN,KEN.26_1,CASS,0.03509,0.04504,0.03008,0.02737,0.04077,0.04393
KEN,KEN.27_1,CASS,0.009108,0.009978,0.006097,0.005369,0.005103,0.005029
KEN,KEN.28_1,CASS,0.08561,0.1369,0.08227,0.06985,0.06485,0.06163
KEN,KEN.29_1,CASS,0.01797,0.01971,0.01183,0.01475,0.02676,0.02808
KEN,KEN.2_1,CASS,0,0,0,0,0,0
KEN,KEN.30_1,CASS,0.2006,0.2351,0.1467,0.1253,0.1443,0.1416
KEN,KEN.31_1,CASS,1.388,1.779,1.162,1.437,1.299,1.236
KEN,KEN.32_1,CASS,0.1444,0.1842,0.1251,0.1316,0.1285,0.131
KEN,KEN.33_1,CASS,0.09356,0.1117,0.07499,0.07278,0.07165,0.07044
KEN,KEN.34_1,CASS,0.4984,0.5606,0.3228,0.2629,0.2329,0.221
KEN,KEN.35_1,CASS,9.933,10.57,5.81,4.396,3.497,2.791
KEN,KEN.36_1,CASS,0.02557,0.03094,0.02266,0.0242,0.05162,0.05632
KEN,KEN.38_1,CASS,0.02019,0.0238,0.01527,0.01357,0.01285,0.01233
KEN,KEN.39_1,CASS,0.01837,0.01838,0.009939,0.007423,0.005869,0.005056
KEN,KEN.3_1,CASS,0.02686,0.03054,0.01848,0.01534,0.01407,0.0146
KEN,KEN.40_1,CASS,0.1488,0.1893,0.1163,0.1032,0.09569,0.09772
KEN,KEN.41_1,CASS,0.4838,0.5254,0.2931,0.223,0.1764,0.1386
KEN,KEN.42_1,CASS,0.1142,0.1376,0.09179,0.09187,0.1119,0.1375
KEN,KEN.43_1,CASS,0.03979,0.0391,0.03056,0.02658,0.02313,0.02135
KEN,KEN.44_1,CASS,0.2263,0.2412,0.1324,0.09821,0.07739,0.06411
KEN,KEN.45_1,CASS,0.03252,0.03549,0.02043,0.01591,0.01347,0.01118
KEN,KEN.47_1,CASS,0.9389,0.9478,0.7421,0.6935,0.6465,0.5827
KEN,KEN.4_1,CASS,0.03507,0.04887,0.03269,0.03242,0.03566,0.03906
KEN,KEN.5_1,CASS,2.977,4.033,2.755,2.656,2.699,2.92
KEN,KEN.6_1,CASS,0.4056,0.4145,0.2132,0.1484,0.1157,0.08855
KEN,KEN.7_1,CASS,2.219,2.398,1.357,1.033,0.8097,0.628
KEN,KEN.8_1,CASS,0.01167,0.01438,0.009087,0.008612,0.009564,0.01158
KEN,KEN.9_1,CASS,0.0307,0.03314,0.01836,0.01375,0.01052,0.007837
KHM,KHM.10_1,CASS,1.087,0.7834,0.6242,0.3879,0.2425,0.1902
KHM,KHM.11_1,CASS,2.741,2.663,2.494,2.321,2.108,1.945
KHM,KHM.12_1,CASS,0.09167,0.08427,0.07582,0.07003,0.06131,0.0543
KHM,KHM.13_1,CASS,1.261,1.024,0.7918,0.5841,0.3934,0.4358
KHM,KHM.14_1,CASS,3.146,3.237,3.191,3.074,2.924,2.773
KHM,KHM.15_1,CASS,1.19,1.233,1.223,1.226,1.162,1.106
KHM,KHM.16_1,CASS,0.07898,0.07169,0.06411,0.05639,0.04851,0.0425
KHM,KHM.17_1,CASS,1.04,1.08,1.041,1.021,0.9959,0.9443
KHM,KHM.18_1,CASS,2.159,2.221,2.232,2.23,2.188,2.128
KHM,KHM.19_1,CASS,0.02232,0.01933,0.01626,0.01315,0.01009,0.007407
KHM,KHM.1_1,CASS,0.08052,0.07218,0.06362,0.05567,0.04779,0.04066
KHM,KHM.20_1,CASS,1.993,2.021,1.958,1.874,1.814,1.799
KHM,KHM.21_1,CASS,1.041,1.087,1.042,1.045,0.9913,0.9312
KHM,KHM.22_1,CASS,4.33,4.32,4.168,4.216,4.105,3.843
KHM,KHM.23_1,CASS,0.1036,0.08925,0.07502,0.06254,0.04854,0.03512
KHM,KHM.24_1,CASS,0.01054,0.01621,0.03764,0.03767,0.03557,0.03463
KHM,KHM.25_1,CASS,0.3474,0.3025,0.2566,0.2143,0.1709,0.1372
KHM,KHM.2_1,CASS,0.2174,0.2007,0.1805,0.1651,0.146,0.128
KHM,KHM.3_1,CASS,0.3531,0.3187,0.2781,0.2402,0.2054,0.1719
KHM,KHM.4_1,CASS,0.06607,0.06399,0.06301,0.06094,0.05802,0.05658
KHM,KHM.5_1,CASS,0.727,0.6059,0.4967,0.428,0.3911,0.359
KHM,KHM.6_1,CASS,0.8653,0.8548,0.8233,0.7793,0.7145,0.6596
KHM,KHM.7_1,CASS,0.4761,0.441,0.3843,0.3242,0.2662,0.216
KHM,KHM.8_1,CASS,0.1328,0.1208,0.1096,0.1233,0.1092,0.09941
KHM,KHM.9_1,CASS,1.736,1.783,1.83,1.899,1.842,1.836
LAO,LAO.10_1,CASS,9.759,10.57,11.21,12.12,12.71,12.68
LAO,LAO.11_1,CASS,0.4632,0.5239,0.6,0.6368,0.6371,0.6217
LAO,LAO.12_1,CASS,0.8114,0.7739,0.744,0.7077,0.6777,0.6199
LAO,LAO.13_1,CASS,1.196,1.321,1.469,1.946,2.234,2.458
LAO,LAO.14_1,CASS,3.656,3.875,4.092,4.782,5.268,5.367
LAO,LAO.15_1,CASS,0.8361,0.8669,0.8905,0.9864,1.058,1.034
LAO,LAO.16_1,CASS,6.988,7.564,8.115,10.37,11.26,11.64
LAO,LAO.17_1,CASS,0.9341,0.9827,1.021,1.074,1.126,1.161
LAO,LAO.18_1,CASS,4.095,4.51,4.917,5.594,5.954,6.067
LAO,LAO.1_1,CASS,1.029,1.068,1.138,1.239,1.262,1.198
LAO,LAO.2_1,CASS,15.89,15.83,16.66,18.38,19.26,18.99
LAO,LAO.3_1,CASS,4.364,4.762,5.244,6.11,6.616,6.815
LAO,LAO.4_1,CASS,0.3027,0.3713,0.4421,0.4838,0.5055,0.516
LAO,LAO.5_1,CASS,4.27,4.236,4.166,4.373,4.326,4.15
LAO,LAO.6_1,CASS,2.8,2.803,2.991,3.241,3.33,3.253
LAO,LAO.7_1,CASS,10.19,10.52,10.71,11.08,11.49,11.88
LAO,LAO.8_1,CASS,5.962,6.171,6.281,6.673,6.837,6.665
LAO,LAO.9_1,CASS,7.304,7.534,7.804,8.444,8.612,8.382
LBR,LBR.10_1,CASS,3.93,3.961,3.813,3.808,3.783,3.618
LBR,LBR.11_1,CASS,3.015,3.146,3.31,3.523,3.794,3.877
LBR,LBR.12_1,CASS,30.2,31.09,32.78,33.69,36.33,37.62
LBR,LBR.13_1,CASS,7.664,7.431,6.947,6.575,6.541,6.179
LBR,LBR.14_1,CASS,9.578,9.379,8.59,7.908,7.39,6.869
LBR,LBR.15_1,CASS,5.199,5.179,4.993,4.849,4.789,4.645
LBR,LBR.1_1,CASS,5.558,5.699,5.721,6.004,6.297,6.403
LBR,LBR.2_1,CASS,17.68,18.65,18.95,19.09,19.78,19.97
LBR,LBR.3_1,CASS,6.749,7.224,7.215,7.47,7.661,7.76
LBR,LBR.4_1,CASS,4.95,5.012,5.123,5.376,5.528,5.65
LBR,LBR.5_1,CASS,4.665,4.761,4.771,4.841,4.937,4.898
LBR,LBR.6_1,CASS,13.04,13,12.92,13.07,13.75,13.81
LBR,LBR.7_1,CASS,5.213,5.32,5.168,5.127,5.1,4.866
LBR,LBR.8_1,CASS,13.73,13.71,13.56,13.8,13.75,13.37
LBR,LBR.9_1,CASS,2.359,2.458,2.51,2.609,2.728,2.776
LCA,LCA.10_1,CASS,2.946,2.535,2.155,1.77,1.387,1.012
LCA,LCA.1_1,CASS,2.614,2.234,1.883,1.53,1.196,0.8836
LCA,LCA.2_1,CASS,1.754,1.547,1.358,1.165,0.9738,0.7877
LCA,LCA.3_1,CASS,0.1096,0.09379,0.07912,0.06428,0.05054,0.0381
LCA,LCA.4_1,CASS,7.094,6.173,5.326,4.488,3.686,2.954
LCA,LCA.5_1,CASS,0.7228,0.5892,0.4715,0.3654,0.2746,0.194
LCA,LCA.6_1,CASS,0.581,0.5346,0.4942,0.4526,0.5535,0.5074
LCA,LCA.7_1,CASS,10.82,9.413,8.123,6.819,5.531,4.329
LCA,LCA.8_1,CASS,3.391,2.934,2.519,2.105,1.701,1.316
LCA,LCA.9_1,CASS,6.934,6.004,5.152,4.299,3.456,2.716
LKA,LKA.10_1,CASS,0.624,0.6206,0.6022,0.4909,0.5266,0.4738
LKA,LKA.11_1,CASS,0.1007,0.1072,0.111,0.09797,0.1111,0.1083
LKA,LKA.12_1,CASS,0.4478,0.4753,0.492,0.4305,0.4946,0.4829
LKA,LKA.13_1,CASS,0.07005,0.062330000000000003,0.05376,0.04093,0.0381,0.03263
LKA,LKA.14_1,CASS,0.04692,0.04554,0.04591,0.0387,0.0401,0.03623
LKA,LKA.15_1,CASS,0.1997,0.1988,0.2139,0.1932,0.2172,0.1948
LKA,LKA.16_1,CASS,0.1825,0.1712,0.1585,0.1254,0.1327,0.1197
LKA,LKA.17_1,CASS,0.1993,0.2028,0.2227,0.1867,0.2119,0.2022
LKA,LKA.18_1,CASS,0.06814,0.06404,0.0605,0.05666,0.07072,0.07708
LKA,LKA.19_1,CASS,0.2457,0.2515,0.2423,0.1947,0.2162,0.1968
LKA,LKA.1_1,CASS,0.04518,0.04017,0.0365,0.02996,0.03496,0.04304
LKA,LKA.20_1,CASS,0.2513,0.2402,0.2453,0.2466,0.3016,0.3285
LKA,LKA.21_1,CASS,0.08798,0.07928,0.07067,0.05472,0.05374,0.04247
LKA,LKA.22_1,CASS,0.02396,0.02156,0.01987,0.01592,0.01601,0.01632
LKA,LKA.23_1,CASS,0.3228,0.3675,0.3859,0.3547,0.4217,0.4153
LKA,LKA.24_1,CASS,0.1085,0.08388,0.06488,0.04255,0.04036,0.03749
LKA,LKA.25_1,CASS,0.1327,0.1408,0.142,0.1318,0.1574,0.1596
LKA,LKA.2_1,CASS,0.1005,0.09284,0.08706,0.06731,0.06912,0.06008
LKA,LKA.3_1,CASS,0.08411,0.08284,0.0988,0.09229,0.1134,0.1344
LKA,LKA.4_1,CASS,0.01869,0.01745,0.01675,0.01434,0.01722,0.01788
LKA,LKA.5_1,CASS,0.7172,0.6201,0.5475,0.3871,0.3434,0.2299
LKA,LKA.6_1,CASS,0.05738,0.05527,0.05469,0.04499,0.04873,0.04224
LKA,LKA.7_1,CASS,0.1488,0.1454,0.1347,0.1063,0.109,0.09126
LKA,LKA.8_1,CASS,0.03814,0.03467,0.03303,0.02605,0.02689,0.02584
LKA,LKA.9_1,CASS,0.007253,0.006579,0.006011,0.004693,0.004771,0.004164
MDG,MDG.1_1,CASS,1.395,1.337,1.285,1.212,1.114,1.092
MDG,MDG.2_1,CASS,3.126,2.818,2.539,2.297,1.979,1.706
MDG,MDG.3_1,CASS,2.332,2.378,2.527,2.627,2.538,2.656
MDG,MDG.4_1,CASS,4.978,4.515,4.159,3.661,3.176,2.837
MDG,MDG.5_1,CASS,8.038,7.123,6.381,5.647,4.839,4.425
MDG,MDG.6_1,CASS,3.803,3.803,3.783,3.661,3.458,3.344
MEX,MEX.12_1,CASS,1.076,0.7287,0.5293,0.2983,0.1642,0.1338
MEX,MEX.15_1,CASS,0.05871,0.06097,0.069,0.07046,0.07639,0.07014
MEX,MEX.16_1,CASS,0.04833,0.03383,0.02672,0.01756,0.01146,0.007559
MEX,MEX.17_1,CASS,0.04089,0.03743,0.03635,0.03568,0.03107,0.02504
MEX,MEX.21_1,CASS,0.04565,0.04239,0.04416,0.05687,0.05357,0.04854
MEX,MEX.23_1,CASS,307.3,300.5,339.2,340.4,327.9,299.5
MEX,MEX.27_1,CASS,0.4613,0.4843,0.5321,0.5313,0.5735,0.5732
MEX,MEX.30_1,CASS,1.698,1.564,1.609,1.437,1.33,1.179
MEX,MEX.31_1,CASS,34.29,33.01,36.38,37.11,41.43,40.89
MEX,MEX.4_1,CASS,24.01,23.27,33.16,35.92,41.89,38.49
MEX,MEX.5_1,CASS,0.6893,0.6682,0.7268,0.7156,0.7225,0.6791
MLI,MLI.1_1,CASS,0,0,0,0.003287,0.002545,0.002666
MLI,MLI.3_1,CASS,0.09105,0.1143,0.1166,0.1519,0.1469,0.2087
MLI,MLI.5_1,CASS,0.01818,0.02327,0.02307,0.02287,0.01994,0.02272
MLI,MLI.6_1,CASS,0.003052,0.005113,0.004791,0.004069,0.00269,0.00264
MLI,MLI.7_1,CASS,0.01659,0.0234,0.02345,0.0217,0.01617,0.01747
MLI,MLI.8_1,CASS,0.08834,0.1179,0.1185,0.1216,0.09969,0.1146
MMR,MMR.10_1,CASS,0.01355,0.01543,0.02494,0.03169,0.02404,0.03179
MMR,MMR.11_1,CASS,0.5948,0.7259,0.9243,1.277,1.051,1.104
MMR,MMR.12_1,CASS,0.3784,0.4649,0.5656,0.7399,0.5872,0.5857
MMR,MMR.13_1,CASS,2.076,1.746,1.7,1.812,1.885,1.767
MMR,MMR.14_1,CASS,7.974,9.982,12.71,16.79,13.6,14.07
MMR,MMR.1_1,CASS,1.754,1.383,1.038,0.6396,0.1338,0
MMR,MMR.2_1,CASS,346.6,364.3,394.7,426.5,272.3,215.4
MMR,MMR.3_1,CASS,3.78,4.41,5.507,7.113,6.173,6.388
MMR,MMR.4_1,CASS,3.317,4.187,5.164,6.669,5.345,5.484
MMR,MMR.5_1,CASS,0.06454,0.06426,0.07172,0.09046,0.09917,0.0936
MMR,MMR.6_1,CASS,0.1251,0.1085,0.1124,0.1259,0.1537,0.1508
MMR,MMR.7_1,CASS,0.1269,0.1528,0.1928,0.2732,0.2241,0.2358
MMR,MMR.8_1,CASS,0.2832,0.3762,0.5216,0.7948,0.6606,0.6995
MMR,MMR.9_1,CASS,2.125,2.871,3.916,5.452,4.524,4.941
MOZ,MOZ.10_1,CASS,0.3562,0.332,0.3047,0.2742,0.2464,0.2489
MOZ,MOZ.11_1,CASS,1.337,1.332,1.265,1.123,1.005,1.066
MOZ,MOZ.1_1,CASS,0.9693,0.8173,0.6667,0.4847,0.3807,0.3397
MOZ,MOZ.2_1,CASS,0.322,0.3036,0.2668,0.2067,0.1648,0.1611
MOZ,MOZ.3_1,CASS,1.754,1.358,1.011,0.6465,0.4262,0.3329
MOZ,MOZ.4_1,CASS,0.8968,0.8842,0.8833,0.8071,0.7541,0.7825
MOZ,MOZ.5_1,CASS,0.2099,0.1719,0.1363,0.09276,0.06401,0.04958
MOZ,MOZ.6_1,CASS,0.3358,0.2814,0.2281,0.1587,0.111,0.08734
MOZ,MOZ.7_1,CASS,0.4952,0.4397,0.3851,0.3003,0.2563,0.2534
MOZ,MOZ.8_1,CASS,0.9485,0.8457,0.7391,0.6242,0.5398,0.5121
MOZ,MOZ.9_1,CASS,1.711,1.497,1.301,0.9994,0.7824,0.7092
MRT,MRT.13_1,CASS,0,0,0.001696,0.001834,0.00234,0.008758
MRT,MRT.3_1,CASS,0.009814,0.03063,0.04892,0.07555,0.08578,0.08309
MRT,MRT.6_1,CASS,0,0,0,0,0,0
MUS,MUS.12_1,CASS,0.3632,0.1718,0.1298,0.09338,0.06859,0.06174
MUS,MUS.2_1,CASS,0.362,0.1737,0.1337,0.09914,0.07609,0.08653
MUS,MUS.3_1,CASS,0.5487,0.2678,0.2104,0.1595,0.1256,0.1244
MUS,MUS.4_1,CASS,0.3452,0.1676,0.1307,0.09817,0.07647,0.07484
MUS,MUS.5_1,CASS,3.304,1.624,1.287,0.9853,0.7838,0.7845
MUS,MUS.6_1,CASS,0.2088,0.1019,0.07997,0.06056,0.04752,0.04983
MUS,MUS.7_1,CASS,0.2873,0.1342,0.0998,0.07049,0.05031,0.04308
MUS,MUS.8_1,CASS,1.686,0.8268,0.6522,0.4963,0.3914,0.3871
MUS,MUS.9_1,CASS,0.3551,0.168,0.1267,0.09098,0.06641,0.06337
MWI,MWI.11_1,CASS,0.07156,0.08092,0.08019,0.07779,0.07747,0.07299
MWI,MWI.12_1,CASS,0.03683,0.03944,0.04331,0.04694,0.0466,0.05256
MWI,MWI.13_1,CASS,0.04981,0.05713,0.05993,0.06775,0.07063,0.07918
MWI,MWI.14_1,CASS,0.008647,0.008901,0.008149,0.00798,0.008481,0.008697
MWI,MWI.15_1,CASS,0.3172,0.3211,0.3269,0.4672,0.4587,0.5096
MWI,MWI.16_1,CASS,0.005089,0.004561,0.00499,0.005052,0.005775,0.005752
MWI,MWI.17_1,CASS,0.2895,0.281,0.2796,0.2886,0.3187,0.3642
MWI,MWI.18_1,CASS,0.05699,0.05028,0.04553,0.04206,0.03965,0.03873
MWI,MWI.19_1,CASS,0.9457,0.9781,0.9894,1.057,1.091,1.133
MWI,MWI.1_1,CASS,0.01346,0.01105,0.009182,0.00739,0.005623,0.00417
MWI,MWI.20_1,CASS,0.03341,0.03529,0.03586,0.04017,0.04304,0.04528
MWI,MWI.21_1,CASS,0.02485,0.0224,0.01961,0.01819,0.01616,0.01533
MWI,MWI.22_1,CASS,0.0267,0.0253,0.02401,0.02433,0.02206,0.02047
MWI,MWI.23_1,CASS,0.04673,0.04246,0.04026,0.03826,0.03641,0.03246
MWI,MWI.24_1,CASS,0.05873,0.06891,0.1098,0.2787,0.2851,0.2883
MWI,MWI.25_1,CASS,0.04666,0.05023,0.05098,0.0538,0.06528,0.0799
MWI,MWI.26_1,CASS,0.00628,0.005996,0.005572,0.005159,0.005243,0.004834
MWI,MWI.27_1,CASS,0.1142,0.1108,0.1349,0.1469,0.15310000000000001,0.1517
MWI,MWI.28_1,CASS,0.07775,0.07568,0.08616,0.09023,0.08556,0.08876
MWI,MWI.2_1,CASS,0.033890000000000003,0.02951,0.03816,0.04999,0.06067,0.06045
MWI,MWI.3_1,CASS,0.02489,0.02073,0.01701,0.0138,0.01367,0.01282
MWI,MWI.4_1,CASS,0.03608,0.0338,0.03318,0.03709,0.03971,0.04199
MWI,MWI.5_1,CASS,0.1932,0.1986,0.1952,0.204,0.2114,0.2224
MWI,MWI.6_1,CASS,0.04087,0.04466,0.0448,0.04228,0.04191,0.03905
MWI,MWI.7_1,CASS,0.003423,0.002554,0.001873,0.001299,8.24e-4,6.515e-4
MWI,MWI.8_1,CASS,0.04156,0.04294,0.04264,0.04783,0.0503,0.05271
MWI,MWI.9_1,CASS,0.01865,0.01987,0.02049,0.02284,0.02826,0.03109
MYS,MYS.10_1,CASS,0.03852,0.03957,0.04154,0.04363,0.05824,0.05643
MYS,MYS.11_1,CASS,0.06414,0.05252,0.04075,0.03116,0.02639,0.01847
MYS,MYS.12_1,CASS,0.07311,0.07052,0.06166,0.05511,0.05566,0.04907
MYS,MYS.13_1,CASS,3.268,2.811,2.395,2.059,2.019,1.829
MYS,MYS.14_1,CASS,5.397,4.459,3.537,2.855,2.752,2.492
MYS,MYS.15_1,CASS,0.49,0.4183,0.3365,0.2705,0.2458,0.1905
MYS,MYS.16_1,CASS,13.88,12.05,10.04,8.428,8.814,7.518
MYS,MYS.1_1,CASS,0.8213,0.7747,0.7046,0.6612,0.7057,0.6515
MYS,MYS.2_1,CASS,0.8366,0.742,0.6146,0.5161,0.5057,0.4485
MYS,MYS.3_1,CASS,0.7304,0.6959,0.6586,0.6463,0.7438,0.7089
MYS,MYS.5_1,CASS,0.5162,0.4901,0.5207,0.4851,0.5092,0.4724
MYS,MYS.6_1,CASS,1.481,1.273,1.043,0.8548,0.8032,0.6425
MYS,MYS.7_1,CASS,2.903,2.622,2.292,2.078,2.155,2.016
MYS,MYS.8_1,CASS,18.11,17.58,15.29,13.98,14.92,13.75
MYS,MYS.9_1,CASS,1.583,1.074,0.6793,0.387,0.2092,0.1257
NAM,NAM.13_1,CASS,0.03572,0.03196,0.03196,0.02399,0.04453,0.03779
NAM,NAM.4_1,CASS,0.004837,0.005476,0.004638,0.00454,0.004462,0.004975
NAM,NAM.7_1,CASS,0.2445,0.2014,0.1545,0.1142,0.0796,0.05466
NCL,NCL.2_1,CASS,0.3966,0.3556,0.3108,0.2975,0.2694,0.2054
NCL,NCL.3_1,CASS,0.74,0.677,0.5964,0.5684,0.5153,0.4038
NER,NER.3_1,CASS,8.283e-5,1.304e-4,3.809e-5,4.922e-5,2.815e-5,2.529e-5
NER,NER.6_1,CASS,0,0,0,0,0,0
NER,NER.7_1,CASS,1.333e-4,2.183e-4,6.693e-5,9.175e-5,1.012e-4,0.00104
NGA,NGA.10_1,CASS,0.1163,0.1144,0.1372,0.1306,0.1378,0.1621
NGA,NGA.11_1,CASS,0.1478,0.1543,0.1532,0.1451,0.1505,0.1491
NGA,NGA.12_1,CASS,0.9238,0.9461,1.019,1.018,1.117,1.209
NGA,NGA.13_1,CASS,0.5359,0.6216,0.6541,0.6793,0.7694,0.8315
NGA,NGA.14_1,CASS,0.01425,0.01645,0.01658,0.01665,0.02345,0.02934
NGA,NGA.15_1,CASS,0.04913,0.05249,0.06004,0.06159,0.07621,0.08748
NGA,NGA.16_1,CASS,0.004457,0.004063,0.003836,0.004019,0.005314,0.007264
NGA,NGA.17_1,CASS,0.2172,0.1998,0.1851,0.1746,0.1771,0.1784
NGA,NGA.18_1,CASS,0.009049,0.008108,0.008839,0.01421,0.06888,0.09644
NGA,NGA.19_1,CASS,0.03145,0.03374,0.04039,0.04726,0.05249,0.0653
NGA,NGA.1_1,CASS,0.1407,0.1428,0.1475,0.1483,0.156,0.1628
NGA,NGA.20_1,CASS,0.02054,0.02247,0.02449,0.04273,0.05411,0.0571
NGA,NGA.21_1,CASS,0.003283,0.003064,0.003664,0.003766,0.003938,0.003763
NGA,NGA.22_1,CASS,0.1691,0.1544,0.1287,0.1164,0.1017,0.0877
NGA,NGA.23_1,CASS,0.197,0.2093,0.2528,0.273,0.3559,0.3922
NGA,NGA.24_1,CASS,0.2209,0.2149,0.2149,0.2148,0.2449,0.2593
NGA,NGA.25_1,CASS,0.2214,0.2651,0.2862,0.308,0.3283,0.3446
NGA,NGA.26_1,CASS,0.07111,0.06417,0.05967,0.05393,0.05646,0.06023
NGA,NGA.27_1,CASS,0.2509,0.2744,0.2578,0.2445,0.248,0.245
NGA,NGA.28_1,CASS,0.6171,0.6704,0.6722,0.6837,0.748,0.848
NGA,NGA.29_1,CASS,0.1209,0.1259,0.1278,0.1344,0.1558,0.176
NGA,NGA.2_1,CASS,0.173,0.1648,0.1676,0.1648,0.1753,0.1773
NGA,NGA.30_1,CASS,0.1699,0.1794,0.1802,0.1897,0.2019,0.2209
NGA,NGA.31_1,CASS,0.07434,0.06718,0.05888,0.05475,0.05203,0.05254
NGA,NGA.32_1,CASS,0.03428,0.04075,0.04998,0.06651,0.09479,0.1161
NGA,NGA.33_1,CASS,0.5481,0.5235,0.5287,0.546,0.6344,0.6972
NGA,NGA.34_1,CASS,0.0138,0.01491,0.0134,0.0126,0.01371,0.01649
NGA,NGA.35_1,CASS,0.08682,0.08613,0.09598,0.1026,0.1319,0.1572
NGA,NGA.36_1,CASS,0.03946,0.0357,0.03169,0.02855,0.02772,0.02623
NGA,NGA.37_1,CASS,0.007973,0.007952,0.007545,0.007006,0.008049,0.009348
NGA,NGA.3_1,CASS,0.2673,0.2751,0.2996,0.3093,0.3241,0.3371
NGA,NGA.4_1,CASS,0.01115,0.00985,0.009474,0.008661,0.007893,0.008114
NGA,NGA.5_1,CASS,0.07092,0.06552,0.08029,0.114,0.1585,0.1957
NGA,NGA.6_1,CASS,0.1431,0.1425,0.1747,0.1666,0.1804,0.2113
NGA,NGA.7_1,CASS,0.009638,0.00805,0.00675,0.005801,0.005605,0.005866
NGA,NGA.8_1,CASS,0.00575,0.005232,0.00654,0.00722,0.008178,0.01633
NGA,NGA.9_1,CASS,0.0758,0.07718,0.07156,0.07125,0.07006,0.07146
NIC,NIC.10_1,CASS,0.2564,0.2773,0.2454,0.2284,0.2589,0.2157
NIC,NIC.11_1,CASS,0.04402,0.03437,0.03116,0.02566,0.03265,0.02249
NIC,NIC.12_1,CASS,0.02055,0.01725,0.01635,0.01325,0.01663,0.0116
NIC,NIC.13_1,CASS,0.02959,0.02263,0.02031,0.01618,0.01979,0.01333
NIC,NIC.14_1,CASS,0.01517,0.01174,0.01082,0.008979,0.01469,0.01182
NIC,NIC.15_1,CASS,0.1822,0.1441,0.134,0.1216,0.1652,0.1232
NIC,NIC.16_1,CASS,2.461,2.266,2.329,2.154,2.497,2.505
NIC,NIC.17_1,CASS,0.2054,0.1636,0.1453,0.1266,0.1823,0.1384
NIC,NIC.18_1,CASS,0.04295,0.03382,0.0315,0.0271,0.03789,0.02756
NIC,NIC.1_1,CASS,0.7203,0.589,0.5473,0.4899,0.6613,0.4835
NIC,NIC.2_1,CASS,0.354,0.2832,0.2673,0.2377,0.3291,0.2388
NIC,NIC.3_1,CASS,0.04909,0.03666,0.03131,0.02452,0.02993,0.01938
NIC,NIC.4_1,CASS,0.05482,0.04523,0.04166,0.034,0.04263,0.02975
NIC,NIC.5_1,CASS,0.04881,0.0393,0.03765,0.03245,0.04396,0.0323
NIC,NIC.6_1,CASS,0.0423,0.03257,0.02907,0.02366,0.02934,0.02028
NIC,NIC.7_1,CASS,0.003549,0.002704,0.002368,0.001893,0.00235,0.001756
NIC,NIC.8_1,CASS,0.03709,0.02929,0.02742,0.02316,0.03302,0.02355
NIC,NIC.9_1,CASS,6.498,6.42,6.289,6.928,8.214,8.157
PAN,PAN.10_1,CASS,1.148,1.09,1.262,1.504,1.497,1.532
PAN,PAN.11_1,CASS,0.3073,0.2658,0.2776,0.3292,0.3141,0.32
PAN,PAN.12_1,CASS,0.7812,0.6675,0.6905,0.7343,0.657,0.5907
PAN,PAN.13_1,CASS,0.171,0.1586,0.1792,0.2164,0.2017,0.2068
PAN,PAN.1_1,CASS,0.6305,0.6119,0.6127,0.7074,0.7386,0.7613
PAN,PAN.2_1,CASS,0.2516,0.2081,0.2164,0.2394,0.2172,0.2122
PAN,PAN.3_1,CASS,0.07593,0.06935,0.07671,0.08166,0.07702,0.07714
PAN,PAN.4_1,CASS,1.45,1.241,1.265,1.435,1.344,1.362
PAN,PAN.5_1,CASS,0.4967,0.4001,0.3926,0.4017,0.3504,0.3061
PAN,PAN.6_1,CASS,1.225,1.073,1.199,1.326,1.281,1.267
PAN,PAN.7_1,CASS,0.2185,0.1393,0.1032,0.07676,0.04967,0.03493
PAN,PAN.8_1,CASS,90.29,69.62,65.65,61.28,46.23,34.02
PAN,PAN.9_1,CASS,0.04535,0.03984,0.04316,0.04677,0.04347,0.04423
PER,PER.10_1,CASS,2.111,2.171,2.085,2.016,2.096,2.135
PER,PER.12_1,CASS,1.46,1.583,1.513,1.463,1.552,1.566
PER,PER.13_1,CASS,0.04872,0.04315,0.03568,0.02888,0.02557,0.02029
PER,PER.14_1,CASS,0.1842,0.1553,0.1214,0.1045,0.08557,0.06263
PER,PER.17_1,CASS,3.26,3.1,2.849,2.609,2.652,2.497
PER,PER.18_1,CASS,5.072,5.521,5.642,5.52,6.097,6.097
PER,PER.1_1,CASS,0.5463,0.5432,0.5623,0.5437,0.6146,0.6218
PER,PER.20_1,CASS,2.334,2.427,2.321,2.208,2.26,2.259
PER,PER.21_1,CASS,0.2741,0.2783,0.2536,0.2368,0.2405,0.2383
PER,PER.22_1,CASS,3.02,3.03,2.763,2.486,2.562,2.461
PER,PER.23_1,CASS,0.8923,0.8666,0.8062,0.7461,0.784,0.7671
PER,PER.25_1,CASS,0.03034,0.02538,0.01916,0.01736,0.01518,0.0139
PER,PER.26_1,CASS,2.03,2.102,2.123,2.059,2.207,2.229
PER,PER.3_1,CASS,0.04902,0.04571,0.03928,0.03322,0.03111,0.02664
PER,PER.5_1,CASS,0.79990000000000006,0.8016,0.7406,0.6731,0.7013,0.6998
PER,PER.6_1,CASS,0.4621,0.4571,0.4446,0.4188,0.4719,0.4929
PER,PER.8_1,CASS,1.179,1.235,1.173,1.102,1.206,1.21
PER,PER.9_1,CASS,0.2437,0.2473,0.2244,0.2004,0.202,0.1828
PHL,PHL.10_1,CASS,0.0157,0.01579,0.0174,0.01577,0.01668,0.01567
PHL,PHL.12_1,CASS,0.01375,0.01092,0.008471,0.007616,0.008627,0.007702
PHL,PHL.13_1,CASS,0.05316,0.04148,0.03175,0.02711,0.02505,0.02103
PHL,PHL.14_1,CASS,6.127e-4,4.124e-4,2.43e-4,1.142e-4,3.163e-5,0
PHL,PHL.15_1,CASS,0.1646,0.147,0.1371,0.1157,0.1023,0.07824
PHL,PHL.16_1,CASS,0.1249,0.1161,0.1054,0.09476,0.09166,0.07785
PHL,PHL.17_1,CASS,0.1244,0.1131,0.1069,0.09883,0.1003,0.0912
PHL,PHL.18_1,CASS,0.1526,0.1448,0.1324,0.1224,0.1175,0.1018
PHL,PHL.19_1,CASS,0.4904,0.4912,0.4901,0.5017,0.5333,0.5266
PHL,PHL.1_1,CASS,0.8538,0.5946,0.3673,0.1803,0.05798,0.01528
PHL,PHL.20_1,CASS,0.07541,0.07711,0.07597,0.0721,0.07364,0.06951
PHL,PHL.21_1,CASS,0.1071,0.1026,0.09494,0.08749,0.1282,0.115
PHL,PHL.22_1,CASS,0.1179,0.1167,0.1192,0.1186,0.1257,0.1162
PHL,PHL.23_1,CASS,0.1019,0.09667,0.08893,0.08188,0.08832,0.07897
PHL,PHL.24_1,CASS,0.01438,0.01423,0.01417,0.01434,0.0176,0.01771
PHL,PHL.25_1,CASS,0.03631,0.03328,0.03107,0.02719,0.02499,0.0206
PHL,PHL.26_1,CASS,0.1636,0.1629,0.1614,0.1581,0.17,0.1609
PHL,PHL.27_1,CASS,0.1289,0.1354,0.1372,0.1499,0.178,0.1827
PHL,PHL.28_1,CASS,0.03127,0.03137,0.03119,0.03062,0.03427,0.0341
PHL,PHL.29_1,CASS,0.2499,0.263,0.2609,0.2624,0.2801,0.2606
PHL,PHL.2_1,CASS,0.07238,0.06711,0.06035,0.05289,0.05374,0.04891
PHL,PHL.30_1,CASS,0.06628,0.05763,0.06592,0.05586,0.05452,0.05099
PHL,PHL.31_1,CASS,0.1171,0.1193,0.1137,0.1088,0.1139,0.1056
PHL,PHL.32_1,CASS,74.41,47.38,27.6,12.63,3.159,0
PHL,PHL.33_1,CASS,0.07705,0.07283,0.06452,0.05962,0.06199,0.06092
PHL,PHL.34_1,CASS,0.03656,0.03559,0.03602,0.03543,0.03634,0.03274
PHL,PHL.35_1,CASS,0.02291,0.01781,0.01335,0.009709,0.008314,0.008201
PHL,PHL.36_1,CASS,0.171,0.1622,0.1551,0.1451,0.1445,0.1253
PHL,PHL.37_1,CASS,0.08827,0.08805,0.08442,0.08102,0.08366,0.07831
PHL,PHL.38_1,CASS,0.358,0.252,0.1575,0.08949,0.04777,0.02687
PHL,PHL.39_1,CASS,0.05724,0.05083,0.04355,0.03635,0.03264,0.02583
PHL,PHL.3_1,CASS,0.3517,0.3414,0.3236,0.3053,0.3228,0.3107
PHL,PHL.40_1,CASS,0.09825,0.09967,0.1063,0.1115,0.123,0.1282
PHL,PHL.41_1,CASS,0.1288,0.1335,0.1299,0.1269,0.1317,0.1247
PHL,PHL.42_1,CASS,0.3393,0.3228,0.3019,0.2817,0.2901,0.2556
PHL,PHL.43_1,CASS,0.1072,0.1038,0.09944,0.09306,0.09324,0.08416
PHL,PHL.44_1,CASS,0.2001,0.1767,0.1588,0.1404,0.1434,0.1441
PHL,PHL.45_1,CASS,0.08337,0.07441,0.06492,0.05622,0.05183,0.04376
PHL,PHL.46_1,CASS,0.0341,0.02957,0.02516,0.02169,0.02141,0.03288
PHL,PHL.47_1,CASS,0.003903,0.002771,0.001566,7.238e-4,2.599e-4,0
PHL,PHL.48_1,CASS,0.09441,0.1025,0.102,0.1002,0.1063,0.1011
PHL,PHL.49_1,CASS,0.123,0.1166,0.106,0.09475,0.09051,0.07865
PHL,PHL.4_1,CASS,0.06381,0.057,0.05072,0.04302,0.03795,0.02875
PHL,PHL.50_1,CASS,0.3947,0.2913,0.1926,0.1151,0.05896,0.0288
PHL,PHL.51_1,CASS,0.1618,0.1494,0.1376,0.1189,0.109,0.08752
PHL,PHL.52_1,CASS,0.07415,0.07203,0.06554,0.05784,0.05356,0.04378
PHL,PHL.53_1,CASS,0.3145,0.2881,0.2535,0.2201,0.2049,0.1659
PHL,PHL.54_1,CASS,0.1768,0.1752,0.1698,0.1626,0.1736,0.1594
PHL,PHL.55_1,CASS,0.04106,0.03061,0.02402,0.02065,0.01851,0.01558
PHL,PHL.56_1,CASS,0.07385,0.07137,0.06587,0.06549,0.06755,0.06281
PHL,PHL.57_1,CASS,0.101,0.1028,0.1026,0.09908,0.1032,0.09825
PHL,PHL.58_1,CASS,0.1887,0.2052,0.2131,0.2115,0.223,0.2181
PHL,PHL.59_1,CASS,0.1179,0.1198,0.152,0.1472,0.1624,0.1534
PHL,PHL.5_1,CASS,0.03351,0.03101,0.02766,0.02402,0.02445,0.0213
PHL,PHL.60_1,CASS,0.1698,0.15,0.1282,0.1063,0.09184,0.0675
PHL,PHL.61_1,CASS,0.1844,0.1624,0.138,0.114,0.09859,0.07225
PHL,PHL.62_1,CASS,0.1413,0.1364,0.1301,0.1217,0.1215,0.1097
PHL,PHL.63_1,CASS,0.1187,0.1294,0.1288,0.1276,0.1369,0.1325
PHL,PHL.64_1,CASS,0.2914,0.2596,0.2324,0.1952,0.1817,0.1654
PHL,PHL.65_1,CASS,0.272,0.2445,0.2125,0.1808,0.1609,0.1246
PHL,PHL.66_1,CASS,0.1867,0.1959,0.1946,0.1916,0.2126,0.2008
PHL,PHL.67_1,CASS,0.06614,0.06327,0.06213,0.06153,0.06917,0.06762
PHL,PHL.68_1,CASS,0.004862,0.003696,0.002798,0.002307,0.001986,0.001653
PHL,PHL.69_1,CASS,0.05204,0.04706,0.0412,0.03659,0.03399,0.027
PHL,PHL.6_1,CASS,0.01883,0.01871,0.02011,0.01952,0.02041,0.01894
PHL,PHL.70_1,CASS,0.07203,0.06838,0.06497,0.06432,0.07374,0.06644
PHL,PHL.71_1,CASS,0.1013,0.09203,0.1594,0.1442,0.1389,0.1207
PHL,PHL.72_1,CASS,0.2527,0.202,0.1565,0.1159,0.09367,0.07685
PHL,PHL.73_1,CASS,0.0245,0.0232,0.02103,0.01894,0.01795,0.01594
PHL,PHL.74_1,CASS,0.03933,0.03554,0.05019,0.04451,0.04293,0.03833
PHL,PHL.75_1,CASS,0.2614,0.2511,0.2356,0.2158,0.214,0.1894
PHL,PHL.76_1,CASS,2.565,2.266,1.921,1.578,1.328,0.9351
PHL,PHL.77_1,CASS,0.1963,0.1868,0.175,0.1732,0.1886,0.1723
PHL,PHL.78_1,CASS,0.1122,0.1025,0.09087,0.07922,0.07375,0.06125
PHL,PHL.79_1,CASS,0.1858,0.1829,0.1852,0.1779,0.1867,0.1746
PHL,PHL.7_1,CASS,0.7468,0.7572,0.717,0.7189,0.7585,0.7087
PHL,PHL.80_1,CASS,0.07149,0.07206,0.0776,0.07645,0.08221,0.07663
PHL,PHL.81_1,CASS,0.2274,0.2295,0.2388,0.2319,0.2458,0.231
PHL,PHL.8_1,CASS,0.1047,0.1023,0.09439,0.0883,0.08896,0.08332
PHL,PHL.9_1,CASS,0.3228,0.2939,0.2617,0.2279,0.211,0.174
PNG,PNG.10_1,CASS,0.8102,0.8666,0.9113,0.9322,0.9589,0.9657
PNG,PNG.11_1,CASS,5.2,5.338,5.46,5.494,5.648,5.454
PNG,PNG.13_1,CASS,6.901,6.441,6.193,5.863,5.704,5.727
PNG,PNG.14_1,CASS,2.023,1.943,2.429,2.414,2.399,2.377
PNG,PNG.15_1,CASS,0.1784,0.1554,0.1134,0.1012,0.09433,0.08685
PNG,PNG.16_1,CASS,36.39,46.61,63.38,60.86,59.47,57.86
PNG,PNG.17_1,CASS,2.206,2.224,2.431,2.597,2.684,2.749
PNG,PNG.18_1,CASS,20.83,19.54,18.59,17.54,16.69,15.67
PNG,PNG.19_1,CASS,0.7973,0.7877,0.8149,0.8269,0.8229,0.8178
PNG,PNG.1_1,CASS,31.65,33.1,37.48,37.54,38.09,37.49
PNG,PNG.20_1,CASS,10.26,10.66,12.21,13.54,14.02,14.23
PNG,PNG.21_1,CASS,0.314,0.3299,0.3439,0.3626,0.3767,0.3889
PNG,PNG.22_1,CASS,79.06,67.13,57.59,49.32,42.15,34.04
PNG,PNG.2_1,CASS,1.636,1.544,1.527,1.461,1.447,1.407
PNG,PNG.3_1,CASS,2.15,2.225,2.307,2.387,2.355,2.369
PNG,PNG.4_1,CASS,31.34,31.28,32.98,31.9,30.98,30.03
PNG,PNG.5_1,CASS,1.712,1.71,1.778,1.866,1.92,1.861
PNG,PNG.6_1,CASS,0.2965,0.2815,0.2836,0.2571,0.2387,0.2316
PNG,PNG.7_1,CASS,1.181,1.184,1.233,1.242,1.277,1.279
PNG,PNG.9_1,CASS,2.087,2.033,1.985,2.038,1.99,1.926
PRI,PRI.12_1,CASS,0.1785,0.16,0.123,0.1483,0.1657,0.1305
PRI,PRI.22_1,CASS,0,0,0,0,0,0
PRI,PRI.29_1,CASS,0.5007,0.3706,0.2056,0.1308,0.04251,0
PRI,PRI.35_1,CASS,0.1864,0.1643,0.1184,0.1636,0.1865,0.1508
PRI,PRI.37_1,CASS,0.04734,0.07679,0.07546,0.3202,0.8202,0.6952
PRI,PRI.3_1,CASS,0.4496,0.6733,0.9348,1.491,1.96,1.654
PRI,PRI.41_1,CASS,0.02946,0.02392,0.01585,0.01512,0.01335,0.007531
PRI,PRI.50_1,CASS,0.591,0.5535,0.4298,0.4957,0.5663,0.4659
PRI,PRI.51_1,CASS,0.8681,0.8127,0.6456,0.7446,0.8507,0.7214
PRI,PRI.62_1,CASS,0.07871,0.05173,0.02577,0.0161,0.00644,0
PRI,PRI.63_1,CASS,0,0,0,0,0,0
PRI,PRI.64_1,CASS,0.09873,0.08513,0.05982,0.0646,0.06659,0.0489
PRI,PRI.68_1,CASS,0,0,0,0,0,0
PRY,PRY.10_1,CASS,1.271,0.9029,0.9173,0.5165,0.2344,0.2365
PRY,PRY.11_1,CASS,1.564,1.179,1.311,0.8534,0.4607,0.4339
PRY,PRY.12_1,CASS,0.3864,0.2693,0.265,0.1373,0.05179,0.03233
PRY,PRY.13_1,CASS,0.08125,0.07286,0.09649,0.07905,0.05776,0.06692
PRY,PRY.14_1,CASS,0.04067,0.03673,0.06121,0.05164,0.03989,0.04541
PRY,PRY.15_1,CASS,0.2235,0.1854,0.2401,0.199,0.1409,0.1702
PRY,PRY.16_1,CASS,0.3903,0.278,0.2817,0.1582,0.08675,0.0709
PRY,PRY.17_1,CASS,0.3216,0.3302,0.5248,0.5116,0.4122,0.4855
PRY,PRY.18_1,CASS,0.4244,0.3156,0.3431,0.212,0.1101,0.1028
PRY,PRY.1_1,CASS,0.4996,0.535,0.8379,0.7802,0.6165,0.7024
PRY,PRY.2_1,CASS,0.4593,0.4458,0.6543,0.5835,0.4425,0.494
PRY,PRY.3_1,CASS,0.9633,0.9782,1.465,1.366,1.091,1.228
PRY,PRY.4_1,CASS,0.006684,0.01441,0.02399,0.02109,0.01536,0.01683
PRY,PRY.5_1,CASS,0.365,0.3685,0.5744,0.5459,0.441,0.508
PRY,PRY.6_1,CASS,0.2977,0.231,0.2717,0.1915,0.1183,0.1212
PRY,PRY.7_1,CASS,0.2473,0.1973,0.2363,0.1819,0.1264,0.1361
PRY,PRY.8_1,CASS,0.6224,0.6308,0.9474,0.8538,0.6593,0.7456
PRY,PRY.9_1,CASS,0.1619,0.1256,0.1598,0.1452,0.1014,0.1025
RWA,RWA.1_1,CASS,2.212,1.515,1.07,0.79990000000000006,0.6878,0.5278
RWA,RWA.2_1,CASS,0.00906,0.009089,0.009025,0.01045,0.01123,0.01367
RWA,RWA.3_1,CASS,0.03696,0.03507,0.03157,0.03155,0.03419,0.03901
RWA,RWA.4_1,CASS,0.07946,0.1073,0.1109,0.1197,0.1378,0.1653
RWA,RWA.5_1,CASS,0.01802,0.01745,0.01736,0.01802,0.0186,0.02137
SDN,SDN.14_1,CASS,0.001089,7.589e-4,5.411e-4,0.0226,0.04763,0.06249
SDN,SDN.15_1,CASS,0.02002,0.01731,0.01462,0.01271,0.01067,0.009482
SDN,SDN.17_1,CASS,0.03163,0.02747,0.02333,0.02041,0.01729,0.01553
SDN,SDN.18_1,CASS,0,0,0,0,0,0
SDN,SDN.3_1,CASS,0.007306,0.00634,0.005377,0.004699,0.003972,0.003561
SDN,SDN.4_1,CASS,0.0256,0.02103,0.0167,0.01261,0.008373,0.005166
SDN,SDN.5_1,CASS,0.03104,0.02603,0.02115,0.01748,0.0137,0.01102
SEN,SEN.10_1,CASS,8.912e-4,0.003427,0.004188,0.004025,0.006793,0.009362
SEN,SEN.11_1,CASS,0.1512,0.1447,0.1368,0.1325,0.138,0.1368
SEN,SEN.12_1,CASS,0.03471,0.02784,0.0218,0.02597,0.0264,0.03381
SEN,SEN.13_1,CASS,0.001719,0.002548,0.002513,0.002339,0.01318,0.01444
SEN,SEN.14_1,CASS,0.8891,0.8955,0.8849,0.8262,0.8021,0.8087
SEN,SEN.1_1,CASS,0.002435,0.002303,0.002149,0.00189,0.001679,0.001558
SEN,SEN.3_1,CASS,0.006085,0.005522,0.004909,0.004509,0.004093,0.004443
SEN,SEN.4_1,CASS,0,0,0,0,0,0
SEN,SEN.5_1,CASS,0.003052,0.002944,0.002699,0.002328,0.002021,0.001822
SEN,SEN.6_1,CASS,0.1088,0.119,0.1194,0.1214,0.1187,0.1215
SEN,SEN.7_1,CASS,0.06793,0.06134,0.056710000000000003,0.05488,0.0572,0.06256
SEN,SEN.8_1,CASS,0,0,0,0,0,0
SGP,SGP.4_1,CASS,0.001033,2.007e-4,0,0,0,0
SGP,SGP.5_1,CASS,0.06382,0.05357,0.04303,0.03416,0.03054,0.02339
SLB,SLB.10_1,CASS,36.63,28.42,21.92,16.35,11.51,7.804
SLB,SLB.2_1,CASS,606.3,453.4,333.9,226.7,140.4,88.99
SLB,SLB.3_1,CASS,0.5583,0.5441,0.5486,0.5463,0.5212,0.4988
SLB,SLB.4_1,CASS,0.3997,0.3636,0.3364,0.3084,0.2811,0.2566
SLB,SLB.5_1,CASS,21.87,20.08,18.09,16.97,15.65,14.15
SLB,SLB.6_1,CASS,39.04,33.93,28.12,22.55,17.28,12.95
SLB,SLB.7_1,CASS,23.06,18.8,15.41,12.12,9.033,6.654
SLB,SLB.8_1,CASS,488.5,414.6,351.7,287.8,224.6,163.7
SLE,SLE.1_1,CASS,2.194,1.054,0.9406,0.8283,0.6035,0.4357
SLE,SLE.2_1,CASS,0.3358,0.172,0.1667,0.1638,0.1412,0.1285
SLE,SLE.3_1,CASS,2.836,1.371,1.248,1.121,0.8514,0.6555
SLE,SLE.4_1,CASS,0.7013,0.3955,0.4065,0.4228,0.394,0.3922
SLV,SLV.10_1,CASS,0.01217,0.005242,0.005606,0.005512,0.005281,0.003585
SLV,SLV.11_1,CASS,0.3144,0.1456,0.159,0.1545,0.1408,0.08702
SLV,SLV.12_1,CASS,0.0768,0.03843,0.04528,0.04791,0.0495,0.03665
SLV,SLV.13_1,CASS,0.01445,0.006957,0.007596,0.007516,0.007666,0.005766
SLV,SLV.14_1,CASS,0.06776,0.02884,0.02909,0.02759,0.02691,0.01987
SLV,SLV.1_1,CASS,0.02124,0.01043,0.01268,0.01382,0.01568,0.01328
SLV,SLV.2_1,CASS,0.1333,0.06051,0.06437,0.06101,0.05435,0.0322
SLV,SLV.3_1,CASS,0.0514,0.0238,0.02608,0.02554,0.02391,0.01506
SLV,SLV.4_1,CASS,0.6684,0.2387,0.2056,0.1478,0.09021,0.041
SLV,SLV.5_1,CASS,0.04146,0.02163,0.02796,0.03127,0.03522,0.02754
SLV,SLV.6_1,CASS,0.03445,0.01423,0.01384,0.0119,0.009625,0.005482
SLV,SLV.7_1,CASS,0.5268,0.2384,0.25,0.2301,0.195,0.1039
SLV,SLV.8_1,CASS,0.1877,0.08052,0.07916,0.069,0.0574,0.0307
SLV,SLV.9_1,CASS,0.3642,0.135,0.1082,0.07212,0.04598,0.02421
SOM,SOM.10_1,CASS,2.264,2.297,2.194,2.091,2.122,2.477
SOM,SOM.14_1,CASS,0.3034,0.3024,0.3174,0.3084,0.287,0.3584
SOM,SOM.15_1,CASS,0.06901,0.08347,0.08255,0.08922,0.09004,0.08818
SOM,SOM.2_1,CASS,0,0,0,0,0,0
SOM,SOM.5_1,CASS,0.04589,0.04174,0.03814,0.04846,0.08302,0.09014
SOM,SOM.7_1,CASS,0.1266,0.1496,0.3119,0.4033,0.7132,0.7375
SOM,SOM.8_1,CASS,0.2667,0.2416,0.5226,0.8604,0.8104,0.8591
SOM,SOM.9_1,CASS,10.17,11.28,11.23,11.07,12.44,14.03
SSD,SSD.10_1,CASS,0.1894,0.1686,0.1533,0.1639,0.1816,0.196
SSD,SSD.1_1,CASS,0.2103,0.1982,0.1884,0.1977,0.1916,0.2069
SSD,SSD.2_1,CASS,0.1203,0.1277,0.1291,0.1325,0.133,0.1401
SSD,SSD.3_1,CASS,0.06725,0.06193,0.05375,0.0929,0.1058,0.1303
SSD,SSD.4_1,CASS,0.07367,0.06507,0.05746,0.1214,0.2128,0.2932
SSD,SSD.5_1,CASS,0.07879,0.07506,0.06882,0.1117,0.1411,0.2094
SSD,SSD.6_1,CASS,0.0473,0.04122,0.03522,0.0426,0.04776,0.06496
SSD,SSD.7_1,CASS,0.008626,0.007547,0.006498,0.006228,0.005456,0.005135
SSD,SSD.8_1,CASS,0.06512,0.0585,0.05231,0.0738,0.09618,0.1257
SSD,SSD.9_1,CASS,0.1266,0.114,0.1026,0.1385,0.2006,0.2894
STP,STP.1_1,CASS,25.63,0,0,0,0,0
SUR,SUR.10_1,CASS,0.3675,0.3479,0.3921,0.3487,0.2957,0.246
SUR,SUR.2_1,CASS,6.419,6.709,8.339,8.617,8.676,8.121
SUR,SUR.5_1,CASS,0.228,0.2333,0.2982,0.5453,1.05,0.9896
SUR,SUR.6_1,CASS,4.598,4.978,6.509,7.192,7.163,6.728
SUR,SUR.7_1,CASS,1.313,1.33,1.616,1.751,1.68,1.513
SUR,SUR.8_1,CASS,1.364,1.424,1.838,2.031,2.163,2.023
SUR,SUR.9_1,CASS,66.79,55.48,46.37,35.48,25.83,18.34
SWZ,SWZ.2_1,CASS,0,0,0,0,0,0
TCD,TCD.11_1,CASS,0.1258,0.1124,0.1012,0.09,0.0766,0.06385
TCD,TCD.12_1,CASS,0.4617,0.4707,0.4982,0.5331,0.5632,0.6147
TCD,TCD.13_1,CASS,1.221,1.243,1.366,1.493,1.514,1.536
TCD,TCD.14_1,CASS,0.06676,0.06025,0.0541,0.04784,0.04241,0.05196
TCD,TCD.15_1,CASS,0.5504,0.5376,0.5685,0.5635,0.5579,0.5765
TCD,TCD.16_1,CASS,0.9555,0.9027,0.8871,0.9763,1.016,1.059
TCD,TCD.17_1,CASS,0,0,0,0,0,0
TCD,TCD.18_1,CASS,0.1904,0.1785,0.1769,0.1878,0.2359,0.2791
TCD,TCD.19_1,CASS,1.011,0.7434,0.5027,0.2737,0.09872,0.03139
TCD,TCD.20_1,CASS,0.2105,0.2139,0.2337,0.2637,0.2598,0.2499
TCD,TCD.4_1,CASS,0.08142,0.07802,0.0793,0.08946,0.1142,0.1273
TCD,TCD.7_1,CASS,0.3409,0.3473,0.3815,0.4427,0.5425,0.6451
TCD,TCD.8_1,CASS,0.005363,0.004908,0.004511,0.006096,0.01032,0.01145
TGO,TGO.1_1,CASS,0.1788,0.1754,0.176,0.1836,0.1997,0.2193
TGO,TGO.2_1,CASS,0.08477,0.07759,0.08595,0.09891,0.1099,0.1221
TGO,TGO.3_1,CASS,0.1952,0.2005,0.212,0.232,0.239,0.2688
TGO,TGO.4_1,CASS,0.1863,0.1722,0.1627,0.1537,0.1443,0.1712
TGO,TGO.5_1,CASS,0.01875,0.01683,0.0152,0.0141,0.01331,0.01376
THA,THA.10_1,CASS,0.2192,0.1859,0.1993,0.2326,0.2533,0.231
THA,THA.11_1,CASS,0.06329,0.05549,0.06025,0.07521,0.08527,0.08314
THA,THA.12_1,CASS,0.0512,0.04532,0.05084,0.06284,0.07062,0.06927
THA,THA.13_1,CASS,4715,3398,2988,2755,2336,1609
THA,THA.14_1,CASS,0.008107,0.006405,0.00638,0.007223,0.007992,0.00741
THA,THA.15_1,CASS,0.0116,0.008949,0.008749,0.01069,0.01216,0.01096
THA,THA.16_1,CASS,27.57,19.38,16.69,15.24,12.89,8.989
THA,THA.17_1,CASS,0.001749,0.001866,0.002344,0.003084,0.003938,0.003812
THA,THA.18_1,CASS,0.3786,0.3293,0.3457,0.4103,0.4666,0.4441
THA,THA.19_1,CASS,0.1783,0.1398,0.1392,0.157,0.1627,0.1421
THA,THA.1_1,CASS,0.3566,0.2598,0.2331,0.2202,0.1947,0.1435
THA,THA.20_1,CASS,0.09792,0.07434,0.0698,0.07124,0.06754,0.0556
THA,THA.21_1,CASS,0.02172,0.01958,0.02177,0.02748,0.03142,0.02946
THA,THA.22_1,CASS,0.002444,0.002471,0.00296,0.004056,0.005433,0.00551
THA,THA.23_1,CASS,0.241,0.206,0.2162,0.2461,0.2639,0.2435
THA,THA.24_1,CASS,0.00135,0.001386,0.001609,0.001842,0.00212,0.002299
THA,THA.25_1,CASS,0.05703,0.04065,0.03602,0.03429,0.03156,0.02541
THA,THA.26_1,CASS,0.2809,0.2075,0.185,0.1751,0.1527,0.1115
THA,THA.27_1,CASS,73010,52810,46680,43350,37180,26100
THA,THA.28_1,CASS,0.301,0.2163,0.1897,0.174,0.1462,0.09934
THA,THA.29_1,CASS,0.01194,0.01064,0.01225,0.01631,0.0213,0.02078
THA,THA.30_1,CASS,0.07454,0.04818,0.03785,0.05594,0.07518,0.089
THA,THA.31_1,CASS,7.605,5.623,5.111,4.959,4.517,3.458
THA,THA.32_1,CASS,0.2325,0.1941,0.1942,0.2134,0.2289,0.2119
THA,THA.33_1,CASS,0.2844,0.2508,0.28,0.3393,0.4183,0.4129
THA,THA.34_1,CASS,0.00706,0.005302,0.004853,0.004928,0.004666,0.003647
THA,THA.35_1,CASS,0.3903,0.2898,0.2535,0.236,0.202,0.1442
THA,THA.37_1,CASS,80.4,57.84,50.73,46.6,39.31,26.81
THA,THA.39_1,CASS,0.3706,0.3237,0.3431,0.4031,0.4504,0.4286
THA,THA.41_1,CASS,0.08581,0.07,0.0679,0.07408,0.07863,0.07357
THA,THA.42_1,CASS,0.02673,0.02218,0.02235,0.02556,0.02652,0.02341
THA,THA.43_1,CASS,0.3791,0.2727,0.2392,0.2202,0.1867,0.1294
THA,THA.44_1,CASS,0.02364,0.01669,0.01431,0.01281,0.01046,0.006826
THA,THA.45_1,CASS,0.02006,0.01772,0.01884,0.02259,0.0244,0.02248
THA,THA.46_1,CASS,29.53,21.27,18.69,32.01,38.21,30.87
THA,THA.47_1,CASS,0.06621,0.05475,0.05538,0.06215,0.06698,0.06028
THA,THA.48_1,CASS,0.2217,0.1748,0.2256,0.252,0.2849,0.2653
THA,THA.49_1,CASS,0.009806,0.009627,0.01132,0.01555,0.01858,0.01872
THA,THA.4_1,CASS,1.374,1.231,1.137,1.077,0.9876,0.9375
THA,THA.50_1,CASS,2.574,1.867,1.655,1.543,1.33,0.9424
THA,THA.51_1,CASS,20.05,15.83,14.62,14.5,12.81,9.985
THA,THA.52_1,CASS,0.02068,0.0163,0.01613,0.01903,0.02231,0.02098
THA,THA.53_1,CASS,0.1108,0.09619,0.1063,0.127,0.1389,0.1318
THA,THA.54_1,CASS,0.01486,0.01078,0.009794,0.009564,0.008734,0.006687
THA,THA.55_1,CASS,0.009527,0.009575,0.01188,0.01608,0.01923,0.0192
THA,THA.56_1,CASS,0.02934,0.02265,0.02192,0.024140000000000002,0.02434,0.02056
THA,THA.5_1,CASS,0.006071,0.00547,0.006163,0.007475,0.009229,0.009714
THA,THA.60_1,CASS,0.04228,0.03772,0.03799,0.04346,0.04968,0.04422
THA,THA.61_1,CASS,0.3202,0.2633,0.2734,0.3114,0.3426,0.3188
THA,THA.62_1,CASS,0.02336,0.02464,0.02978,0.03868,0.049,0.04914
THA,THA.64_1,CASS,1.836,1.317,1.151,1.052,0.8816,0.5947
THA,THA.65_1,CASS,0.08082,0.06969,0.07325,0.0821,0.08752,0.07843
THA,THA.66_1,CASS,0.018,0.01411,0.01336,0.0139,0.01447,0.01246
THA,THA.67_1,CASS,1.413,1.079,1.007,1.07,1.026,0.8356
THA,THA.68_1,CASS,0.009573,0.007232,0.006664,0.006696,0.006468,0.00528
THA,THA.69_1,CASS,0.1418,0.1288,0.1377,0.1589,0.1725,0.1637
THA,THA.6_1,CASS,0.02016,0.0193,0.02197,0.02817,0.03373,0.03407
THA,THA.70_1,CASS,0.7126,0.5908,0.5943,0.7202,0.7712,0.7055
THA,THA.71_1,CASS,11.67,8.326,7.219,6.528,5.378,3.527
THA,THA.72_1,CASS,1.487,1.155,0.9971,0.8785,0.7172,0.505
THA,THA.73_1,CASS,0.01483,0.0119,0.01187,0.01299,0.01344,0.01198
THA,THA.74_1,CASS,0.03221,0.02688,0.02546,0.03184,0.04346,0.04036
THA,THA.75_1,CASS,0.08552,0.06926,0.06867,0.07459,0.07802,0.06773
THA,THA.76_1,CASS,0.5033,0.44,0.4748,0.5575,0.6339,0.5991
THA,THA.77_1,CASS,0.08798,0.0641,0.05759,0.05454,0.04825,0.03553
THA,THA.7_1,CASS,0.3223,0.2319,0.2037,0.1879,0.1596,0.1103
THA,THA.8_1,CASS,0.006075,0.004888,0.004853,0.005676,0.006426,0.006248
THA,THA.9_1,CASS,0.1308,0.1137,0.1219,0.1371,0.1449,0.1318
TLS,TLS.10_1,CASS,0.09314,0.09282,0.07479,0.05653,0.04288,0.0255
TLS,TLS.11_1,CASS,0.3117,0.4494,0.4275,0.4492,0.4786,0.5118
TLS,TLS.12_1,CASS,0.1275,0.1082,0.07572,0.04426,0.02988,0.02826
TLS,TLS.13_1,CASS,0.6265,0.6969,0.6579,0.6236,0.6066,0.5418
TLS,TLS.1_1,CASS,0.6422,0.8394,0.8128,0.7887,0.77,0.7522
TLS,TLS.2_1,CASS,0.6477,0.7169,0.6947,0.6444,0.6185,0.5406
TLS,TLS.3_1,CASS,0.1909,0.2117,0.2179,0.2234,0.2501,0.2466
TLS,TLS.4_1,CASS,0.2387,0.2704,0.2478,0.2604,0.2792,0.2902
TLS,TLS.5_1,CASS,0.2585,0.2819,0.2764,0.2923,0.3028,0.2908
TLS,TLS.6_1,CASS,0.2625,0.2548,0.2416,0.3395,0.3788,0.3964
TLS,TLS.7_1,CASS,0.4287,0.5102,0.4587,0.4062,0.3843,0.3348
TLS,TLS.8_1,CASS,0.5103,0.5825,0.5077,0.4411,0.4584,0.4639
TLS,TLS.9_1,CASS,0.5391,0.5344,0.4326,0.3349,0.266,0.1814
TTO,TTO.11_1,CASS,0.2469,0.2352,0.8366,0.4841,0.2848,0.3185
TTO,TTO.12_1,CASS,22.63,22.04,78.4,44.34,24.66,24.58
TTO,TTO.13_1,CASS,28.22,27.23,95.69,53.29,28.97,27.83
TTO,TTO.14_1,CASS,6.213,6.033,21.37,12.02,6.623,6.506
TTO,TTO.15_1,CASS,0.9205,0.8941,3.174,1.791,0.9924,0.986
TTO,TTO.2_1,CASS,0.04878,0.04803,0.1742,0.1015,0.05909,0.06364
TTO,TTO.3_1,CASS,8.105,7.94,28.48,16.33,9.255,9.513
TTO,TTO.4_1,CASS,0.925,0.8992,3.2,1.812,1.009,1.009
TTO,TTO.5_1,CASS,9.481,9.295,33.41,19.32,11.18,11.84
TTO,TTO.6_1,CASS,1.468,1.41,4.974,2.837,1.601,1.618
TTO,TTO.7_1,CASS,41.99,41.5,150.4,87.26,50.37,53.37
TTO,TTO.9_1,CASS,4.963,4.828,17.21,9.773,5.479,5.532
TWN,TWN.1_1,CASS,0.01062,0.01184,0.01106,0.01029,0.009915,0.009123
TWN,TWN.2_1,CASS,0.2679,0.2793,0.3096,0.32,0.3315,0.3755
TWN,TWN.3_1,CASS,0.5116,0.5275,0.5755,0.6325,0.6454,0.6558
TWN,TWN.4_1,CASS,0.3724,0.3879,0.3863,0.4043,0.4158,0.4542
TWN,TWN.5_1,CASS,0.5896,0.576,0.569,0.7076,0.6796,0.897
TWN,TWN.6_1,CASS,0.005272,0.004813,0.004355,0.003897,0.003438,0.00298
TWN,TWN.7_1,CASS,1.283,1.429,1.538,1.594,1.682,1.724
TZA,TZA.10_1,CASS,0.8772,0.7583,0.6009,0.5364,0.5727,0.5191
TZA,TZA.11_1,CASS,0.2452,0.2567,0.2838,0.2859,0.3422,0.3829
TZA,TZA.12_1,CASS,0.03224,0.02662,0.02076,0.01696,0.01688,0.01367
TZA,TZA.13_1,CASS,0.8706,0.8768,0.7926,0.786,0.9055,0.9024
TZA,TZA.14_1,CASS,0.4532,0.3889,0.3045,0.2551,0.2583,0.2212
TZA,TZA.15_1,CASS,0.2619,0.2385,0.1991,0.1912,0.2226,0.2162
TZA,TZA.16_1,CASS,0.01852,0.01651,0.01361,0.01349,0.01635,0.01674
TZA,TZA.17_1,CASS,2.129,1.988,1.741,1.677,2.02,1.877
TZA,TZA.18_1,CASS,0.02754,0.02174,0.01531,0.01121,0.009218,0.005722
TZA,TZA.19_1,CASS,0.07745,0.06238,0.04514,0.03441,0.03014,0.02117
TZA,TZA.1_1,CASS,0.2384,0.2214,0.1836,0.1675,0.1849,0.1661
TZA,TZA.20_1,CASS,0.5991,0.5553,0.4773,0.4606,0.5027,0.487
TZA,TZA.21_1,CASS,0.3296,0.3012,0.2635,0.2436,0.2766,0.275
TZA,TZA.22_1,CASS,0.7393,0.7387,0.679,0.7662,1.028,1.088
TZA,TZA.23_1,CASS,0.08205,0.06513,0.04581,0.0343,0.02958,0.02204
TZA,TZA.24_1,CASS,0.02776,0.02234,0.01628,0.0125,0.01146,0.008758
TZA,TZA.25_1,CASS,0.1763,0.1487,0.1125,0.09424,0.09143,0.07419
TZA,TZA.26_1,CASS,1.234,1.103,0.9278,0.9049,0.974,0.9274
TZA,TZA.27_1,CASS,0.2417,0.2313,0.211,0.1957,0.231,0.2453
TZA,TZA.28_1,CASS,0.06941,0.05603,0.04069,0.03112,0.02741,0.01946
TZA,TZA.29_1,CASS,1.154,1.04,0.8576,0.7953,0.8969,0.86240000000000006
TZA,TZA.2_1,CASS,0.1382,0.1124,0.0816,0.06371,0.05852,0.04522
TZA,TZA.30_1,CASS,0.1934,0.1566,0.1143,0.08793,0.0782,0.05639
TZA,TZA.31_1,CASS,0.478,0.4982,0.4718,0.4716,0.5679,0.6118
TZA,TZA.3_1,CASS,0.1201,0.1021,0.07884,0.07131,0.0759,0.0694
TZA,TZA.4_1,CASS,0.2213,0.2067,0.1754,0.1684,0.2104,0.1992
TZA,TZA.5_1,CASS,0.4038,0.3716,0.293,0.2569,0.2795,0.2742
TZA,TZA.6_1,CASS,0.1025,0.0988,0.08972,0.09153,0.1274,0.1462
TZA,TZA.7_1,CASS,1.146,1.11,0.986,1.018,1.197,1.275
TZA,TZA.8_1,CASS,0.1542,0.1361,0.1093,0.102,0.1196,0.1276
TZA,TZA.9_1,CASS,0.1135,0.09755,0.07673,0.06534,0.08283,0.07954
UGA,UGA.10_1,CASS,0.1401,0.1435,0.1679,0.2204,0.3,0.3027
UGA,UGA.11_1,CASS,0.1765,0.1851,0.2272,0.3084,0.3764,0.3922
UGA,UGA.12_1,CASS,1.93,1.627,1.357,1.176,0.9892,0.7244
UGA,UGA.13_1,CASS,1.18,1.227,1.42,1.837,2.286,2.376
UGA,UGA.14_1,CASS,0.4483,0.4403,0.4787,0.548,0.6237,0.5788
UGA,UGA.17_1,CASS,0.2472,0.2555,0.2886,0.3639,0.4561,0.4215
UGA,UGA.18_1,CASS,0.3674,0.4025,0.5045,0.6341,0.8561,1.101
UGA,UGA.19_1,CASS,0.4166,0.3719,0.3574,0.3879,0.4191,0.3873
UGA,UGA.1_1,CASS,0.1516,0.1302,0.1357,0.1495,0.1604,0.1352
UGA,UGA.20_1,CASS,0.1266,0.1097,0.108,0.1843,0.2098,0.2221
UGA,UGA.21_1,CASS,0.3094,0.2768,0.2758,0.3291,0.3604,0.3215
UGA,UGA.22_1,CASS,0.15310000000000001,0.1381,0.1324,0.1628,0.1827,0.1591
UGA,UGA.23_1,CASS,0.7507,0.678,0.6917,0.7885,0.9156,0.8309
UGA,UGA.24_1,CASS,1.334,1.186,1.258,1.477,1.726,1.57
UGA,UGA.25_1,CASS,1.95,1.775,1.999,2.724,3.298,3.116
UGA,UGA.26_1,CASS,7.671,6.752,5.616,4.542,3.527,2.703
UGA,UGA.27_1,CASS,0.03008,0.02552,0.02426,0.02842,0.02967,0.02516
UGA,UGA.28_1,CASS,0.1472,0.1196,0.1073,0.1153,0.1088,0.07855
UGA,UGA.29_1,CASS,0.08134,0.07378,0.07283,0.08006,0.08782,0.0778
UGA,UGA.2_1,CASS,0.239,0.2446,0.288,0.3572,0.4228,0.4069
UGA,UGA.30_1,CASS,0.5693,0.535,0.6321,0.7707,0.9209,0.8689
UGA,UGA.31_1,CASS,0,0,0,0,0,0
UGA,UGA.32_1,CASS,0.1681,0.1466,0.1423,0.1556,0.166,0.142
UGA,UGA.33_1,CASS,0.1951,0.2359,0.2599,0.3078,0.3547,0.3481
UGA,UGA.34_1,CASS,2.477,2.326,2.58,3.416,4.081,3.795
UGA,UGA.35_1,CASS,0.5478,0.6079,0.6854,0.8506,1.078,1.141
UGA,UGA.36_1,CASS,1.703,1.582,1.732,2.352,2.898,2.635
UGA,UGA.37_1,CASS,0.999,0.9641,1.098,1.408,1.642,1.565
UGA,UGA.38_1,CASS,0.1632,0.1607,0.1668,0.2003,0.2681,0.3044
UGA,UGA.39_1,CASS,0.8392,0.6821,0.609,0.5993,0.5662,0.4169
UGA,UGA.3_1,CASS,0.2705,0.2304,0.2234,0.2556,0.284,0.259
UGA,UGA.40_1,CASS,0.01874,0.05203,0.06461,0.09806,0.1069,0.1082
UGA,UGA.41_1,CASS,0.09062,0.07718,0.07553,0.08093,0.08055,0.07472
UGA,UGA.42_1,CASS,1.69,1.608,1.779,2.086,2.425,2.325
UGA,UGA.43_1,CASS,1.554,1.49,1.698,2.095,2.483,2.359
UGA,UGA.44_1,CASS,2.092,2.07,2.376,2.848,3.426,3.276
UGA,UGA.45_1,CASS,0.2943,0.2627,0.2541,0.3136,0.3769,0.321
UGA,UGA.46_1,CASS,1.589,1.556,1.718,2.333,2.917,2.767
UGA,UGA.47_1,CASS,0.2031,0.1892,0.1965,0.2282,0.2591,0.2468
UGA,UGA.48_1,CASS,0.4187,0.4662,0.5079,0.6126,0.7565,0.7934
UGA,UGA.49_1,CASS,0.06686,0.0605,0.05884,0.07059,0.08189,0.07348
UGA,UGA.4_1,CASS,0.4599,0.4238,0.4337,0.5116,0.5887,0.5548
UGA,UGA.50_1,CASS,0.1086,0.1046,0.1111,0.1281,0.1765,0.2386
UGA,UGA.51_1,CASS,0.6565,0.6694,0.7442,0.937,1.212,1.185
UGA,UGA.52_1,CASS,0.4893,0.4432,0.4533,0.5338,0.6415,0.6003
UGA,UGA.53_1,CASS,1.638,1.47,1.52,1.701,1.904,1.736
UGA,UGA.54_1,CASS,0.1836,0.1658,0.1685,0.1959,0.2469,0.2572
UGA,UGA.55_1,CASS,0.2842,0.2682,0.3116,0.3961,0.4444,0.4074
UGA,UGA.56_1,CASS,0.1043,0.1226,0.141,0.1775,0.2191,0.2265
UGA,UGA.57_1,CASS,1.841,1.867,2.063,2.497,3.138,3.111
UGA,UGA.58_1,CASS,0.07473,0.06331,0.05961,0.06439,0.06851,0.05921
UGA,UGA.5_1,CASS,0.1169,0.08608,0.07659,0.1314,0.1289,0.1323
UGA,UGA.6_1,CASS,0.6686,0.6501,0.7402,0.9436,1.186,1.263
UGA,UGA.7_1,CASS,0.4648,0.4959,0.517,0.6015,0.731,0.7352
UGA,UGA.8_1,CASS,0.4558,0.4157,0.4307,0.5158,0.5904,0.5504
UGA,UGA.9_1,CASS,0.7273,0.6658,0.7166,0.9201,1.177,1.156
URY,URY.13_2,CASS,0.004869,0.00442,0.004066,0.003498,0.002957,0.00369
URY,URY.1_2,CASS,0.4315,0.3793,0.3306,0.2978,0.2521,0.2047
URY,URY.3_2,CASS,0.05069,0.07438,0.07325,0.06555,0.05817,0.05378
VCT,VCT.1_1,CASS,0.03553,0.06088,0.1085,0.0995,0.1212,0.05675
VCT,VCT.3_1,CASS,0.01518,0.02626,0.04737,0.04416,0.05504,0.0267
VCT,VCT.5_1,CASS,0.001269,0.002106,0.003591,0.003092,0.003411,0.001336
VCT,VCT.6_1,CASS,0.00199,0.003368,0.005905,0.005294,0.006234,0.002761
VEN,VEN.11_1,CASS,0.4638,0.4883,0.4908,0.4573,0.4283,0.4021
VEN,VEN.12_1,CASS,4.466,3.734,3.073,2.518,2.046,1.641
VEN,VEN.13_1,CASS,0.1452,0.1401,0.1425,0.149,0.1517,0.1467
VEN,VEN.14_1,CASS,0.8736,0.8228,0.7585,0.6935,0.6347,0.5734
VEN,VEN.15_1,CASS,0.572,0.4933,0.4282,0.3684,0.3085,0.259
VEN,VEN.16_1,CASS,3.114,2.893,2.672,2.447,2.227,2.02
VEN,VEN.17_1,CASS,0.3871,0.3587,0.3267,0.3092,0.2909,0.2567
VEN,VEN.18_1,CASS,0.534,0.4786,0.4201,0.3632,0.3061,0.2474
VEN,VEN.19_1,CASS,0.2255,0.2151,0.1985,0.1868,0.1702,0.1604
VEN,VEN.1_1,CASS,10.81,9.503,8.16,6.959,5.846,4.746
VEN,VEN.20_1,CASS,2.034,1.951,1.889,1.863,1.838,1.726
VEN,VEN.21_1,CASS,0.4768,0.42,0.3635,0.3188,0.2867,0.2631
VEN,VEN.22_1,CASS,0.2346,0.2501,0.2364,0.2275,0.2125,0.2036
VEN,VEN.23_1,CASS,113.9,103.1,92.95,82.04,72.69,68.18
VEN,VEN.24_1,CASS,0.2541,0.2438,0.2319,0.2198,0.216,0.2054
VEN,VEN.25_1,CASS,0.1597,0.1478,0.1377,0.1326,0.1271,0.1205
VEN,VEN.2_1,CASS,0.36,0.3391,0.3299,0.3231,0.3155,0.3151
VEN,VEN.3_1,CASS,0.4265,0.4527,0.4685,0.4855,0.5172,0.5595
VEN,VEN.4_1,CASS,0.1624,0.1544,0.1557,0.1647,0.1609,0.1488
VEN,VEN.5_1,CASS,0.3894,0.3861,0.3833,0.3754,0.3658,0.3809
VEN,VEN.6_1,CASS,1.696,1.577,1.477,1.448,1.423,1.353
VEN,VEN.7_1,CASS,0.2547,0.2455,0.2374,0.2277,0.2135,0.1983
VEN,VEN.8_1,CASS,0.6307,0.5903,0.5448,0.5142,0.4686,0.4332
VEN,VEN.9_1,CASS,9.536,8.376,7.235,6.226,5.566,4.486
VNM,VNM.10_1,CASS,2.944,3.085,3.4,3.73,4.063,4.554
VNM,VNM.11_1,CASS,0.2722,0.2387,0.2123,0.1907,0.1659,0.1403
VNM,VNM.12_1,CASS,0.2753,0.2414,0.2081,0.1793,0.1455,0.1136
VNM,VNM.13_1,CASS,0.3174,0.2907,0.2555,0.2297,0.1944,0.2253
VNM,VNM.14_1,CASS,1.02,0.9422,0.9184,0.8809,0.8249,0.7614
VNM,VNM.15_1,CASS,0.3592,0.3434,0.3326,0.3179,0.2994,0.283
VNM,VNM.16_1,CASS,2.157,1.901,1.662,1.475,1.262,1.089
VNM,VNM.17_1,CASS,0.5762,0.6313,0.7024,0.7517,0.8272,0.857
VNM,VNM.18_1,CASS,0.009249,0.008256,0.007308,0.006536,0.005583,0.004734
VNM,VNM.19_1,CASS,5.915,5.006,4.285,3.555,2.577,2.786
VNM,VNM.1_1,CASS,0.06328,0.05813,0.05621,0.05747,0.05223,0.05348
VNM,VNM.20_1,CASS,2.76,2.635,2.489,2.439,2.308,2.107
VNM,VNM.21_1,CASS,0.6271,0.5894,0.5505,0.5332,0.5035,0.4697
VNM,VNM.22_1,CASS,0.007416,0.00555,0.00399,0.005913,0.004632,0.003885
VNM,VNM.24_1,CASS,0.1478,0.1269,0.1069,0.0895,0.06968,0.05126
VNM,VNM.25_1,CASS,1.277,1.193,1.102,1.041,0.9506,0.8665
VNM,VNM.26_1,CASS,1.068,1.061,1.042,1.074,1.075,1.081
VNM,VNM.27_1,CASS,0.053,0.0562,0.06762,0.06879,0.08845,0.0912
VNM,VNM.28_1,CASS,0.02061,0.01818,0.01578,0.01372,0.01161,0.01019
VNM,VNM.29_1,CASS,0.4923,0.4343,0.3909,0.3534,0.3074,0.2682
VNM,VNM.2_1,CASS,0.05433,0.04838,0.04206,0.03661,0.0305,0.02634
VNM,VNM.30_1,CASS,0.7555,0.7096,0.6731,0.6389,0.6037,0.5772
VNM,VNM.32_1,CASS,0.9329,0.8931,0.8866,0.8742,0.8394,0.8188
VNM,VNM.33_1,CASS,0.1245,0.1087,0.0932,0.08028,0.06603,0.05519
VNM,VNM.34_1,CASS,3.488,3.305,3.096,2.916,2.681,2.464
VNM,VNM.35_1,CASS,3.432,3.708,4.226,4.395,4.364,4.674
VNM,VNM.36_1,CASS,1.425,1.381,1.335,1.313,1.247,1.159
VNM,VNM.37_1,CASS,15.48,14.12,12.73,11.84,10.69,9.428
VNM,VNM.38_1,CASS,0.6011,0.5371,0.4797,0.4258,0.3661,0.3142
VNM,VNM.39_1,CASS,0.06385,0.05882,0.05446,0.06484,0.07244,0.1087
VNM,VNM.3_1,CASS,0.4421,0.3881,0.34,0.2989,0.2493,0.2014
VNM,VNM.41_1,CASS,2.549,2.222,1.897,1.618,1.297,1.003
VNM,VNM.42_1,CASS,0.05127,0.04943,0.04906,0.08133,0.0863,0.1018
VNM,VNM.43_1,CASS,30.88,26.24,21.7,17.64,13.35,9.185
VNM,VNM.44_1,CASS,0.1557,0.161,0.1611,0.161,0.1533,0.1513
VNM,VNM.45_1,CASS,0.3068,0.2932,0.2804,0.2762,0.2664,0.2631
VNM,VNM.46_1,CASS,2.263,2.147,2.046,2.015,1.92,1.794
VNM,VNM.47_1,CASS,1.044,0.9914,0.8823,0.7861,0.6503,0.5258
VNM,VNM.48_1,CASS,0.1915,0.1672,0.1415,0.1194,0.09518,0.07115
VNM,VNM.49_1,CASS,157.5,142.4,129.8,112.1,97.53,86.86
VNM,VNM.4_1,CASS,1.9,1.773,1.714,1.643,1.569,1.499
VNM,VNM.50_1,CASS,1.411,1.387,1.317,1.263,1.187,1.15
VNM,VNM.51_1,CASS,7.201,6.165,5.21,4.402,3.482,2.629
VNM,VNM.52_1,CASS,1.856,1.68,1.512,1.393,1.21,1.046
VNM,VNM.53_1,CASS,0.01415,0.0179,0.0188,0.0221,0.0246,0.02578
VNM,VNM.54_1,CASS,0.1754,0.1574,0.1356,0.1163,0.09428,0.07417
VNM,VNM.56_1,CASS,0.05563,0.05756,0.0666,0.06898,0.06974,0.07669
VNM,VNM.57_1,CASS,0.6834,0.6069,0.5328,0.4728,0.4077,0.3384
VNM,VNM.58_1,CASS,0.1735,0.151,0.1291,0.1104,0.08888,0.06887
VNM,VNM.59_1,CASS,0.0776,0.06562,0.05517,0.0467,0.03742,0.02939
VNM,VNM.60_1,CASS,12.37,13.65,15.47,17.2,18.37,19.27
VNM,VNM.61_1,CASS,0.006099,0.005299,0.00459,0.003955,0.00381,0.004197
VNM,VNM.62_1,CASS,0.038,0.03275,0.02925,0.02767,0.02248,0.01924
VNM,VNM.63_1,CASS,1.005,1.054,1.076,1.108,1.091,1.105
VNM,VNM.6_1,CASS,0.006993,0.005043,0.003333,0.001765,4.715e-4,0
VNM,VNM.7_1,CASS,0.2784,0.2826,0.2827,0.3084,0.3034,0.3197
VNM,VNM.8_1,CASS,0.04539,0.03975,0.03472,0.03145,0.02603,0.02146
VNM,VNM.9_1,CASS,7.157,7.438,7.344,7.381,7.143,7.048
Z07,Z07.3_1,CASS,83.34,75.9,88.47,93.28,87.98,88.92
ZAF,ZAF.5_1,CASS,0.1428,0.1378,0.1271,0.1449,0.1321,0.1331
ZAF,ZAF.6_1,CASS,0,0,0,0,0,0.05351
ZMB,ZMB.10_1,CASS,0.9767,0.8613,0.8272,0.5656,0.6885,0.5253
ZMB,ZMB.1_1,CASS,1.278,1.394,1.59,1.358,2.006,1.886
ZMB,ZMB.2_1,CASS,2.891,3.036,3.421,2.844,4.744,4.439
ZMB,ZMB.3_1,CASS,0.36,0.3304,0.3088,0.2735,0.2929,0.276
ZMB,ZMB.4_1,CASS,0.8444,0.7741,0.7885,0.5852,0.7867,0.673
ZMB,ZMB.5_1,CASS,2.018,1.349,0.9766,0.5167,0.4336,0.2549
ZMB,ZMB.6_1,CASS,0.6333,0.657,0.7376,0.6275,0.9038,0.8539
ZMB,ZMB.7_1,CASS,2.534,2.632,2.971,2.401,3.61,3.455
ZMB,ZMB.8_1,CASS,0.5791,0.625,0.7491,0.6457,0.9731,0.9431
ZMB,ZMB.9_1,CASS,34.54,23.52,15.39,5.731,2.461,0.2617
ZWE,ZWE.10_1,CASS,3.433,3.859,3.76,3.648,3.501,3.305
ZWE,ZWE.1_1,CASS,0.8111,0.8572,0.8092,0.9501,1.001,1.009
ZWE,ZWE.2_1,CASS,0.5282,0.5813,0.5459,0.5787,0.5869,0.5965
ZWE,ZWE.3_1,CASS,1.044,1.03,0.9661,0.879,0.8175,0.8044
ZWE,ZWE.4_1,CASS,1.532,1.67,1.659,1.751,1.824,2.077
ZWE,ZWE.5_1,CASS,0.7469,0.8303,0.849,0.842,0.8543,0.8746
ZWE,ZWE.6_1,CASS,3.909,4.328,4.289,4.276,4.221,4.173
ZWE,ZWE.7_1,CASS,0.673,0.6445,0.5992,0.5501,0.5114,0.4841
ZWE,ZWE.8_1,CASS,3,3.558,3.533,3.466,3.406,3.278
ZWE,ZWE.9_1,CASS,0.8451,0.9589,0.946,1.023,1.05,1.042
