GID_0,GID_1,crop_type,LD_2020,LD_2021,LD_2022,LD_2023,LD_2024,production_2020,production_2021,production_2022,production_2023,production_2024,EF_2020,EF_2021,EF_2022,EF_2023,EF_2024
AGO,AGO.17_1,PIGE,0.0506392409444774,0.19789837928189288,0.23814703694510017,0.4100955587873599,0.3831732192709007,0.10217094807049765,0.10411148763288576,0.10609823051818787,0.10811577561876598,0.10703338577396726,0.4956,1.901,2.245,3.793,3.58
AGO,AGO.18_1,PIGE,0.02794990239777052,0.02192986883525939,0.017145586298836224,0.012625952850745747,0.008558601609444631,0.053618286706938974,0.05463666236643164,0.05567928506543603,0.05673807245744824,0.05617004514515343,0.5213,0.4014,0.3079,0.2225,0.1524
AGO,AGO.4_1,PIGE,0.060796492095849,0.05279468316329197,0.044860511195642605,0.036993976192900825,0.029352351055800856,0.025789205562059728,0.02627902164599393,0.026780500017640856,0.027289753247762925,0.027016544720946292,2.357,2.009,1.675,1.356,1.086
BDI,BDI.10_1,PIGE,0.0013447852932626657,0.0012032289466034378,0.0010616725999442098,9.201162532849819e-4,7.785599066257539e-4,0.8371439686014395,0.8174643232518095,0.8400754382263571,0.8315612433598688,0.8322857905655445,0.001606,0.001472,0.001264,0.001106,9.354e-4
BDI,BDI.11_1,PIGE,1.982551931943198e-4,1.753567513983694e-4,1.5245830960241902e-4,1.2955986780646868e-4,1.066614260105183e-4,54.04433363317276,44.45466480841412,32.339369804713215,62.73076906163348,52.630004289810586,3.668e-6,3.945e-6,4.714e-6,2.065e-6,2.027e-6
BDI,BDI.12_1,PIGE,1.8132404986989607e-4,1.720253806457988e-4,1.627267114217016e-4,7.893367873207818e-4,7.474274132185727e-4,7.4132554909348025,7.238984105821053,7.439214864840027,7.363818153865295,7.370234318530365,2.446e-5,2.376e-5,2.187e-5,1.072e-4,1.014e-4
BDI,BDI.13_1,PIGE,6.69900504883577e-5,5.66838888747642e-5,4.6377727261170705e-5,3.607156564757721e-5,4.368866804048713e-5,20.965851736394047,20.4683268386475,21.027010055527,20.831100629243394,20.843564804510784,3.195e-6,2.769e-6,2.206e-6,1.732e-6,2.096e-6
BDI,BDI.14_1,PIGE,0,0,0,0,0,53.96734060934367,52.69867218014998,54.156320791567495,53.607444527020384,53.65415320235322,0,0,0,0,0
BDI,BDI.15_1,PIGE,2.8887731794757744e-4,2.7406309651436834e-4,2.5924887508115924e-4,2.4443465364795014e-4,2.2962043221474104e-4,12.595388301180735,12.299294935995032,12.639494213190874,12.511392483455548,12.522293778501925,2.294e-5,2.228e-5,2.051e-5,1.954e-5,1.834e-5
BDI,BDI.16_1,PIGE,7.605880234201675e-4,6.829756024215924e-4,6.053631814230243e-4,5.277507604244528e-4,4.501383394258812e-4,149.83543672055674,145.3692292266148,147.8760869944712,149.86263922400263,148.84101945343838,5.076e-6,4.698e-6,4.094e-6,3.522e-6,3.024e-6
BDI,BDI.17_1,PIGE,0.020423892242804956,0.01895923055867233,0.017533710694167075,0.01735551745786566,0.015907181217676154,376.4285299801259,361.9139862541465,362.83656112009436,380.07918356584736,373.49442924434186,5.426e-5,5.239e-5,4.832e-5,4.566e-5,4.259e-5
BDI,BDI.1_1,PIGE,0.0013335880034612928,0.0012497158336271515,0.00116584366379301,0.0010819714939588685,9.980993241247274e-4,59.04392655709958,57.66194193964696,59.255635983061936,58.65936897795204,58.70884704801403,2.259e-5,2.167e-5,1.967e-5,1.844e-5,1.7e-5
BDI,BDI.2_1,PIGE,0,0,0,0,0,4.77359568135985,4.661377623803237,4.790311624216037,4.741761643126376,4.74589318506143,0,0,0,0,0
BDI,BDI.3_1,PIGE,0,0,0,0,0.00159224711719963,86.50116968721784,84.46769348047106,86.80407523389644,85.92431280052845,85.99917946998467,0,0,0,0,1.851e-5
BDI,BDI.4_1,PIGE,6.8826425701264095e-6,0,8.882644037362803e-4,9.433804467356326e-4,8.926659612258863e-4,134.6268191062227,131.4620013999142,135.09824868788533,133.7290230646741,133.84554243201228,5.112e-8,0,6.575e-6,7.054e-6,6.669e-6
BDI,BDI.5_1,PIGE,6.025572906955681e-4,5.391302074644556e-4,4.757031242333432e-4,4.122760410022308e-4,3.4884895777111835e-4,40.495363985236736,32.77174694063077,22.815731779088953,47.589254103909745,39.36441512815084,1.488e-5,1.645e-5,2.085e-5,8.663e-6,8.862e-6
BDI,BDI.6_1,PIGE,1.6766001578169017e-5,1.5827985055515045e-5,1.909427575377376e-5,1.794065373261144e-5,2.5359114115906058e-5,6.261959711275645,6.15849115811838,6.319840913258141,6.286941473840929,6.280568273672591,2.677e-6,2.57e-6,3.021e-6,2.854e-6,4.038e-6
BDI,BDI.7_1,PIGE,0.005596005731584456,0.005196244555680846,0.004812076751461116,0.004443502318925274,0.0040749278863894236,354.5116576649633,346.1777701177457,355.7530691725445,352.14749898508455,352.4543284440242,1.579e-5,1.501e-5,1.353e-5,1.262e-5,1.156e-5
BDI,BDI.8_1,PIGE,5.3414565056986275e-5,1.780485501899543e-5,0,0,0,73.79714686108956,72.06231780836752,74.05556608471518,73.30501025139075,73.36888160273593,7.238e-7,2.471e-7,0,0,0
BDI,BDI.9_1,PIGE,5.7396019308636406e-5,5.240506110788542e-5,4.7414102907134424e-5,4.242314470638343e-5,3.743218650563244e-5,18.90778756874373,18.463301831934732,18.97399793041517,18.78169577703121,18.798060446863722,3.036e-6,2.838e-6,2.499e-6,2.259e-6,1.991e-6
BGD,BGD.2_1,PIGE,0.19199331203081585,0.1802504120008623,0.16809497519094543,0.16439142504955806,0.1599278526370034,52.44190117659599,54.41667740064857,52.16362778577147,48.183675892743786,49.742767005447725,0.003661,0.003312,0.003222,0.003412,0.003215
BGD,BGD.3_1,PIGE,0.0012768548802723145,0.001006176646468586,7.658501723907338e-4,5.663243691470725e-4,3.844056267876902e-4,0.2663126081379256,0.27561610536545145,0.2639867338310442,0.24537973937599267,0.2528923133872197,0.004795,0.003651,0.002901,0.002308,0.00152
BGD,BGD.4_1,PIGE,3.36902222779468e-4,2.9720778391214544e-4,2.5751334504482297e-4,3.101395148108518e-4,2.9766556386089706e-4,0.9539150493058528,0.9974619555078111,0.9584392209914927,0.8692060675898062,0.9018183664030596,3.532e-4,2.98e-4,2.687e-4,3.568e-4,3.301e-4
BGD,BGD.5_1,PIGE,0.0011773627077504667,8.360959776388374e-4,5.237882216914015e-4,3.5953021264190066e-4,2.432550169291564e-4,0.6909366043852846,0.7154247872523548,0.6853432015026623,0.6362934495666966,0.6559801214155565,0.001704,0.001169,7.643e-4,5.65e-4,3.708e-4
BGD,BGD.6_1,PIGE,0.0017332646503196868,0.00141546450764506,0.0010663274159883947,7.903864826476323e-4,7.689869784978839e-4,2.198657723675194,2.3089750036137793,2.2215943792376565,1.993947191292064,2.0746636599590014,7.883e-4,6.13e-4,4.8e-4,3.964e-4,3.707e-4
BGD,BGD.7_1,PIGE,0.0035312683131513848,0.003403640650956072,0.003215028001547271,0.004220356078040478,0.005652469449142145,7.2360845691299795,7.854113657001076,7.632201270120586,6.319705470713919,6.72758837551739,4.88e-4,4.334e-4,4.212e-4,6.678e-4,8.402e-4
BGD,BGD.8_1,PIGE,7.023204305079438e-4,6.443095969897708e-4,5.661416825668707e-4,7.887193412708209e-4,6.984528934900207e-4,0.10344889782584099,0.10706283312106689,0.10254541400203453,0.09531754341158277,0.09823579616247766,0.006789,0.006018,0.005521,0.008275,0.00711
BHS,BHS.16_1,PIGE,0,0,0,0,0,0.08568426498238323,0.0855846707185525,0.08555621521460086,0.08560838363851218,0.08558816758381564,0,0,0,0,0
BTN,BTN.11_1,PIGE,0.00929505218224548,0.008681154968809496,0.008067257755373518,0.007453360541937531,0.006839463328501555,1.550670002022901,1.7196816484521378,1.681545748506969,1.319488734156815,1.4272979684711975,0.005994,0.005048,0.004798,0.005649,0.004792
BTN,BTN.12_1,PIGE,1.1900028426293403e-5,9.922714873493737e-6,7.945401320694073e-6,5.968087767894411e-6,3.990774215094746e-6,0.012470997441962254,0.01383024461094806,0.01352354317863641,0.010611761759046805,0.011478799029130475,9.542e-4,7.175e-4,5.875e-4,5.624e-4,3.477e-4
BTN,BTN.13_1,PIGE,0,0,0,0,0,0.1687380167332263,0.18712922181624403,0.1829794181090143,0.14358174970367943,0.15531314088297946,0,0,0,0,0
BTN,BTN.2_1,PIGE,0,0,0,0,0,0.008879089059070573,0.009846844583268285,0.009628479585222777,0.0075553521817891146,0.008172664563932864,0,0,0,0,0
BTN,BTN.3_1,PIGE,0.00600610630737054,0.00561861557786276,0.00523112484835498,0.00484363411884721,0.01022665949641666,0.0014089332408028408,0.001562496620778158,0.0015278464779169521,0.0011988827642200972,0.0012968378505330345,4.263,3.596,3.424,4.04,7.886
BTN,BTN.9_1,PIGE,0,0,0,0,0,0.13652034944814762,0.1514000653136935,0.1480425963614069,0.11616724567121792,0.12565872633643776,0,0,0,0,0
CAF,CAF.13_1,PIGE,0.0010190341313636735,8.919921859793801e-4,7.725938827351589e-4,6.608392216310099e-4,5.617503274304398e-4,0.015780168504738994,0.0160798822870117,0.016386732111719465,0.016698339298050608,0.016531165610605168,0.06458,0.05547,0.04715,0.03958,0.03398
CAF,CAF.3_1,PIGE,0.002742045473659502,0.004228690134224527,0.0037973100620271663,0.0034797651589901324,0.0031766663410723274,0.165104239285493,0.1682400750030046,0.1714505734756951,0.17471084711850482,0.17296174764051495,0.01661,0.02513,0.02215,0.01992,0.01837
CAF,CAF.6_1,PIGE,0.0012099291846949752,0.0010374202992553818,8.64911413815788e-4,6.924025283761944e-4,5.812329329094009e-4,0.086449300790696,0.0880912380683004,0.0897722690906097,0.0914793626093889,0.0905635264834362,0.014,0.01178,0.009635,0.007569,0.006418
CAF,CAF.7_1,PIGE,0.03275650036975561,0.03562938173893328,0.04848572101661775,0.05456026073578971,0.06958620418374661,0.32640978801236703,0.33260931066680754,0.33895644100349664,0.34540197646168475,0.34194402049220785,0.1004,0.1071,0.143,0.158,0.2035
CHN,CHN.30_1,PIGE,0.13255941978471086,0.11782701567318234,0.10129491321962276,0.08709886015207934,0.08502104358366817,0.7264301924451506,0.7316848613343165,0.7041982031829609,0.6757338863300812,0.6889193125366349,0.1825,0.161,0.1438,0.1289,0.1234
COD,COD.10_1,PIGE,2.2015812249058966,1.878583656129251,1.591337086128488,1.3213708502879735,1.0545737961146289,78.31974161803062,79.80727364152652,81.33022309415328,82.87678416620062,82.04707185976179,0.02811,0.02354,0.01957,0.01594,0.01285
COD,COD.11_1,PIGE,11.235807767497661,9.796235337371202,8.350858943590692,6.9971538627922,5.5729328646983705,53.82324847152188,54.845516983341554,55.89212522163314,56.95495994423931,56.384761285424325,0.2088,0.1786,0.1494,0.1229,0.09884
COD,COD.12_1,PIGE,2.2293190357068373,2.819018510162517,3.048881559059093,3.770842102580416,4.518935202318391,48.30373977444843,49.22117589316722,50.16045572899838,51.11429804290442,50.602572563352375,0.04615,0.05727,0.06078,0.07377,0.0893
COD,COD.13_1,PIGE,19.32236042504873,22.525633130776832,26.469507279619663,34.282776226275054,44.733598045425666,121.7665388263707,124.07925873775488,126.44704340893394,128.85153791997624,127.56155414718192,0.1587,0.1815,0.2093,0.2661,0.3507
COD,COD.14_1,PIGE,0.10670569054852413,0.10453136335422664,0.11149364497134077,0.11103234060581425,0.15728352393176395,169.6391069877875,172.8610737469767,176.15975400043234,179.5095765833989,177.71243512438446,6.29e-4,6.047e-4,6.329e-4,6.185e-4,8.85e-4
COD,COD.15_1,PIGE,0.4955848940227624,0.49134316426438424,0.45870206837832467,0.44282205860750645,0.5008704484685144,84.46305562177561,86.06726801374782,87.70967593886225,89.37754755273812,88.48275352966027,0.005867,0.005709,0.00523,0.004955,0.005661
COD,COD.16_1,PIGE,6.5094706622232605,5.909828630783201,5.804480812602184,5.967156469537566,8.277212688114885,25.102889538020303,25.57967037639693,26.067803139496814,26.563503852412197,26.29756609589545,0.2593,0.231,0.2227,0.2246,0.3148
COD,COD.17_1,PIGE,2.559406104182897,2.4444624138312916,2.38113340050958,2.6725317837388234,2.9737933204839475,100.37992044008226,102.28644289643593,104.23835874460758,106.22053685399118,105.15712099500276,0.0255,0.0239,0.02284,0.02516,0.02828
COD,COD.18_1,PIGE,0.9965293814751376,0.7492682269142104,0.7338398983931599,0.7310052091727366,0.9409214092300787,1.8691287255908073,1.9046292108824021,1.9409749458237975,1.9778841805317255,1.9580827987357465,0.5332,0.3934,0.3781,0.3696,0.4805
COD,COD.19_1,PIGE,0.003636323809715001,0.0021065390043059355,0.0012495615325903544,7.392008996694271e-4,3.130223131459952e-4,5.280127127299664,5.380412930441021,5.483086490800028,5.587351889304138,5.5314146968852915,6.887e-4,3.915e-4,2.279e-4,1.323e-4,5.659e-5
COD,COD.1_1,PIGE,1.993284873261692,1.9144775266757508,1.8698329888483947,1.894443099227443,1.8852777210563698,10.916439251628208,11.123775903076076,11.33604914146318,11.55161343780977,11.435965661113292,0.1826,0.1721,0.1649,0.164,0.1649
COD,COD.20_1,PIGE,2.4842248986148214,3.1716492333772743,3.421940053117528,3.666762812618077,4.035112722546398,51.40404963288384,52.38037014143725,53.379936376384805,54.39499976226177,53.85042987860196,0.04833,0.06055,0.06411,0.06741,0.07493
COD,COD.21_1,PIGE,8.642982155127617,11.712869307964707,12.6398331694843,12.425902612007503,12.624674634443966,37.64041600874453,38.3553229151512,39.08725141456755,39.83052764265701,39.431768457083514,0.2296,0.3054,0.3234,0.312,0.3202
COD,COD.22_1,PIGE,0.06249741229813792,0.046306869331782664,0.0338765705873766,0.03149854741178681,0.024387500264351814,47.38020712023241,48.27749934792913,49.199284155765334,50.13305727363951,49.631817499281276,0.001319,9.592e-4,6.886e-4,6.283e-4,4.914e-4
COD,COD.23_1,PIGE,32.928513306148794,35.455133100551926,38.88768509847499,46.46028464903864,53.259195759892975,245.4321124221587,250.09362073768352,254.86611734643523,259.7126061506714,257.11252040134525,0.1342,0.1418,0.1526,0.1789,0.2071
COD,COD.24_1,PIGE,0.05540863911149669,0.089997168833396,0.07694361454212534,0.0657404198770125,0.064765890256108,17.859229428627206,18.198430952294228,18.545708702715228,18.898370604305544,18.709171532215713,0.003103,0.004945,0.004149,0.003479,0.003462
COD,COD.25_1,PIGE,4.76728556597093,4.834672853124293,4.959849542710985,5.377202303802757,5.890981180321734,18.405355292065924,18.754929420314387,19.112826742092576,19.47627285955725,19.281288179134215,0.259,0.2578,0.2595,0.2761,0.3055
COD,COD.2_1,PIGE,0.35732895002566784,0.29431054507912546,0.24389425978550971,0.20871832688853903,0.8595265831155625,0.9716781030865191,0.9901332494520455,1.0090278040643699,1.0282152975078933,1.0179214269795664,0.3677,0.2972,0.2417,0.203,0.8444
COD,COD.3_1,PIGE,0.36377294983885805,0.3402399712838914,0.3182994867508313,0.298794546831686,0.28192963486878925,123.77240023977306,126.123217609416,128.53000682119335,130.97411059439355,129.66287690599268,0.002939,0.002698,0.002476,0.002281,0.002174
COD,COD.4_1,PIGE,0.1367073813606394,0.12994448138949732,0.11857040909869247,0.10985519872294384,0.10697086315935544,79.22344517611424,80.72814130095452,82.26866352400528,83.8330698125297,82.99378375178544,0.001726,0.00161,0.001441,0.00131,0.001289
COD,COD.5_1,PIGE,0.012732009773326084,0.011996565891312474,0.013924340998982595,0.019213103241068723,0.034583062706503444,13.9988923670105,14.264774253993213,14.536986662094565,14.813419417608339,14.665116409535756,9.095e-4,8.41e-4,9.579e-4,0.001297,0.002358
COD,COD.6_1,PIGE,0.16110051046651436,0.15266549358316694,0.14354311952932333,0.14770431939006493,0.14330036242156546,1471.3823336148832,1498.4379280314313,1525.7681636483385,1553.872594760083,1538.8250386868285,1.095e-4,1.019e-4,9.408e-5,9.506e-5,9.312e-5
COD,COD.7_1,PIGE,0.9319927864474798,1.5452008130111612,1.7448242816016946,2.046514229626674,2.2984605973148393,107.47967210833485,109.52104061687422,111.61101313752168,113.73338833290785,112.5947583425892,0.008671,0.01411,0.01563,0.01799,0.02041
COD,COD.8_1,PIGE,0.6600531177982982,0.8141100045329285,0.9522101911212096,1.5796722772464837,1.6878115807003438,943.4671055062188,961.3864385321131,979.7324223443385,998.3628400141175,988.367834259674,6.996e-4,8.468e-4,9.719e-4,0.001582,0.001708
COD,COD.9_1,PIGE,7.855131375507276,12.182123364843802,13.602181746268238,14.943021076285568,15.443735710038965,124.64913640650009,127.01660568404289,129.4404432777177,131.9018597488138,130.58133799622877,0.06302,0.09591,0.1051,0.1133,0.1183
COG,COG.11_1,PIGE,0.016663423636089542,0.013778352793578067,0.012216132802353221,0.010572062276260029,0.009256113199831523,0.17948009562940387,0.18288897293559994,0.1863790139871817,0.18992316420235383,0.18802176819378663,0.09284,0.07534,0.06554,0.05566,0.04923
COG,COG.2_1,PIGE,0,0,0,0,0,0.0014306084918952206,0.0014577801334355882,0.0014855987188221549,0.0015138486001061875,0.001498692862269227,0,0,0,0,0
COG,COG.7_1,PIGE,0.6321811301768416,0.6374775394135104,0.7241446654008665,0.714454235844664,0.6957834557570038,0.7145299794550125,0.7281010945305826,0.7419953313936661,0.7561049827817589,0.7485353163729407,0.8848,0.8755,0.9759,0.9449,0.9295
COG,COG.9_1,PIGE,0.0030682395958968006,0.0028763481413713607,0.002985760791316501,0.003673596953233172,0.008952382073897841,0.1659575387382994,0.16910958122865602,0.1723366723497354,0.1756137958912966,0.17385565663556435,0.01849,0.01701,0.01733,0.02092,0.05149
COL,COL.10_2,PIGE,0.01363620657139808,0.012766881043481719,0.011897555515565369,0.0121662232734321,0.01845178709585637,3.2624401191636,3.4516151387781324,2.823426539936798,0.6803498907665099,1.3221317988037742,0.00418,0.003699,0.004214,0.01788,0.01396
COL,COL.12_2,PIGE,0.00411169000342104,0.00447775905781697,0.00451377075677338,0.00475152972291543,0.00531660809039067,0.3018526312665749,0.3193557808585411,0.2612335243370841,0.06294840585838794,0.12232836397697454,0.01362,0.01402,0.01728,0.07548,0.04346
COL,COL.13_2,PIGE,0,0,0,0,0,6.258854011562551e-4,8.001498408992785e-4,8.197200825605186e-4,8.075690200170509e-4,8.099094345775602e-4,0,0,0,0,0
COL,COL.14_2,PIGE,0.0236113988748278,0.03506111423968289,0.0337949884390508,0.033890107324332924,0.04157331402679198,2.8175136937174856,2.9808893232477724,2.4383720923333794,0.5875648483152163,1.1418215544087855,0.00838,0.01176,0.01386,0.05768,0.03641
COL,COL.20_2,PIGE,2.87127670531635,3.1351239209964885,3.9122466748325864,4.10946467760303,4.592699928307925,186.2070058820293,197.00435777308167,161.14987038115345,38.8316448684049,75.46198386617093,0.01542,0.01591,0.02428,0.1058,0.06086
COL,COL.23_2,PIGE,0.0053066732711103595,0.0047284135005969145,0.00415015373008346,0.003571893959570005,0.00299363418905655,0.08940589364971503,0.08940589364971503,0.08940589364971503,0.08940589364971503,0.08940589364971503,0.05935,0.05289,0.04642,0.03995,0.03348
COL,COL.29_2,PIGE,2.0096304432907385e-4,4.051854255060774e-4,3.838781833188385e-4,3.625709411315996e-4,3.412636989443607e-4,0.4310267245538516,0.4560201301317498,0.37302517412622144,0.08988639615026572,0.17467727156720436,4.662e-4,8.885e-4,0.001029,0.004034,0.001954
COL,COL.33_2,PIGE,0,0,0,0,0,9.620018792436701e-4,9.620018792436701e-4,9.620018792436701e-4,9.620018792436701e-4,9.620018792436701e-4,0,0,0,0,0
COL,COL.3_2,PIGE,0.00880101804101216,0.00823314034646035,0.00766526265190853,0.00709738495735672,0.00681317799270276,0.06107290969645293,0.06107290969645293,0.06107290969645293,0.06107290969645293,0.06107290969645293,0.1441,0.1348,0.1255,0.1162,0.1116
COL,COL.4_2,PIGE,5.076811798216123,4.872128586202114,4.557983598585893,4.5911263445292585,4.786367103321277,2640.4211016281856,2793.527885338041,2285.110145364888,550.6339250544999,1070.0532647906832,0.001923,0.001744,0.001995,0.008338,0.004473
COL,COL.6_2,PIGE,0.06050019636438147,0.055729430130045485,0.050901766424936164,0.04714877204881224,0.0520499507839472,5.928066754545446,6.271810119513291,5.13035041072007,1.2362401826843534,2.4023998220158562,0.01021,0.008886,0.009922,0.03814,0.02167
COL,COL.7_2,PIGE,0.7768925485678421,0.7969606136840202,0.7650280905191829,0.7853620408955169,0.7821789791999895,10.416072441752254,11.020056158388268,9.014423039123018,2.1721697530433146,4.221202563379137,0.07459,0.07232,0.08487,0.3616,0.1853
CRI,CRI.5_1,PIGE,0.08700611193289354,0.0749015255332933,0.06282556280532639,0.05074960007735952,0.0387738067676811,2.6652206849084714,3.407294535151767,3.490630897987258,3.4388877782809377,3.4488540137713435,0.03264,0.02198,0.018,0.01476,0.01124
CRI,CRI.6_1,PIGE,0.445174911204169,0.4964466427828513,0.49906997334730685,0.5328035500263543,0.5111828379714056,3.871067373055717,4.948883512762477,5.069924399540931,4.994770734551973,5.009246072094396,0.115,0.1003,0.09844,0.1067,0.102
DOM,DOM.10_1,PIGE,6.761392257609203,6.119466902675761,5.4868007327707415,4.918208856723605,4.315435794631147,319.9700087374596,309.57101549234875,309.89447812790615,334.00118351129754,325.9326599013148,0.02113,0.01977,0.01771,0.01473,0.01324
DOM,DOM.11_1,PIGE,1.3240234890518436,1.290870943010017,1.2471167563735648,3.1040896650807155,2.944792244339507,1946.8362196891105,1933.2022568916839,2025.435480840702,2187.837865433974,2125.244850539466,6.801e-4,6.677e-4,6.157e-4,0.001419,0.001386
DOM,DOM.12_1,PIGE,2.63117823678731,2.2134211742513883,1.8217398182073739,1.6502893776099334,1.3234772805567747,364.37209061105955,351.4950348298346,349.98127133849744,377.10533515153725,368.1986470671659,0.007221,0.006297,0.005205,0.004376,0.003594
DOM,DOM.13_1,PIGE,0.04441063635636202,0.0412384095882926,0.03807502305136963,0.03492818786641091,0.03178906380227,347.92963072986714,345.4930314959311,361.9765298123594,391.0003383534857,379.81400211304276,1.276e-4,1.194e-4,1.052e-4,8.933e-5,8.37e-5
DOM,DOM.14_1,PIGE,1.1922562338842668,1.0988133927872916,1.0100350299817986,1.0447277859484616,0.973447330273858,324.183647475759,321.913344640565,337.2718543373982,364.3148058007808,353.8919301270138,0.003678,0.003413,0.002995,0.002868,0.002751
DOM,DOM.15_1,PIGE,0.7808413737286561,0.7054093148050237,0.6093724680796064,0.5366098226249374,0.45720028509990485,587.469031835125,583.3549051080398,611.1868111658665,660.1926652176062,641.3048627985664,0.001329,0.001209,9.97e-4,8.128e-4,7.129e-4
DOM,DOM.16_1,PIGE,7.1469189041261005,7.158479813358292,7.148240241772667,8.418516654358754,8.084647378844037,175.32614507656393,174.09831187970065,182.40455533224292,197.03001984436648,191.3930834142817,0.04076,0.04112,0.03919,0.04273,0.04224
DOM,DOM.17_1,PIGE,1.392587928105992,1.2533440695240188,1.1189094582354133,0.9877265212613123,0.8438075103176461,1009.8153794891491,1002.7435029866547,1050.5844703477708,1134.8218725336549,1102.3551511680737,0.001379,0.00125,0.001065,8.704e-4,7.655e-4
DOM,DOM.18_1,PIGE,3.4810643740653497,3.7505997773765496,3.7107534642906,8.81573182307537,8.834427388908532,1234.4450751667227,1225.8000858963992,1284.2830994746018,1387.2588001673446,1347.5699767342662,0.00282,0.00306,0.002889,0.006355,0.006556
DOM,DOM.19_1,PIGE,0.6728776722976187,0.5881844462225885,0.5386523473763147,0.5303355425670135,0.4842743521570073,118.0069488317019,117.1615832382787,122.71782120929305,132.55579481816414,128.76688935081373,0.005702,0.00502,0.004389,0.004001,0.003761
DOM,DOM.1_1,PIGE,1.8853134186312739,2.158514219341543,2.0479029467023397,2.086606909937604,2.0164355642505183,374.55408604579037,371.93103207590485,389.675889373042,420.92067314982194,408.87833016813704,0.005033,0.005804,0.005255,0.004957,0.004932
DOM,DOM.20_1,PIGE,0.6138181409144416,0.6869965105958391,0.7000572079536104,0.675086643937259,0.7566648673693139,75.44258491534714,74.91425007871574,78.48841454073774,84.78173062260582,82.35616508528466,0.008136,0.00917,0.008919,0.007963,0.009188
DOM,DOM.21_1,PIGE,5.062507227468057,4.913766358883704,4.688522511906925,5.084895257207973,4.842235372516487,486.9604068390511,483.5501558875234,506.62036991172283,547.2419334892694,531.5855985135519,0.0104,0.01016,0.009255,0.009292,0.009109
DOM,DOM.22_1,PIGE,0.3107117220806105,0.3869867885022143,0.38564191301524037,0.4497726050200752,0.49499451312159914,220.6991792874893,219.15359246852785,229.6094267203881,248.01984698665473,240.92411552417272,0.001408,0.001766,0.00168,0.001813,0.002055
DOM,DOM.23_1,PIGE,0.7289348154673359,0.5625583097229189,0.40673473902071156,0.2659472914832552,0.14872891793678933,131.796643943374,130.87365385197504,137.11764564420676,148.11193938156714,143.8745262833502,0.005531,0.004298,0.002966,0.001796,0.001034
DOM,DOM.24_1,PIGE,1.467240508304901,1.5879899968565911,1.5780515482913127,2.1320658657966653,2.0481911685542653,159.11862091457476,158.00429124678504,165.54268777385218,178.81614303854124,173.70029707873573,0.009221,0.01005,0.009533,0.01192,0.01179
DOM,DOM.25_1,PIGE,0.6794252915096745,0.6962605208584733,0.7504342662977939,0.7878415992263893,0.8305285856260456,27.642786671840785,27.44920042083028,28.75880382141113,31.064726850225,30.175979589218862,0.02458,0.02537,0.02609,0.02536,0.02752
DOM,DOM.26_1,PIGE,3.815674680924979,3.351442149910267,2.9716023347434977,3.2539291718535255,2.966186548011011,722.1263262095921,717.0691758612406,751.2805997556486,811.5193790468744,788.3021903408971,0.005284,0.004674,0.003955,0.00401,0.003763
DOM,DOM.27_1,PIGE,0.36697887495709963,0.37727547933085576,0.35596011393430654,0.332865454007265,0.42459738520164686,972.2422130258573,965.4334665948919,1011.4943693353509,1092.597469945865,1061.3387689285216,3.775e-4,3.908e-4,3.519e-4,3.047e-4,4.001e-4
DOM,DOM.28_1,PIGE,0.9166189551459673,0.886072980482281,0.8122900391293836,0.955049403487587,0.8847059398100854,527.505522378317,523.8113283856187,548.8024059543484,592.8061869883988,575.8462800967786,0.001738,0.001692,0.00148,0.001611,0.001536
DOM,DOM.29_1,PIGE,7.592561071775494,7.988392712002705,7.7711663235342945,8.06847693643456,7.962706185716945,213.80466219699707,212.30735863297372,222.43655855761293,240.27184774464894,233.39778290546644,0.03551,0.03763,0.03494,0.03358,0.03412
DOM,DOM.2_1,PIGE,1.1732469676385238,1.0093764168703936,0.8549751194610884,0.7119035867454803,0.5628216538129386,337.78559342933,335.42003428894293,351.42294915688933,379.6005561375817,368.7403623180684,0.003473,0.003009,0.002433,0.001875,0.001526
DOM,DOM.30_1,PIGE,4.097178749214834,4.074665526098367,3.7199605215457554,3.4407172591106105,3.192405834678045,335.1036365534662,332.7568595273114,348.63271412863065,376.5865959764065,365.8126301430893,0.01223,0.01225,0.01067,0.009137,0.008727
DOM,DOM.31_1,PIGE,0.7558165157729988,0.7156535048185064,0.6635836676128319,0.9926342893886411,1.0552101628646235,623.5121365459655,619.1455949810212,648.6850775237069,700.6975975157999,680.6509679868093,0.001212,0.001156,0.001023,0.001417,0.00155
DOM,DOM.32_1,PIGE,0.4066394510417112,0.47936270058163505,0.4588183173047389,0.48770384879407536,0.45092173242837724,450.9573302437846,447.79921380769713,469.16374771721536,506.78198444444314,492.2831896289017,9.017e-4,0.00107,9.779e-4,9.624e-4,9.16e-4
DOM,DOM.3_1,PIGE,3.1805680070677362,3.658878311189775,3.6418198017600343,5.392440694242484,5.369240582663056,196.5929706328444,195.21620292083225,204.5299825309514,220.92949621482327,214.60880697834386,0.01618,0.01874,0.01781,0.02441,0.02502
DOM,DOM.4_1,PIGE,1.3711662455672682,1.14200882146451,0.9225153600348731,0.7457425988665886,0.599333411788919,427.65799028575765,418.5746964366159,427.76394124338947,461.50961762326256,449.4158403758873,0.003206,0.002728,0.002157,0.001616,0.001334
DOM,DOM.5_1,PIGE,0,0,0,0,0,0.2513646274724916,0.24960428628667977,0.26151292541310517,0.28248141495068474,0.27439975419657636,0,0,0,0,0
DOM,DOM.6_1,PIGE,1.2663563234347504,1.2288493741834674,1.1721160446473484,1.455351772906505,1.5225058302230987,889.6552653174847,883.4248866820337,925.5731539546418,999.7869656211371,971.1835295899916,0.001423,0.001391,0.001266,0.001456,0.001568
DOM,DOM.7_1,PIGE,0.3322983141468282,0.30854207255826216,0.3330196796933202,0.45562526285130905,0.4239255039374311,1009.3705318482499,1002.3017706751938,1050.1216629547641,1134.321956565755,1101.8695375614775,3.292e-4,3.078e-4,3.171e-4,4.017e-4,3.847e-4
DOM,DOM.8_1,PIGE,1.6578939931440344,1.8095751158498854,1.8339833963587993,1.857895527954196,1.9789493732088683,341.5442488713966,339.1523673480853,355.3333521048232,383.8245009235411,372.8434620253872,0.004854,0.005336,0.005161,0.00484,0.005308
DOM,DOM.9_1,PIGE,1.9358732609564522,1.8367273131582762,1.925611158320976,3.668799733446776,3.491164572551026,644.7915402993434,640.2759761323996,670.8235907367542,724.6112091563992,703.8804224175668,0.003002,0.002869,0.002871,0.005063,0.00496
GRD,GRD.2_1,PIGE,0.15196827583945327,0.11917492674000618,0.08638157764055908,0.053588228541111976,0.03336562100172445,23.458058657186108,24.483667277074808,24.007801181209906,23.98334553602627,24.09706666376239,0.006478,0.004868,0.003598,0.002234,0.001385
GRD,GRD.3_1,PIGE,0.01561261508669788,0.01134306206954793,0.00707350905239798,0.00280395603524803,5.576496055608784e-4,4.563844488451322,4.763380107131059,4.6707987520158705,4.6660408237016,4.6881656529393325,0.003421,0.002381,0.001514,6.009e-4,1.189e-4
GRD,GRD.4_1,PIGE,0.05144675354153285,0.0367476811010949,0.02204860866065693,0.00734953622021897,0,4.711705169671831,4.917705397866726,4.8221245667022785,4.817212489725948,4.840054125228937,0.01092,0.007473,0.004572,0.001526,0
GRD,GRD.5_1,PIGE,0.07510540561202848,0.06273787320309078,0.05037034079415306,0.03800280838521534,0.02916745533235093,4.5862764159924465,4.786792779864407,4.693756374570611,4.688975060379923,4.711208636216621,0.01638,0.01311,0.01073,0.008105,0.006191
GRD,GRD.7_1,PIGE,0.04230679539880568,0.03287891994237399,0.0236810363335771,0.01473307104261538,0.00893001857544956,3.228589802291979,3.3697468170179627,3.3042522061118182,3.300886316043837,3.3165380320992703,0.0131,0.009757,0.007167,0.004463,0.002693
HTI,HTI.10_1,PIGE,4.422923518850967,4.141954325408913,3.8251553461408907,3.636623242222492,3.357131566516934,845.1857249339494,600.98374100719,207.7152148421804,202.72457821825395,240.3594512437509,0.005233,0.006892,0.01842,0.01794,0.01397
HTI,HTI.1_1,PIGE,0.39559403158812667,0.37449379130927685,0.3463691901087841,0.38459568571561537,0.44943150029471746,844.7286193100848,610.0705570911324,234.12986763953924,232.1238722829603,267.17854285574543,4.683e-4,6.139e-4,0.001479,0.001657,0.001682
HTI,HTI.2_1,PIGE,1.7807829834523226,1.4649541681360057,1.187392906404448,0.9393971518588413,0.7072882458347656,216.16372869931425,153.70691022251896,53.1250043904537,51.848604908794684,61.47405673827563,0.008238,0.009531,0.02235,0.01812,0.01151
HTI,HTI.3_1,PIGE,1.184126481678194,1.081850619775834,0.9685404588272358,0.85366849423891,0.7370505431731837,1599.494508519545,1137.3478811721002,393.09625763259226,383.6515928228421,454.8747227897107,7.403e-4,9.512e-4,0.002464,0.002225,0.00162
HTI,HTI.4_1,PIGE,0.10553856595074268,0.08315113761404756,0.06409025993267253,0.04678224034178853,0.033048593194727464,323.08522977871127,229.73526921760498,79.40233245310053,77.49458492162238,91.88109340185675,3.267e-4,3.619e-4,8.072e-4,6.037e-4,3.597e-4
HTI,HTI.5_1,PIGE,2.9620768163666953,2.5201542047588075,2.093052768159483,1.6750454924585036,1.281336022786897,789.7886385248843,566.5308434076115,208.0186783181207,204.9196950411393,238.74473333818528,0.00375,0.004448,0.01006,0.008174,0.005367
HTI,HTI.6_1,PIGE,0.8415677808725321,0.7349019313360685,0.6315084226307927,0.5678401862655041,0.5039896503452901,610.7452042619096,434.2808057817202,150.09845478283248,146.4921380948464,173.68772071678958,0.001378,0.001692,0.004207,0.003876,0.002902
HTI,HTI.7_1,PIGE,0.5932932986643913,0.5259216875545837,0.44625312794655847,0.5541885665607654,0.5477264730131821,866.261149350584,615.9697813951926,212.89477027176778,207.77968788183335,246.35301845397245,6.849e-4,8.538e-4,0.002096,0.002667,0.002223
HTI,HTI.8_1,PIGE,1.061597960126826,0.9183034379286923,0.7795562070924656,0.6474110755188487,0.5259142155385576,1096.7691312760019,787.3248289623573,290.5381651740245,286.4218527292326,333.2335339539451,9.679e-4,0.001166,0.002683,0.00226,0.001578
HTI,HTI.9_1,PIGE,0.6258140183293148,0.5644818311843319,0.5127679170535312,0.5179418536926328,0.491594232928076,280.59415974986763,200.06415025372846,70.48970300823876,69.00485641123184,81.35164644814004,0.00223,0.002822,0.007274,0.007506,0.006043
IND,IND.11_1,PIGE,0.03861977419680036,0.0324727139136448,0.026325653630489228,0.027699055203904505,0.024598833674529995,1034.956252165406,1147.7588858221604,1122.3060247822755,880.6600458485203,952.6146467302543,3.732e-5,2.829e-5,2.346e-5,3.145e-5,2.582e-5
IND,IND.12_1,PIGE,0.18713229273097948,0.16201524330133002,0.13767535172192724,0.11351992836596138,0.08958648798029124,32.378539835713156,35.907562980205306,35.11127185834534,27.551392937206128,29.80248800150235,0.00578,0.004512,0.003921,0.00412,0.003006
IND,IND.13_1,PIGE,0.038465526665344495,0.02907253945126113,0.01967955223717777,0.010520072242905494,0.006009848429593046,2.4197563768745987,2.6834920580186914,2.623982564083945,2.059007573839035,2.2272394232189026,0.0159,0.01083,0.0075,0.005109,0.002698
IND,IND.15_1,PIGE,4.039792259928135,3.837570453738796,3.6061418883127003,5.742097527540614,6.024473115234237,3844.301859147604,4263.302539974547,4168.7589485797125,3271.1750322287135,3538.4473979592653,0.001051,9.001e-4,8.65e-4,0.001755,0.001703
IND,IND.16_1,PIGE,0.4112321703398608,0.34968112354173275,0.2891242395907603,0.47699097356900416,0.4973108880147408,4283.452089340391,4750.316921365097,4644.973231162856,3644.8546549632974,3942.658629614062,9.6e-5,7.361e-5,6.224e-5,1.309e-4,1.261e-4
IND,IND.17_1,PIGE,0.30379118235564156,0.2578195636029891,0.21201599813001606,0.16706568202885247,0.12267004486565034,70.49740044282366,78.18109955500064,76.44734459348413,59.98731229100911,64.88859415818938,0.004309,0.003298,0.002773,0.002785,0.00189
IND,IND.19_1,PIGE,2.1491892962632058,1.8138803182701435,1.5226793219918906,1.3459783648726145,1.0921774785160063,1580.4917960011132,1752.7537990459782,1713.8844864792618,1344.8645530836427,1454.7471265162633,0.00136,0.001035,8.884e-4,0.001001,7.508e-4
IND,IND.1_1,PIGE,0.2632656422773049,0.22896498746348906,0.19466433264967326,0.16036367783585742,0.1260630230220416,0.30873685999314465,0.34238691123084414,0.3347940913615459,0.26270889876535314,0.2841736104300314,0.8527,0.6687,0.5814,0.6104,0.4436
IND,IND.20_1,PIGE,3.780990734985489,3.177223754072131,2.721959560650236,2.361477840874556,2.0990396999642984,2661.3497427345997,2951.4173271702452,2885.966285120275,2264.5830502998156,2449.61150743944,0.001421,0.001077,9.432e-4,0.001043,8.569e-4
IND,IND.21_1,PIGE,0.42983337757580814,0.43696235837834596,0.4849397647117636,0.5023182030007991,0.5086336719193054,85.76145703776527,93.18444761228419,90.82482676767707,74.47531606664606,79.4662939943548,0.005012,0.004689,0.005339,0.006745,0.006401
IND,IND.22_1,PIGE,5.053795145322622,5.3701175246347574,5.3010220096462435,6.319810812796583,6.996149703809656,502.97519542935345,557.79143453089,545.4205529166687,427.99341222796835,462.95997172308034,0.01005,0.009627,0.009719,0.01477,0.01511
IND,IND.23_1,PIGE,0.4711006104683691,0.45887364424091903,0.459602564565972,0.4620887830480296,0.48560684417515115,49.73735430097106,55.09467149504502,53.85506773062248,42.38288663390012,45.80531076291302,0.009472,0.008329,0.008534,0.0109,0.0106
IND,IND.24_1,PIGE,25.71289667561603,24.843099760943975,23.694256530104965,24.928795742720126,23.910384718951637,1719.8343255625043,1907.2836413870468,1864.9874534964204,1463.4332348181933,1583.003498990846,0.01495,0.01303,0.0127,0.01703,0.0151
IND,IND.25_1,PIGE,0,0,0,0,0,0.11308202941246638,0.1254071404597091,0.1226260942321786,0.09622322199480801,0.10408517004937189,0,0,0,0,0
IND,IND.26_1,PIGE,19.71953799120782,17.504648658502184,15.345145051929448,14.183724411472257,13.301167449211219,5152.730119812336,5714.339875607521,5587.617877995343,4384.536577333275,4742.776491770867,0.003827,0.003063,0.002746,0.003235,0.002805
IND,IND.28_1,PIGE,0.0763071830575316,0.06396025177242731,0.051799394256850026,0.04076968938218127,0.03857786179719842,40.97958084844192,45.44605432128912,44.43823628586415,34.8701497994084,37.71922615223103,0.001862,0.001407,0.001166,0.001169,0.001023
IND,IND.29_1,PIGE,0.01138772550831831,0.009116776700642128,0.006883180657547196,0.00484451082365499,0.0035492244925038755,11.604990443781157,12.869849207502858,12.584445637529017,9.87486320789779,10.68169195439939,9.813e-4,7.084e-4,5.47e-4,4.906e-4,3.323e-4
IND,IND.2_1,PIGE,2.7846766336707423,2.3575131372303977,1.9716283990426544,4.305668527329733,4.674805564910789,2956.402649033499,3278.628834210924,3205.9215041703,2515.648064347772,2721.189865957091,9.419e-4,7.191e-4,6.15e-4,0.001712,0.001718
IND,IND.30_1,PIGE,0,0,0,0,0,0.0028683498292733315,0.003180978903510976,0.00311043707194513,0.002440722578246464,0.002640142569886427,0,0,0,0,0
IND,IND.31_1,PIGE,0.6895311665205752,0.6386352129119411,0.585578062297087,0.7993257601520466,0.9025454406254052,2890.229899176864,3205.243740407846,3134.1638084366614,2459.3406631404855,2660.281851153608,2.386e-4,1.992e-4,1.868e-4,3.25e-4,3.393e-4
IND,IND.32_1,PIGE,4.567559854263827,3.84704752405193,3.143341088970183,2.562877888262558,1.972449573607184,2412.4725364105343,2675.414332416233,2616.0839712504135,2052.8096429954703,2220.535088522632,0.001893,0.001438,0.001202,0.001248,8.883e-4
IND,IND.33_1,PIGE,6.328670875565467e-4,5.212637383803729e-4,0.004024929454130982,0.0037730801315182367,0.003552614110255043,0.7501261187604202,0.7979729880619488,0.7707905507900839,0.6705676499120482,0.7038015655299228,8.437e-4,6.532e-4,0.005222,0.005627,0.005048
IND,IND.34_1,PIGE,1.108619863869917,0.9788035921073476,0.8569733929539246,0.7654965070704042,0.6528879107747386,2323.3046395211813,2576.0549836925156,2518.8650667462525,1976.55902811634,2138.044568597983,4.772e-4,3.8e-4,3.402e-4,3.873e-4,3.054e-4
IND,IND.35_1,PIGE,0.505038145190919,0.4574263766111669,0.9503074194717354,1.0960094141103045,1.1203209895181345,125.7873442090049,139.48996216087158,136.39564396889867,107.02857470320114,115.77322617385502,0.004015,0.003279,0.006967,0.01024,0.009677
IND,IND.36_1,PIGE,0.1877292024844234,0.1691209989310464,0.1503621837339188,0.1313401048413577,0.11169276295046514,108.50851721217023,120.32956500617624,117.65955771378748,92.33686513745576,99.87772785884877,0.00173,0.001405,0.001278,0.001422,0.001118
IND,IND.3_1,PIGE,1.5804940211131477,1.462794341226525,1.3148996595911209,1.1642545868866563,1.0241418752331246,174.9915349886256,194.0342455856231,189.72673256760567,148.92640533953994,161.07738095326135,0.009032,0.007539,0.00693,0.007818,0.006358
IND,IND.4_1,PIGE,4.923259736762346,4.479545027300689,4.348367545685831,3.8902644302822194,3.495236294412686,808.1628838159932,896.2467052599859,876.3714133949211,687.6781127949733,743.8650652683202,0.006092,0.004998,0.004962,0.005657,0.004699
IND,IND.5_1,PIGE,0.46673400179015107,0.40944443707484524,0.35422406887447894,0.2994103892553757,0.2522168997332606,139.42768985608149,154.43321438347647,150.9830374871417,118.48907864163012,128.1662949018566,0.003347,0.002651,0.002346,0.002527,0.001968
IND,IND.6_1,PIGE,0,0,0,0,0,0.15392357768113035,0.17070011766335036,0.16691464805989353,0.13097591776871387,0.14167734555869183,0,0,0,0,0
IND,IND.7_1,PIGE,2.582216330574202,2.2972863949740154,2.015437079290451,1.7584093885530676,1.5002377276254228,639.6806226568103,709.4011144978011,693.6693364981754,544.3139894065047,588.7873319258111,0.004037,0.003238,0.002905,0.003231,0.002548
IND,IND.8_1,PIGE,0,0,0,0,0,0.023906522250556474,0.02651215767311111,0.025924220368981385,0.02034242407561105,0.022004508113859043,0,0,0,0,0
JAM,JAM.10_1,PIGE,0.01870296468824007,0.015292675593758598,0.01188238649927713,0.008528082953963264,0.005421943522897448,6.3997374810017815,9.135211752205327,8.588116897964618,7.519373461773465,8.188173595333135,0.002922,0.001674,0.001384,0.001134,6.622e-4
JAM,JAM.11_1,PIGE,0.03294350954650405,0.039896795661003584,0.03702822898950763,0.03697817502945933,0.04070060442285048,5.906833937726522,8.43162379182434,7.926665821004775,6.940236296613071,7.5575258867241795,0.005577,0.004732,0.004671,0.005328,0.005385
JAM,JAM.12_1,PIGE,0.14032481617558362,0.12156268506026036,0.10474566285842772,0.08941475997650417,0.07697898968088503,20.996262382837852,29.970807934150255,28.175898823887778,24.66956474802619,26.86376460818947,0.006683,0.004056,0.003718,0.003624,0.002866
JAM,JAM.13_1,PIGE,0.02443895422869611,0.021367760960520576,0.01935391680534149,0.06211234118832126,0.05860635573842731,10.405622066651167,14.853353168698883,13.963806948289339,12.226088750279999,13.313521078341427,0.002349,0.001439,0.001386,0.00508,0.004402
JAM,JAM.14_1,PIGE,0.3152703660733254,0.24439266642327084,0.1735583052867288,0.10429435828646233,0.038968333838759056,22.031057741346263,31.44791144788592,29.564540706577986,25.885397863092727,28.18773829558915,0.01431,0.007771,0.00587,0.004029,0.001382
JAM,JAM.1_1,PIGE,0.34471487355848474,0.3346342207846842,0.30942328802796615,0.28794854560945937,0.34836420677835506,74.01779691360565,105.65562263214485,99.328057488437,86.96723255654263,94.70241116481627,0.004657,0.003167,0.003115,0.003311,0.003679
JAM,JAM.2_1,PIGE,0.2975219113671621,0.23056031924465545,0.16362306194214296,0.09693743753742014,0.03198064248600988,7.296918012999671,10.41587899271126,9.792086796768942,8.573515995393251,9.33607535914144,0.04077,0.02214,0.01671,0.01131,0.003425
JAM,JAM.4_1,PIGE,0.0545995483968088,0.04492210127542194,0.03543438581012671,0.025925607562699668,0.01652508740000398,25.88450331018432,36.94845601732076,34.73566547589347,30.41300488333784,33.11804697644994,0.002109,0.001216,0.00102,8.525e-4,4.99e-4
JAM,JAM.5_1,PIGE,0.9195534904316263,0.8713525627715453,0.8204945168300491,0.8233417286902713,0.8587162519964787,2.656949175593372,3.7926232764931234,3.5654884563131732,3.1217832261942005,3.39944585982147,0.3461,0.2297,0.2301,0.2637,0.2526
JAM,JAM.6_1,PIGE,0.32054982714597025,0.29854073504114986,0.27670675379537196,0.2549552226067568,0.2332589686046524,2.7324135546646087,3.900343801688248,3.6667577522835204,3.210450120888238,3.4959991071903893,0.1173,0.07654,0.07546,0.07941,0.06672
JAM,JAM.7_1,PIGE,0.10549786584580928,0.09040582720633136,0.07489928957453727,0.06821139560336438,0.06434669656174506,15.417851171898313,22.00798636465803,20.689959326106084,18.115208832190664,19.72644069186916,0.006843,0.004108,0.00362,0.003765,0.003262
JAM,JAM.8_1,PIGE,0.15837283719324327,0.14011676772711168,0.12112003624910936,0.10373986867331904,0.08467572130547438,57.20479758295068,81.6561524146294,76.76588144829365,67.21279397917267,73.19094173559323,0.002769,0.001716,0.001578,0.001543,0.001157
JAM,JAM.9_1,PIGE,0.2041565331208472,0.1724282800718276,0.14180739216683366,0.11351554557280973,0.17959255222085108,52.07455242191782,74.33305892432801,69.88135762384597,61.18501089732292,66.627025935944,0.00392,0.00232,0.002029,0.001855,0.002695
KEN,KEN.10_1,PIGE,0.005594213664747876,0.0052282374992787374,0.005606484341354038,0.005202342893446722,0.004798201445539408,21.569247653590082,18.122543277229223,27.89181862653894,32.03897184637297,29.210190219463367,2.594e-4,2.885e-4,2.01e-4,1.624e-4,1.643e-4
KEN,KEN.13_1,PIGE,5.134923387672131e-5,3.0809540326032786e-5,1.0269846775344263e-5,0,0,14.81430736542986,12.447861914739766,19.164116062328155,22.00697242468519,20.065385549477202,3.466e-6,2.475e-6,5.359e-7,0,0
KEN,KEN.14_1,PIGE,0.001870198264844552,0.001627941949457705,0.0013418558029947025,0.0010661960882966896,7.977575133876889e-4,3.579854141736584,3.0080063098483723,4.630978591583675,5.317950373126074,4.848768949701961,5.224e-4,5.412e-4,2.898e-4,2.005e-4,1.645e-4
KEN,KEN.15_1,PIGE,0,0,0,0,0,3.943294467357405,3.313390481782946,5.101133044986004,5.857848798793978,5.341034303587287,0,0,0,0,0
KEN,KEN.16_1,PIGE,0,0,0,0,0,0.3205103493738114,0.26931185325345364,0.41461928546929666,0.4761250220145555,0.4341184217488764,0,0,0,0,0
KEN,KEN.18_1,PIGE,1.3788572084775295,1.0842151057670544,0.7997181569979973,0.5446239120727634,0.368916044368514,3406.362843591622,2862.2286052655054,4406.546406437263,5060.22531585417,4613.78194012489,4.048e-4,3.788e-4,1.815e-4,1.076e-4,7.996e-5
KEN,KEN.19_1,PIGE,5.015843883910319e-4,4.0354443454086486e-4,3.1623888514949834e-4,2.3618660924416536e-4,1.699783044190781e-4,5.456013810938026,4.017319646589917,2.11731816554147,6.892927986197566,5.304018236073026,9.193e-5,1.005e-4,1.494e-4,3.427e-5,3.205e-5
KEN,KEN.1_1,PIGE,0.08383226078915051,0.09221396921919223,0.11039650939826638,0.12175892206859922,0.14248756119115932,1.5476248536014208,1.3004064245625864,2.0020417818906684,2.299030027987789,2.0961958333557673,0.05417,0.07091,0.05514,0.05296,0.06797
KEN,KEN.22_1,PIGE,0.11565614365410543,0.11688733909761259,0.13087637705770708,0.1471275466617848,0.22302631622161537,1234.829339546217,1037.5770346718873,1597.4025782301612,1834.3655598776152,1672.5268468251597,9.366e-5,1.127e-4,8.193e-5,8.021e-5,1.333e-4
KEN,KEN.23_1,PIGE,0.6420942961383415,0.6733704018610439,0.5997782409884418,0.5980236535715646,0.8504113862297021,5480.496321562956,4605.038882496237,7089.691404046783,8141.395236855539,7423.112602028925,1.172e-4,1.462e-4,8.46e-5,7.345e-5,1.146e-4
KEN,KEN.26_1,PIGE,0.13681120910168346,0.12807729203896615,0.11934337497624888,0.11084465915083005,0.12930028722481415,642.5062864084265,539.871985593318,831.1603600341026,954.4569164720341,870.2490124399966,2.129e-4,2.372e-4,1.436e-4,1.161e-4,1.486e-4
KEN,KEN.27_1,PIGE,0,0,0,0,0,12.736814165994714,10.70222859976438,16.47662485463393,18.920811565141445,17.251504279512506,0,0,0,0,0
KEN,KEN.28_1,PIGE,2.9232367375251134e-4,2.6388953985417006e-4,2.3552245205967772e-4,2.072938871870649e-4,1.7913679913248275e-4,0.030915695629252535,0.025977205730798793,0.03999322847649147,0.045925931224472014,0.041874070587925825,0.009456,0.01016,0.005889,0.004514,0.004278
KEN,KEN.29_1,PIGE,0.004085149546976393,0.0035391440926016075,0.003181296463905573,0.002978226980822768,0.0027751574977399737,95.45727049434333,80.20887460755542,123.48563895842774,141.80382974953707,129.2930468311608,4.28e-5,4.412e-5,2.576e-5,2.1e-5,2.146e-5
KEN,KEN.30_1,PIGE,0,0,0,0,0,0.21194090624109077,0.1780853515386309,0.27417144962426115,0.3148427776106923,0.287065462632224,0,0,0,0,0
KEN,KEN.33_1,PIGE,0,0,0,0,0,0.49842827310015486,0.41879705339841183,0.6446731527558048,0.7404002412115114,0.6750569150936141,0,0,0,0,0
KEN,KEN.36_1,PIGE,0,0,0,0,0,105.25708636535589,88.44326260445249,136.1628977805165,156.36166713744169,142.56650463888917,0,0,0,0,0
KEN,KEN.39_1,PIGE,5.760095611351615e-4,3.954500834045648e-4,2.657534777588224e-4,2.0619570530931434e-4,2.6259063863572584e-4,2.801837371473457,2.3449675261429754,3.543477312618542,4.14230786521113,3.76076117601235,2.056e-4,1.686e-4,7.5e-5,4.978e-5,6.982e-5
KEN,KEN.40_1,PIGE,0,0,0,0,0,0.10753711342062078,0.09035907690786288,0.1391123912691091,0.15974869639875167,0.14565470989875093,0,0,0,0,0
KEN,KEN.41_1,PIGE,0.1536015320224571,0.13087110016468698,0.10836061838654228,0.08647458579701049,0.06613144578909379,2195.2010484298853,1844.5384486697724,2839.7606877271696,3261.018402532296,2973.3118335420822,6.997e-5,7.095e-5,3.816e-5,2.652e-5,2.224e-5
KEN,KEN.47_1,PIGE,0,0,0,0,0,0.06480915584705062,0.059072914923963535,0.0754270390841669,0.08246130250687743,0.07768175268939866,0,0,0,0,0
KEN,KEN.4_1,PIGE,0,0,0,0,0,6.717931971190828,6.734395723561506,6.70513290788605,6.71915519169315,6.715395045018635,0,0,0,0,0
KEN,KEN.5_1,PIGE,7.890515139349167e-6,7.204383388101414e-6,6.5182516368536595e-6,5.832119885605906e-6,5.1459881343581525e-6,0.27524155261779365,0.23127431851320035,0.3560585675339635,0.4088772501590096,0.3728036509759897,2.867e-5,3.115e-5,1.831e-5,1.426e-5,1.38e-5
KEN,KEN.6_1,PIGE,0.09663083848251919,0.0686213588574158,0.04073903364455978,0.023882665612108226,0.018289602644884436,83.17532274269813,69.88885181571754,107.5974393701543,123.55873203254116,112.6576408782383,0.001162,9.819e-4,3.786e-4,1.933e-4,1.623e-4
KEN,KEN.8_1,PIGE,0,0,0,0,0,0.21621983876136702,0.18168076506968683,0.27970677148701667,0.32119922396069517,0.29286110522567355,0,0,0,0,0
KEN,KEN.9_1,PIGE,0,0,0,0,0,0.6331404595031269,0.5320022609306191,0.8190445189484988,0.9405437790330011,0.8575633752914756,0,0,0,0,0
LAO,LAO.2_1,PIGE,5.042417417143152e-4,4.575261963487296e-4,4.108106509831439e-4,7.709797755227066e-4,7.033983496491647e-4,0.24179212051823937,0.24354113583525974,0.23439220806560615,0.2249178668246472,0.2293066328693076,0.002085,0.001879,0.001753,0.003428,0.003068
MMR,MMR.10_1,PIGE,0.002564611680097643,0.0022761957420012126,0.0019877798039047924,0.0016993638658083718,0.0014109479277119516,267.3243734825858,269.2580776199738,259.143060725221,248.66826803565317,253.52046971507878,9.594e-6,8.454e-6,7.671e-6,6.834e-6,5.565e-6
MMR,MMR.11_1,PIGE,0.31576235663623387,0.2647005629651043,0.21385173735760704,0.1924448106281124,0.1887181896350404,19.42313623245162,19.580382952794057,18.84192551910378,18.062299847249356,18.420930597723,0.01626,0.01352,0.01135,0.01065,0.01024
MMR,MMR.12_1,PIGE,44.50959937701604,39.74110324391389,34.636397135547604,30.057718990126553,25.462456617492645,12293.688901872767,12382.720891632465,11917.566081465382,11435.651819808683,11658.847427536315,0.003621,0.003209,0.002906,0.002628,0.002184
MMR,MMR.13_1,PIGE,37.4942987880576,35.6785032073588,33.64708814881859,34.698615448123775,34.703450394264756,1932.2087177965943,1946.1854455570497,1873.0745519633,1797.3632148778563,1832.434713459725,0.0194,0.01833,0.01796,0.01931,0.01894
MMR,MMR.14_1,PIGE,0.1517779007434022,0.15007288924321532,0.14123151212982582,0.14388995513708872,0.15499800875047476,0.5134269065190479,0.5171408055565662,0.49771376354762237,0.4775957311476193,0.48691493712056916,0.2956,0.2902,0.2838,0.3013,0.3183
MMR,MMR.1_1,PIGE,1.8223342202598487e-4,1.1705043015568063e-4,7.300876259335935e-5,4.1123268637469446e-5,2.691003313100181e-5,0.023885603619727774,0.024058381320248547,0.02315459809611746,0.022218668674784166,0.02265221599592018,0.007629,0.004865,0.003153,0.001851,0.001188
MMR,MMR.2_1,PIGE,0.6615834845560438,0.5561843832687032,0.4500298427169874,0.39116268914596475,0.3305760976407088,837.4170930205705,843.4745911693458,811.7884118153722,778.9752031662085,794.1751513497541,7.9e-4,6.594e-4,5.544e-4,5.022e-4,4.163e-4
MMR,MMR.3_1,PIGE,2.1531641991406403,1.566578345996857,1.1170168368547684,0.7570134229742902,0.5335608759857091,48.731567048162006,49.22527818310334,47.39646854936046,45.22508326960524,46.17953224611786,0.04418,0.03182,0.02357,0.01674,0.01155
MMR,MMR.4_1,PIGE,0.4350871267160151,0.480287281713662,0.5141685629032813,0.5940925662558992,0.6985799782093364,27.17327543334785,27.369834671277836,26.341652554872393,25.276899561522956,25.770121376561733,0.01601,0.01755,0.01952,0.0235,0.02711
MMR,MMR.5_1,PIGE,2.3385804464903814,2.298546770389045,2.3379130138987114,2.288005795409947,2.4294383303990204,97.73213000628971,98.43908022443436,94.74109289430343,90.9115737689459,92.68550855525991,0.02393,0.02335,0.02468,0.02517,0.02621
MMR,MMR.6_1,PIGE,90.23160086304847,78.05629564483098,65.89702911199623,53.742090595581544,41.554060253382346,46.26621571720158,46.60088468729257,44.85026409277258,43.037376581413334,43.87715413958761,1.95,1.675,1.469,1.249,0.9471
MMR,MMR.7_1,PIGE,9.47076263490673,7.6773547887980245,5.944432217933142,5.018409031342257,5.149803002305805,20501.20645311582,20649.502948580786,19873.778509635868,19070.46273006514,19442.57989651027,4.62e-4,3.718e-4,2.991e-4,2.632e-4,2.649e-4
MMR,MMR.8_1,PIGE,3.5124532706352207,3.1735639729070453,2.757136629955428,2.5353577357741566,2.3776733106134347,4886.44036657524,4921.786675745816,4736.893595405986,4545.424148894233,4634.117872718312,7.188e-4,6.448e-4,5.821e-4,5.578e-4,5.131e-4
MMR,MMR.9_1,PIGE,17.27579750760795,17.59126948878877,17.98363220406871,16.757310805921524,15.634791602319831,749.41117223739775,754.8320751856828,726.4758629572773,697.1110633089423,710.7136170197715,0.02305,0.0233,0.02475,0.02404,0.022
MOZ,MOZ.10_1,PIGE,0.09569252567888172,0.09097027856119637,0.08754706180041984,0.09915244836946933,0.11170765224394898,384.7868771074809,382.39938775247833,388.939348140735,400.0541773368434,396.1581988494466,2.487e-4,2.379e-4,2.251e-4,2.478e-4,2.82e-4
MOZ,MOZ.11_1,PIGE,0.5532272227209635,0.5190356749201042,0.663067840855151,1.128043018207343,1.085143826147556,1957.8444896807275,1945.696640687017,1978.972789564885,2035.5264518387285,2015.7032185964629,2.826e-4,2.668e-4,3.351e-4,5.542e-4,5.383e-4
MOZ,MOZ.1_1,PIGE,0.010669121089284465,0.009566180283725061,0.008463239478165645,0.007360298672606225,0.006257357867046804,103.69803462619761,76.06957871885864,37.76493879204978,130.40056606881222,99.76331417554681,1.029e-4,1.258e-4,2.241e-4,5.644e-5,6.272e-5
MOZ,MOZ.8_1,PIGE,0.3060769802630532,0.2878004333253008,0.29879500860557595,0.28292801270916595,0.26148237904846594,582.4863657108494,562.3105965378464,547.6201992421645,619.4608950228638,595.4044938329199,5.255e-4,5.118e-4,5.456e-4,4.567e-4,4.392e-4
MWI,MWI.11_1,PIGE,0.02902599780857042,0.02463050230973416,0.020235006810897918,0.01583951131206165,0.01144401581322542,432.84081709303297,430.1551671795315,437.51186764574396,450.01476739964914,445.6322413516242,6.706e-5,5.726e-5,4.625e-5,3.52e-5,2.568e-5
MWI,MWI.12_1,PIGE,0.20753046506234749,0.4457791699018329,0.5281050074100129,1.441722946193896,1.504853621487722,3403.5157420995124,3382.397928350432,3440.2451665448916,3538.558020725559,3504.0973233846976,6.098e-5,1.318e-4,1.535e-4,4.074e-4,4.295e-4
MWI,MWI.13_1,PIGE,1.5189922529263522,1.4979389543482313,1.5863265720369877,1.5880652983031474,1.4412542605201304,6613.21304269232,6572.1800015957,6684.580277986178,6875.60740957536,6808.648432334293,2.297e-4,2.279e-4,2.373e-4,2.31e-4,2.117e-4
MWI,MWI.14_1,PIGE,0,0,0,0,0,0.13291660118657264,0.13209189278481645,0.13435098569681064,0.13819037162031592,0.1368445871103724,0,0,0,0,0
MWI,MWI.15_1,PIGE,1.8192578240658903,1.8825650527224056,1.8782737376071765,4.284716468451118,4.125504104030532,5047.882469822088,5016.561844356376,5102.3572634865095,5248.168762765968,5197.058803774718,3.604e-4,3.753e-4,3.681e-4,8.164e-4,7.938e-4
MWI,MWI.16_1,PIGE,0.00684469848293512,0.004889070344953662,0.002933442206972193,9.778140689907326e-4,0,119.77729457110877,119.03411170086851,121.06988477035598,124.52973293549486,123.31698429282928,5.715e-5,4.107e-5,2.423e-5,7.852e-6,0
MWI,MWI.17_1,PIGE,0.05126876863812581,0.0431525438611032,0.03503893506156799,0.026941414076768824,0.018862959880662847,4.489964888014928,4.46210597698591,4.538418851096943,4.668114523677976,4.622653496669025,0.01142,0.009671,0.0077210000000000004,0.005771,0.004081
MWI,MWI.18_1,PIGE,1.0265259865013594,0.9678745388150441,0.9109415760428039,0.8557270981846381,0.8005126203264723,9706.624965378773,9646.398213489387,9811.375104734845,10091.757531942025,9993.477667684125,1.058e-4,1.003e-4,9.285e-5,8.479e-5,8.01e-5
MWI,MWI.19_1,PIGE,0.078087334683054,0.0865975503161481,0.08510234734597592,0.11083134981129865,0.18014971982410044,55.17923158050396,54.80362401203204,55.6921183295358,57.39641497374499,56.80128181943064,0.001415,0.00158,0.001528,0.001931,0.003172
MWI,MWI.1_1,PIGE,0.03705827268224253,0.028219885280672,0.01938149787910148,0.010543110477530945,0.004745704739152108,1509.9079111987285,1500.539376876249,1526.202252916579,1569.8169641587685,1554.529101994131,2.454e-5,1.881e-5,1.27e-5,6.716e-6,3.053e-6
MWI,MWI.20_1,PIGE,6.418042061133212e-4,5.378938536125197e-4,4.5278241655982726e-4,3.6932412256432943e-4,0.0024067194766711738,139.2037953425103,138.34007675092388,140.70602881841268,144.72702459746014,143.31758206112613,4.611e-6,3.888e-6,3.218e-6,2.552e-6,1.679e-5
MWI,MWI.21_1,PIGE,0.5398060330989817,0.516252408794505,0.4736215763450659,0.528191925748982,0.49598010075334426,3309.3043500346807,3288.771090253151,3345.017081604532,3440.6085760054693,3407.10177178984,1.631e-4,1.57e-4,1.416e-4,1.535e-4,1.456e-4
MWI,MWI.22_1,PIGE,0.7136237552165332,0.6166996130820099,0.5197838573987569,0.4228729496655718,0.3259620419323866,443.45552803470497,440.7040169630211,448.24112843912354,461.05064129784563,456.56064098825135,0.001609,0.001399,0.00116,9.172e-4,7.14e-4
MWI,MWI.23_1,PIGE,0.3496221884091221,0.4308225663185554,0.40036769227437036,0.36992110671010153,0.33947452114583276,16770.381814729943,16666.326529989,16951.36128374345,17435.785105120754,17265.984494281918,2.085e-5,2.585e-5,2.362e-5,2.122e-5,1.966e-5
MWI,MWI.24_1,PIGE,3.2246355597823366,3.704437528037113,5.863024336446298,10.1054893148736,9.516165340938455,8896.719987937031,8841.51845813095,8992.729946277066,9249.717720431076,9159.638167973484,3.625e-4,4.19e-4,6.52e-4,0.001093,0.001039
MWI,MWI.25_1,PIGE,0.0018034631462239391,0.00242566138136855,0.002231913244119273,0.00314723045774613,0.003036171090639441,34.97811670394697,34.75183843027293,35.33260430198381,36.37369581249451,36.009400048457465,5.156e-5,6.98e-5,6.317e-5,8.652e-5,8.432e-5
MWI,MWI.26_1,PIGE,0.1185077968377797,0.10246901887799084,0.08643369581547662,0.0703983727529624,0.05436304969044819,368.03016552926823,365.7466466392113,372.00180461740985,382.6326048661685,378.9062885780624,3.22e-4,2.802e-4,2.323e-4,1.84e-4,1.435e-4
MWI,MWI.27_1,PIGE,0.19796392677224184,0.18247068706086267,0.1671331833336608,0.16339264311396426,0.14771664348197777,15483.459671673543,15387.389360173795,15650.551175064973,16097.801379929453,15941.030893771562,1.279e-5,1.186e-5,1.068e-5,1.015e-5,9.266e-6
MWI,MWI.28_1,PIGE,0.8706519704973642,0.7976530430623527,0.8858686340875256,0.8063426137916679,0.7285569118380505,6336.636543300927,6297.319578004771,6405.019072071435,6588.057104412999,6523.898472391208,1.374e-4,1.267e-4,1.383e-4,1.224e-4,1.117e-4
MWI,MWI.2_1,PIGE,1.9841948580968682,1.87364706303413,4.907157227948688,5.397000459712052,5.367707992784095,9207.216004600356,9150.087938369417,9306.576715764468,9572.533377363981,9479.310043573627,2.155e-4,2.048e-4,5.273e-4,5.638e-4,5.663e-4
MWI,MWI.3_1,PIGE,0.6191427516028407,0.5688717527390166,0.5457807996275017,0.49891763463176436,0.47119851601640816,9350.698125572137,9292.679794997912,9451.607240246274,9721.708479954286,9627.03238545433,6.621e-5,6.122e-5,5.774e-5,5.132e-5,4.895e-5
MWI,MWI.4_1,PIGE,1.1497099425475046,1.0858259281930354,1.021941913838566,2.253249331648883,2.1944500159593585,5054.421184641393,5023.059988374141,5108.966541585119,5254.966916064596,5203.790752392816,2.275e-4,2.162e-4,2e-4,4.288e-4,4.217e-4
MWI,MWI.5_1,PIGE,0.023846810896068365,0.023020593884722527,0.04205790148181791,0.03785137107805096,0.035333963284125205,19.66773288608822,19.545700390449205,19.879979446348248,20.44809521304705,20.24895883709766,0.001212,0.001178,0.002116,0.001851,0.001745
MWI,MWI.6_1,PIGE,0.14769813598915982,0.12810382658752203,0.10850951718588422,0.08891520778424641,0.06932089838260862,103.39832063085528,102.7567644746604,104.51415528336297,107.50088570830776,106.45397466019983,0.001428,0.001247,0.001038,8.271e-4,6.512e-4
MWI,MWI.7_1,PIGE,0.9088402461245693,0.7877126088468879,0.6665849715692064,0.5454573342915251,0.4290921714932216,5993.554300155313,5956.366059231355,6058.234418159126,6231.362287863527,6170.677373679389,1.516e-4,1.322e-4,1.1e-4,8.753e-5,6.954e-5
MWI,MWI.8_1,PIGE,0.13518620777353335,0.14173031185663412,0.13807804040511812,0.1962569214792365,0.1794697187673115,1186.1673446463674,1178.8075252838069,1198.968003484481,1233.2312494996593,1221.2212701263138,1.14e-4,1.202e-4,1.152e-4,1.591e-4,1.47e-4
MWI,MWI.9_1,PIGE,0.25358773390784733,0.4458650463202159,0.41553073309161287,0.3851964198630099,0.35487138035215343,1230.5967695315703,1222.9612786602524,1243.8768935251662,1279.4235135280246,1266.9636849164167,2.061e-4,3.646e-4,3.341e-4,3.011e-4,2.801e-4
NPL,NPL.1_1,PIGE,2.9504548669627937,2.5238160484585688,2.099515296095127,1.6759047863901224,1.256646064233138,248.99807907167244,242.95663238963104,233.15022618110007,185.46891085073932,199.93320824251074,0.01185,0.01039,0.009005,0.009036,0.006285
NPL,NPL.2_1,PIGE,0.2503356928023991,0.21694394662808203,0.18402824701975207,0.1607273581032179,0.12902903956514764,514.322241972465,501.98334124702507,481.74310251100985,383.2099935566865,413.0989931710287,4.867e-4,4.322e-4,3.82e-4,4.194e-4,3.123e-4
NPL,NPL.3_1,PIGE,1.203045988173084,1.033483869406766,0.8711237385439731,0.720925874068978,0.5697416923244086,23.768138489368845,23.2566512252949,22.327816291710274,17.755845466706635,19.142131135657802,0.05062,0.04444,0.03902,0.0406,0.029760000000000002
NPL,NPL.4_1,PIGE,1.3097678210239705,1.1670070264409034,0.9951316862531076,0.8287705694829435,0.6728618614461156,251.1765093706986,245.43541221795408,235.58241471764867,187.37264394431398,201.99379385923075,0.005215,0.004755,0.004224,0.004423,0.003331
NPL,NPL.5_1,PIGE,0.3287764609067506,0.2592786513057169,0.19782104555384436,0.14667804382887173,0.10046893481930502,76.08191844231276,74.27042399480753,71.27788204127951,56.697883485552794,61.12044071047723,0.004321,0.003491,0.002775,0.002587,0.001644
PAK,PAK.5_1,PIGE,0,0,0,0,4.856760296638634e-5,0.02138891811354894,0.02138891811354894,0.021484617970880256,0.021436768042214605,0.021455876113728407,0,0,0,0,0.002264
PAK,PAK.7_1,PIGE,0,0,0,0,0,0.1637211755890372,0.18156558181701343,0.177539158165931,0.13931284312640874,0.1506954419761181,0,0,0,0,0
PAN,PAN.10_1,PIGE,9.77481998880264,10.116686998349484,9.98288303432912,11.202672022256214,11.182097188609667,84.31618117047262,107.79222334336781,110.42862936659616,108.79169840617426,109.10698746345751,0.1159,0.09385,0.0904,0.103,0.1025
PAN,PAN.11_1,PIGE,0.5511797175130235,0.6006841501064376,0.5718726024462363,0.5928824801682858,0.6279577090156441,62.99838190898861,80.53893758867945,82.50877672528235,81.28571372157718,81.52128772607693,0.008749,0.007458,0.006931,0.007294,0.007703
PAN,PAN.12_1,PIGE,3.465480931179686,3.7054699161672433,3.5766488846286175,3.611106635357123,3.5663262730242318,117.27829088226633,149.93192941874847,153.59899768706578,151.32213383168784,151.76068027981623,0.02955,0.02471,0.02329,0.02386,0.0235
PAN,PAN.13_1,PIGE,26.812144625831543,24.293297134892004,22.12732231992903,19.81935396416998,16.859583907714264,183.49831073421257,234.58950131768734,240.32714319088595,236.76467081777588,237.4508381536457,0.1461,0.1036,0.09207,0.08371,0.071
PAN,PAN.1_1,PIGE,3.9374888593498354,3.5836787199555706,3.23956883789944,3.031983001692927,2.8682150696585684,26.652640749550514,34.07350006231302,34.90687725790717,34.3894376370148,34.48910161443148,0.1477,0.1052,0.09281,0.08817,0.08316
PAN,PAN.2_1,PIGE,16.663421760480364,17.121398805538266,17.102896564189848,18.419186300998955,18.280403376576988,343.1842848051586,438.7366287481524,449.46734618551284,442.80469883681457,444.0879904675382,0.04856,0.03902,0.03805,0.0416,0.04116
PAN,PAN.3_1,PIGE,0.2783610817992931,0.3085987323374846,0.3471937137851377,0.6113695222631425,0.6249404482414443,123.82967409339776,158.30740554324797,162.1793230578017,159.77526935744956,160.2383138249126,0.002248,0.001949,0.002141,0.003826,0.0039
PAN,PAN.4_1,PIGE,6.744678772541354,7.126909913196759,7.00071546221337,7.5078743297109005,7.274726505509151,42.461436508951074,54.28391779745296,55.61160585700575,54.78725115924067,54.94603000930187,0.1588,0.1313,0.1259,0.137,0.1324
PAN,PAN.5_1,PIGE,2.1068047483049726,2.119201386042338,2.014640017423124,2.0209308176627765,2.1937850739649787,90.95646892968354,116.28135759101512,119.12539273597704,117.35954592016095,117.69966544341915,0.02316,0.01822,0.01691,0.01722,0.01864
PAN,PAN.6_1,PIGE,0.8389483043006528,0.8298242227257827,0.8630999020559389,0.8358090702745733,1.0675358919976827,4.757946209745854,6.082694844299489,6.231466739224485,6.139095033691378,6.156886735761496,0.1763,0.1364,0.1385,0.1361,0.1734
PAN,PAN.7_1,PIGE,0.839970444148187,0.7262128435018229,0.609222855243944,0.5213501585479634,0.49893240698916214,32.63974638011436,41.72758755004282,42.74817010915088,42.114495639455626,42.2365475958333,0.02573,0.0174,0.01425,0.01238,0.01181
PAN,PAN.9_1,PIGE,0.9857392778234795,1.2497636710284559,1.2280908153553183,1.285626394417368,1.3659369645775061,162.44736446567194,207.6773680798218,212.7567870500544,209.60300189705794,210.2104520411409,0.006068,0.006018,0.005772,0.006134,0.006498
PHL,PHL.1_1,PIGE,0,0,0,0,0,0.07166791049836177,0.07100566887032503,0.0703694655762871,0.06682304448564734,0.0680391269748211,0,0,0,0,0
PHL,PHL.26_1,PIGE,0,0,0,0,0,7.689650857188653e-5,7.618595249912154e-5,7.550333441086895e-5,7.169818092028222e-5,7.3002983821645e-5,0,0,0,0,0
PHL,PHL.28_1,PIGE,0,0,0,0,0,0.02312502613576555,0.022911341170624957,0.022706057973445326,0.021561737177161627,0.02195412952053869,0,0,0,0,0
PHL,PHL.29_1,PIGE,0,0,0,0,0,0.18994573309525772,0.18819055465278714,0.18650438715825113,0.17710509604955546,0.1803281519235745,0,0,0,0,0
PHL,PHL.33_1,PIGE,0,0,0,0,0,0.08761546203743552,0.08680585832752706,0.08602808700463985,0.08169251589233834,0.08317920119436105,0,0,0,0,0
PHL,PHL.35_1,PIGE,0,0,0,0,0,0.10797060546543052,0.10697291167128574,0.10601444568031833,0.10067161888755868,0.10250369633671216,0,0,0,0,0
PHL,PHL.37_1,PIGE,0,0,0,0,0,0.3234300135708248,0.32044138424908686,0.3175702632886231,0.3015656244830911,0.3070536814564516,0,0,0,0,0
PHL,PHL.40_1,PIGE,1.4755993428382125e-5,1.1424033336681654e-4,1.0795959242240832e-4,1.0167885147800011e-4,9.539811053359188e-5,0.09510860550255115,0.09422976199629664,0.09338547328058949,0.0886791108080392,0.0902929420041368,1.551e-4,0.001212,0.001156,0.001147,0.001057
PHL,PHL.41_1,PIGE,0,0,0,0,0,0.05872711309693885,0.0581844498782574,0.057663123352315715,0.05475706580115926,0.05575356497882883,0,0,0,0,0
PHL,PHL.56_1,PIGE,0,0,0,0,0,0.09112747345397196,0.09028541728183877,0.0894764694782036,0.08496710968877223,0.08651338784840344,0,0,0,0,0
PHL,PHL.58_1,PIGE,0,0,0,0,0,0.08977207390510018,0.08894254219471903,0.08814562641004095,0.0837033373292843,0.08522661666495435,0,0,0,0,0
PHL,PHL.59_1,PIGE,0,0,0,0,0,0.4763752217905196,0.47197331443419827,0.4677444833828436,0.4441714906463705,0.4522547675476687,0,0,0,0,0
PHL,PHL.5_1,PIGE,0,0,0,0,0,0.08478952116247876,0.08400603033451079,0.083253345174746,0.07905761316547061,0.08049634705953991,0,0,0,0,0
PHL,PHL.63_1,PIGE,0,0,0,0,0,0.05730791844662337,0.056778369183255954,0.056269640991842694,0.053433810991686446,0.05440622885107875,0,0,0,0,0
PHL,PHL.67_1,PIGE,0,0,0,0,0,0.0237490900198863,0.023529638442049097,0.023318815366617028,0.022143613339038005,0.022546594984605237,0,0,0,0,0
PHL,PHL.6_1,PIGE,0,0,0,0,0,0.04786079783231476,0.04741854393576319,0.046993678790059,0.04462533092464653,0.04543744722268056,0,0,0,0,0
PHL,PHL.70_1,PIGE,0,0,0,0,0,0.05892062247291228,0.05837617114622972,0.05785312681797505,0.05493749363209703,0.055937276334596275,0,0,0,0,0
PHL,PHL.72_1,PIGE,0,0,0,0,0,0.05224525904600632,0.05176249088425532,0.05129870443266491,0.048713395508792647,0.04959990865290959,0,0,0,0,0
PRI,PRI.12_1,PIGE,0.01383208432151292,0.01342842172646124,0.01253799455742439,0.0134282008245626,0.012446459120337301,11.853535609298328,10.991912448262081,7.0217167622648375,9.881603485228954,8.718234724434067,0.001167,0.001222,0.001786,0.001359,0.001428
PRI,PRI.22_1,PIGE,0.00120841951084797,3.849976362803012e-4,0,0,0,13.04417424851586,12.096004603646573,7.727019177203027,10.874169696251341,9.593945353804141,9.264e-5,3.183e-5,0,0,0
PRI,PRI.29_1,PIGE,0.07549713447590502,0.06373329545240553,0.0519726368106185,0.04021197816883148,0.02846393435098472,1.706134029400307,1.5821166354330374,1.010668066286742,1.4223047474514465,1.2548557181528444,0.04425,0.04028,0.05142,0.02827,0.02268
PRI,PRI.35_1,PIGE,4.90288400846349e-4,4.6057395231020664e-4,4.308595037740643e-4,4.011450552379219e-4,3.7143060670177954e-4,3.312998885348235,3.072179887017973,1.96253173511928,2.7618545564022368,2.436699300215297,1.48e-4,1.499e-4,2.195e-4,1.452e-4,1.524e-4
PRI,PRI.37_1,PIGE,0,2.3269714953748472e-4,2.2076396238171624e-4,2.0883077522594785e-4,5.743311034689078e-4,3.9406384139449555,3.6541968459067498,2.3343285680532873,3.2850811410833236,2.898326017592938,0,6.368e-5,9.457e-5,6.357e-5,1.982e-4
PRI,PRI.3_1,PIGE,0,0,0,0,0,1.7170145443513471,1.5922062552457141,1.017113391692764,1.4313752001842959,1.2628582995253994,0,0,0,0,0
PRI,PRI.41_1,PIGE,4.0523214919611293e-4,3.794969665635196e-4,3.537617839309262e-4,3.2802660129833294e-4,3.022914186657396e-4,14.960675622587262,13.873197165015512,8.862303219600006,12.47184546841626,11.003525531362992,2.709e-5,2.735e-5,3.992e-5,2.63e-5,2.747e-5
PRI,PRI.50_1,PIGE,0.00867419468440813,0.00814848591565612,0.00762277714690412,0.00709706837815211,0.0065713596094001,0.22804694878889356,0.2114704150561207,0.13508889968982957,0.1901094827926664,0.16772774750623615,0.03804,0.03853,0.05643,0.03733,0.03918
PRI,PRI.51_1,PIGE,0.00367574185442395,0.0034529696208225,0.00323019738722105,0.0030074251536196,0.00278465292001814,2.720430220640343,2.522684521521848,1.6115099418824688,2.2678645119616827,2.000867082761514,0.001351,0.001369,0.002004,0.001326,0.001392
PRI,PRI.62_1,PIGE,0,0,0,0,0,2.6913454063745754,2.4957138570280826,1.5942808775265898,2.243618193269191,1.9794753017736857,0,0,0,0,0
PRI,PRI.63_1,PIGE,0,0,0,0,0,5.6405729469152e-4,5.230564620896064e-4,3.3413242188316616e-4,4.702217728793307e-4,4.148622027416381e-4,0,0,0,0,0
PRI,PRI.64_1,PIGE,7.893330325819391e-4,7.350941021039335e-4,6.80855171625928e-4,6.268782523024141e-4,5.734862509187409e-4,7.130270309496909,6.611977181977017,4.22378100525548,5.9440918105209946,5.244289320571499,1.107e-4,1.112e-4,1.612e-4,1.055e-4,1.094e-4
PRI,PRI.68_1,PIGE,0,0,0,0,0,10.033195180484139,9.303890976941606,5.943395886254951,8.36409150242754,7.379380591804648,0,0,0,0,0
RWA,RWA.2_1,PIGE,0,0,0,0,0,0.11372848435996838,0.11105494632792089,0.11412673317963812,0.11297005462250916,0.11306848650357067,0,0,0,0,0
RWA,RWA.3_1,PIGE,0,0,0,0,0,0.5762237688538658,0.5562823630165202,0.5614100812143126,0.5793359491315592,0.5720336083075386,0,0,0,0,0
RWA,RWA.4_1,PIGE,4.54387202416906e-5,4.180362262235536e-5,3.816852500302011e-5,3.4533427383684855e-5,3.089832976434961e-5,0.9744718408078132,0.9929800488183325,1.0119289284481499,1.031171589157499,1.0208481220227428,4.663e-5,4.21e-5,3.772e-5,3.349e-5,3.027e-5
SSD,SSD.1_1,PIGE,2.858427029522684e-5,2.338713024154923e-5,1.8189990187871623e-5,1.299285013419402e-5,7.79571008051641e-6,10.104077386063883,10.167723943560102,10.17965826828967,10.242258636044483,10.213016906665121,2.829e-6,2.3e-6,1.787e-6,1.269e-6,7.633e-7
THA,THA.11_1,PIGE,0,0,0,0,0,9.098884935444347e-4,9.164702171695841e-4,8.820418657078621e-4,8.463889500521109e-4,8.629043258068545e-4,0,0,0,0,0
THA,THA.16_1,PIGE,0,0,0,0,0,0.05350629505942014,0.05389333550315073,0.05186876486093461,0.04977218331458045,0.05074337547100413,0,0,0,0,0
THA,THA.23_1,PIGE,0.0735236313879095,0.06486305647754148,0.056202481567173446,0.04754190665680542,0.039057909104503456,0.04625843417882528,0.04659304686077182,0.04484272070402088,0.04303013810313513,0.04386977441869436,1.589,1.392,1.253,1.105,0.8903
THA,THA.69_1,PIGE,0.48771381953806564,0.4188298108653786,0.3499458021926916,0.28106179352000465,0.2121777848473176,0.7916522389100528,0.7973786947128287,0.7674241654380574,0.7364041990325053,0.7507734698667289,0.6161,0.5253,0.456,0.3817,0.2826
TTO,TTO.11_1,PIGE,0.01319833272008969,0.01248490932981457,0.01177148593953945,0.01105806254926433,0.01034463915898922,0.9384733224600872,2.426322601101866,0.9008138793437113,2.0155333955884376,1.7292623770468096,0.01406,0.005146,0.01307,0.005486,0.005982
TTO,TTO.12_1,PIGE,0.4834962558836663,0.42234718272830557,0.36249330812597425,0.3036502654110882,0.24607099302497296,16.56893443210907,42.83721138009323,15.904049422794902,35.58464569849428,30.53047354195859,0.02918,0.009859,0.02279,0.008533,0.00806
TTO,TTO.13_1,PIGE,1.3590949392054672,1.1931344394473837,1.0311550625905792,0.8759669727667454,0.7392383426739297,29.60049851187788,76.52892929868653,28.412677544306536,63.572178184418306,54.54286999255374,0.04591,0.01559,0.03629,0.01378,0.01355
TTO,TTO.14_1,PIGE,0.01472906649373635,0.0127678281238658,0.01080658975399524,0.00884535138412469,0.00688411301425414,0.6996942727802865,1.8089848558061115,0.6716166534873376,1.502714184558625,1.289280102477858,0.02105,0.007058,0.01609,0.005886,0.00534
TTO,TTO.15_1,PIGE,0.0067463587585814494,0.006029021559582241,0.00539414262291802,0.0047255858137550105,0.00400130157470406,39.551314500908184,102.25570187257273,37.9641831003902,84.94327255572254,72.878576825049,1.706e-4,5.896e-5,1.421e-4,5.563e-5,5.49e-5
TTO,TTO.2_1,PIGE,0.07108020900636317,0.06740055398340791,0.06372089896045267,0.06004124393749742,0.05636158891454217,8.901677582924513,23.01433721158349,8.544467407044717,19.117888613086674,16.402529265723498,0.007985,0.002929,0.007458,0.003141,0.003436
TTO,TTO.3_1,PIGE,1.764640658696975,1.56198112944522,1.361007490617985,1.1610813174715258,0.9673336138367645,135.02891385939924,349.10284358480635,129.6104181186529,289.997892044745,248.8087993151071,0.01307,0.004474,0.0105,0.004004,0.003888
TTO,TTO.4_1,PIGE,0,0,0,0,0,1.7782881208550576,4.597574119199424,1.7069282444162512,3.8191805870049227,3.2767332531977273,0,0,0,0,0
TTO,TTO.5_1,PIGE,0.4846170666647024,0.43845345143497844,0.383346685057356,0.3289074269595863,0.28807085980408353,18.090150381662127,46.77015284067928,17.36422139363395,38.85171943926794,33.33351700197928,0.02679,0.009375,0.02208,0.008466,0.008642
TTO,TTO.6_1,PIGE,0.2411182391245683,0.20609840826688505,0.17197225899979188,0.14280243414711324,0.12230900300079439,46.30767737210667,119.72355689125556,44.44942386600287,99.4537276466753,85.32807734810345,0.005207,0.001721,0.003869,0.001436,0.001433
TTO,TTO.7_1,PIGE,0.00245448640792709,0.00141110664755794,5.875334225025834e-4,8.787340498745139e-5,0,0.6413258963750386,1.6580796489426555,0.6155905072749166,1.3773580246385257,1.1817285771320807,0.003827,8.51e-4,9.544e-4,6.38e-5,0
TTO,TTO.9_1,PIGE,3.7249547911981065,3.3168981307052583,2.914855904693974,2.515484362418582,2.115434056352862,109.81566967885901,283.9166920573647,105.40894136108777,235.8480995671161,202.35003109950134,0.03392,0.01168,0.02765,0.01067,0.01045
TZA,TZA.10_1,PIGE,8.355750408049868,7.938013983656087,7.282577816596362,7.376857298248866,6.548670011896171,18186.02358220207,13340.68825369855,6623.019133663772,22868.97507950267,17495.972713226096,4.595e-4,5.95e-4,0.0011,3.226e-4,3.743e-4
TZA,TZA.11_1,PIGE,28.437640306605736,27.51280264461868,28.060255770260923,29.62854518575659,29.560917027228143,10955.610994767205,8036.687638138661,3989.8343313670384,13776.711202841156,10539.911056134088,0.0025959999999999998,0.003423,0.007033,0.002151,0.002805
TZA,TZA.12_1,PIGE,0,0,0,0,0,0.9071881651814381,0.7463632409927979,1.0349571277228353,1.3136445463853357,1.1702332845623389,0,0,0,0,0
TZA,TZA.13_1,PIGE,0.00826463599374578,0.008746155183474743,0.008372857226162907,0.007806657691305598,0.0074522387316181896,197.55387195755048,145.85129963344187,74.26151423998483,247.64434824516138,190.29963750169438,4.183e-5,5.997e-5,1.127e-4,3.152e-5,3.916e-5
TZA,TZA.14_1,PIGE,2.78861258161292,2.7227148512911237,2.7885852502298825,2.625675698873376,2.4208399215257224,5092.239169796467,3735.504629170922,1854.5009194731495,6403.504875409482,4899.019137486025,5.476e-4,7.289e-4,0.001504,4.1e-4,4.941e-4
TZA,TZA.15_1,PIGE,7.631437652381409,8.237380786130762,9.665701872115726,9.715315193199194,9.328837337824229,19939.07768088639,14626.672961499318,7261.449562693715,25073.445469339113,19182.508889578956,3.827e-4,5.632e-4,0.001331,3.875e-4,4.863e-4
TZA,TZA.16_1,PIGE,6.825143480497415e-5,6.576627200317207e-5,6.087883784529626e-5,1.599333700293514e-4,1.784697068869401e-4,6.413671292073534,4.704865188505852,2.3357424723678704,8.065209433143778,6.170310810964684,1.064e-5,1.398e-5,2.606e-5,1.983e-5,2.892e-5
TZA,TZA.17_1,PIGE,0.025068645196203783,0.02363360578076662,0.022198566365329468,0.021454006064016925,0.020049199493566112,15.502140801210402,11.371877241833367,5.645597822695351,19.493985040730664,14.913927238057866,0.001617,0.002078,0.003932,0.001101,0.001344
TZA,TZA.18_1,PIGE,0.0034735656962762594,0.0032398484070942715,0.0030061311179122832,0.004380797016997838,0.004309279099956253,20.80345610138216,15.260753467825273,7.576240467466993,26.160403729798162,20.014089316742588,1.67e-4,2.123e-4,3.968e-4,1.675e-4,2.153e-4
TZA,TZA.19_1,PIGE,0.0019008352865678053,0.0017675145951692056,0.0016341939037706062,0.0016226840625908209,0.0014831166609245898,41.10261076537875,30.151567447139318,14.968823520555206,51.68664700379363,39.54301242065932,4.625e-5,5.862e-5,1.092e-4,3.139e-5,3.751e-5
TZA,TZA.1_1,PIGE,0.013215243976614022,0.013057387025406588,0.012162220425741044,0.01329388572921317,0.01421594778651331,22.6653274501908,16.62712361365333,8.259183524689039,28.502910144678946,21.80737550521538,5.831e-4,7.853e-4,0.001473,4.664e-4,6.519e-4
TZA,TZA.20_1,PIGE,3.4956353282388584,4.091509751875112,4.096311284742297,4.227228442621538,4.0308951929787975,2605.2395712734096,1911.1208554998148,948.7808838655708,3276.095984495124,2506.3863050867767,0.001342,0.002141,0.004317,0.00129,0.001608
TZA,TZA.21_1,PIGE,0.026646422069543613,0.024110058182795036,0.02222980423847542,0.021262497667844285,0.020803093338422306,114.04233539202406,83.65782862382638,41.53214505276804,143.40855296376384,109.71511057118245,2.337e-4,2.882e-4,5.352e-4,1.483e-4,1.896e-4
TZA,TZA.22_1,PIGE,0.9301376643833791,1.067331838318049,1.0664302764440639,1.2366425209375762,1.3139405311380377,9844.919640437685,7221.919800781981,3585.340734508488,12380.013745127575,9471.363798382627,9.448e-5,1.478e-4,2.974e-4,9.989e-5,1.387e-4
TZA,TZA.23_1,PIGE,3.941130518820347e-4,3.6751116966748655e-4,3.409092874529385e-4,4.5832424945070827e-4,8.467085652642488e-4,6.007899356963677,4.407203807834469,2.1879677112724076,7.554950099648223,5.7799354948662875,6.56e-5,8.339e-5,1.558e-4,6.067e-5,1.465e-4
TZA,TZA.24_1,PIGE,0.012385979503468396,0.011005013620288068,0.009624047737107752,0.008243081853927435,0.006862115970747119,232.27650383426285,170.39065259678415,84.5908794872779,292.08834761098257,223.46299918938843,5.332e-5,6.459e-5,1.138e-4,2.822e-5,3.071e-5
TZA,TZA.25_1,PIGE,0.0877025729566564,0.08780974856245186,0.11182288665757395,0.11409204756152216,0.12234431598159745,635.748293282625,466.36471959734746,231.52796935365413,799.4552415595323,611.6254464026174,1.38e-4,1.883e-4,4.83e-4,1.427e-4,2e-4
TZA,TZA.26_1,PIGE,0.008730337874429062,0.009483844694913156,0.010252233663360578,0.013595055449435981,0.01353608508530217,51.03406837627498,37.43696874956881,18.585679810487047,64.17548248671902,49.097630590892784,1.711e-4,2.533e-4,5.516e-4,2.118e-4,2.757e-4
TZA,TZA.27_1,PIGE,4.4114252785821,4.698834415285768,5.26861615626102,5.794706861249662,6.148735221643907,1885.1260918071175,1382.8685196649622,686.5286476163011,2370.5512873879775,1813.596826935062,0.00234,0.003398,0.007674,0.002444,0.00339
TZA,TZA.28_1,PIGE,0.00497932161425419,0.00450510050813474,0.0040308794020153,0.00355665829589585,0.0030824371897764,1216.1226274069224,892.1088646548462,442.8897495811028,1529.277575940581,1169.978044341234,4.094e-6,5.05e-6,9.101e-6,2.326e-6,2.635e-6
TZA,TZA.29_1,PIGE,0.36338859065917534,0.6600521967289682,0.637109699672734,0.7200054177946856,0.8181735560766547,265.3088330119816,194.62211825290296,96.62065318599984,333.62659314160385,255.24194896009413,0.00137,0.003391,0.006594,0.002158,0.003205
TZA,TZA.2_1,PIGE,0.0037513665735471385,0.0033493620625820683,0.002947889810188251,0.0025480861896989885,0.005614957532684822,329.7858213463693,241.92038535447188,120.10200002850503,414.70658474920043,317.2724210657973,1.138e-5,1.384e-5,2.454e-5,6.144e-6,1.77e-5
TZA,TZA.30_1,PIGE,0.0059493284422256,0.0055178893038155905,0.00508645016540558,0.00465501102699558,0.00422357188858557,31.402877952221978,23.036152083269744,11.43635718878193,39.48920609653528,30.211326477468347,1.895e-4,2.395e-4,4.448e-4,1.179e-4,1.398e-4
TZA,TZA.31_1,PIGE,5.066408981967389e-4,3.2101359351540743e-4,1.685444655564155e-4,7.27597480891674e-5,1.8315253120122725e-5,2.8603251130642384,2.218998086731825,1.3417282398103052,3.4957880236154493,2.7831135399569833,1.771e-4,1.447e-4,1.256e-4,2.081e-5,6.581e-6
TZA,TZA.3_1,PIGE,11.21322688063946,11.24462148017692,12.416252332825911,17.265616872088582,21.294059253407504,4226.706099934646,3100.5771088088763,1539.2895123943808,5315.0946401710935,4066.3278729966605,0.002653,0.003627,0.008066,0.003248,0.005237
TZA,TZA.4_1,PIGE,1.605681395187043e-4,1.8106574752939364e-4,1.7033049528832842e-4,0.001047467483671805,0.003152088911175006,38.9692702973624,28.586616758817414,14.19189971011216,49.00396545009177,37.49061946913124,4.12e-6,6.334e-6,1.2e-5,2.138e-5,8.408e-5
TZA,TZA.5_1,PIGE,0.18158365538012233,0.22673229223113228,0.2852967711950526,0.3169265965516782,0.3007257713029191,46.02639286540289,33.763497329922934,16.76197543807309,57.8783166468789,44.27996642704264,0.003945,0.006715,0.01702,0.005476,0.006791
TZA,TZA.6_1,PIGE,0.004141299335262063,0.003884061463994793,0.003723613920046258,0.0034617006396137975,0.00438440581323673,109.96504284317074,80.86450867340808,40.56744461185945,138.06640611055656,105.81867784878406,3.766e-5,4.803e-5,9.179e-5,2.507e-5,4.143e-5
TZA,TZA.7_1,PIGE,2.0576903713002295e-4,1.4529002117926793e-4,8.481100522851293e-5,5.050758827075316e-5,4.237977030598861e-5,2.3823209302350215,1.7475948332999043,0.8675979678655905,2.995775175296755,2.2919260937465675,8.637e-5,8.314e-5,9.775e-5,1.686e-5,1.849e-5
TZA,TZA.8_1,PIGE,0.042701674110433484,0.04426792308757414,0.04005834789100929,0.03584877269444438,0.041439357891301,3526.9006537456803,2593.950640311086,1302.1410775046033,4427.770285782849,3393.9660991185847,1.211e-5,1.707e-5,3.076e-5,8.096e-6,1.221e-5
TZA,TZA.9_1,PIGE,0.03046646933574011,0.026381527126864587,0.02245349016927635,0.018558641054986613,0.0159574679903714,38.50411307052168,28.245700119478357,14.025180189995284,48.41968698999902,37.04424462195999,7.913e-4,9.34e-4,0.001601,3.833e-4,4.308e-4
UGA,UGA.10_1,PIGE,0,0,0,0,0,2.773224617722541,2.7800210073808835,2.76794104569579,2.7737295744896664,2.7721773510719943,0,0,0,0,0
UGA,UGA.11_1,PIGE,0,0,0,0,0,0.08016980562866385,0.08036627916146175,0.08001706540715323,0.08018440317897141,0.08013953070492376,0,0,0,0,0
UGA,UGA.14_1,PIGE,0,0,0,0,0,29.88304262570554,29.956277516440046,29.826109189054794,29.88848381662088,29.871757743204938,0,0,0,0,0
UGA,UGA.17_1,PIGE,0,0,0,0,0,7.939749299840739,7.959207381125039,7.924622419373874,7.94119499237953,7.936750972693963,0,0,0,0,0
UGA,UGA.1_1,PIGE,0,0,0,0,0,38.483270844763005,38.577582463921836,38.40995217737707,38.4902779901309,38.46873821516563,0,0,0,0,0
UGA,UGA.20_1,PIGE,0,0,0,0,0,0.016180416397101823,0.016220070024134475,0.016149589324923615,0.016183362574163144,0.01617430610571888,0,0,0,0,0
UGA,UGA.22_1,PIGE,0,0,0,0,0,20.961256374690496,21.01262648915595,20.921320803976492,20.965073060935893,20.953340670850828,0,0,0,0,0
UGA,UGA.23_1,PIGE,0,0,0,0,0,0.42457283933722517,0.4256133473566781,0.4237639394151256,0.42465014678898766,0.4244125057773237,0,0,0,0,0
UGA,UGA.24_1,PIGE,1.336864440550764e-4,1.1666974443465592e-4,9.965304481423546e-5,8.263634519381498e-5,6.561964557339452e-5,92.41054527673293,92.63701740244066,92.23448388997014,92.42737165635363,92.37564782139928,1.447e-6,1.259e-6,1.08e-6,8.941e-7,7.104e-7
UGA,UGA.25_1,PIGE,0,0,0,0,0,2.6133253147891,2.6197298364530908,2.608346384326064,2.6138011566282247,2.612338431710204,0,0,0,0,0
UGA,UGA.27_1,PIGE,0,0,0,0,0,142.7339613908353,143.08376198502143,142.46202338738163,142.7599508037528,142.6800600527649,0,0,0,0,0
UGA,UGA.28_1,PIGE,3.695252504031741e-5,3.373926199333329e-5,3.0525998946349166e-5,8.8695056464882e-5,8.233398210684573e-5,0.1179493689975776,0.11823842956142097,0.11772465081837713,0.11797084556015855,0.11790482718880568,3.133e-4,2.853e-4,2.593e-4,7.518e-4,6.983e-4
UGA,UGA.29_1,PIGE,0,0,0,0,0,25.332601818373256,25.39468486491663,25.28433792172492,25.337214451852468,25.323035341541043,0,0,0,0,0
UGA,UGA.2_1,PIGE,7.313725317523111e-4,6.771967886595473e-4,6.230210455667835e-4,5.688453024740198e-4,5.14669559381256e-4,438.25596190476375,439.33000338995816,437.42099277673884,438.3357608190971,438.0904611190095,1.669e-6,1.541e-6,1.424e-6,1.298e-6,1.175e-6
UGA,UGA.30_1,PIGE,1.1637206829861405e-5,9.846867317575034e-6,8.056527805288664e-6,6.266188293002294e-6,4.475848780715925e-6,1.6304118416006237,1.634407520172161,1.6273055665649439,1.6307087117089287,1.629796141041263,7.138e-6,6.025e-6,4.951e-6,3.843e-6,2.746e-6
UGA,UGA.31_1,PIGE,0,0,0,0,0,0.318249713577699,0.319029653669211,0.3176433814135335,0.31830766140690825,0.31812953135032146,0,0,0,0,0
UGA,UGA.32_1,PIGE,0,0,0,0,0,0.509001456893771,0.5102488755902612,0.5080317028240743,0.5090941373526465,0.50880924013373,0,0,0,0,0
UGA,UGA.33_1,PIGE,9.474864837771348e-4,0,0,0,0,339.76391337150005,340.5965786855028,339.11659216393645,339.8257785684933,339.6356066295004,2.789e-6,0,0,0,0
UGA,UGA.34_1,PIGE,0,0,0,0,0,0.08429915409841689,0.08450574749711247,0.08413854660574327,0.08431450353244864,0.08426731978820906,0,0,0,0,0
UGA,UGA.36_1,PIGE,0.002783817262170576,0.002625653658862078,0.0024674900555535706,0.002379534471884823,0.0022177704573127484,58.87559239079885,59.01987982597323,58.76342209235765,58.886312629111416,58.85335890706009,4.728e-5,4.449e-5,4.199e-5,4.041e-5,3.768e-5
UGA,UGA.37_1,PIGE,0,0,0,0,0,0.821565802147741,0.8235792277050081,0.8200005477278058,0.8217153952275017,0.821255550154332,0,0,0,0,0
UGA,UGA.38_1,PIGE,0,0,0,0,0,4.850561741768468,4.862449097537717,4.841320408711976,4.851444946093214,4.848729999934031,0,0,0,0,0
UGA,UGA.39_1,PIGE,0,0,0,0,0,0.015422442944276266,0.011313413429827389,0.005616573312251883,0.01939376476465557,0.01483725343831712,0,0,0,0,0
UGA,UGA.3_1,PIGE,0,0,0,0,0,505.0862714006469,506.4394608591281,504.4053311642644,505.58275008128555,505.23006614735266,0,0,0,0,0
UGA,UGA.40_1,PIGE,0,1.3097732866540085e-5,1.2426054257999568e-5,1.494556605506049e-5,1.4110236656489133e-5,0.056757412632343705,0.05689650900765482,0.05664927790867993,0.05676774718635354,0.05673597904739667,0,2.302e-4,2.194e-4,2.633e-4,2.487e-4
UGA,UGA.41_1,PIGE,0,0,0,0,0,28.522542339064227,28.592443028155195,28.468200939571577,28.527735806148605,28.511771229075652,0,0,0,0,0
UGA,UGA.43_1,PIGE,0,0,0,0,0,1.0559633889172388,1.058551256704854,1.0539515581454717,1.0561556617882002,1.0555646201935138,0,0,0,0,0
UGA,UGA.44_1,PIGE,0,0,0,0,0,0.023345349075909967,0.02340256192769844,0.023300871310732215,0.023349599864656557,0.023336533055247115,0,0,0,0,0
UGA,UGA.45_1,PIGE,0,0,0,0,0,0.2533996493077743,0.2540206602222805,0.2529168700586233,0.2534457890495347,0.2533039567337634,0,0,0,0,0
UGA,UGA.46_1,PIGE,0,0,0,0,0,0.19237774889140274,0.19284921237643932,0.1920112291056932,0.19241277758887146,0.19230510032214018,0,0,0,0,0
UGA,UGA.47_1,PIGE,0.004736102400071665,0.004277650164348229,0.0038191979286248024,0.003360745692901366,0.00290229345717793,421.8555671026471,422.8894158559173,421.0518441515998,421.93237978561433,421.6962596798185,1.123e-5,1.012e-5,9.071e-6,7.965e-6,6.882e-6
UGA,UGA.49_1,PIGE,0,0,0,0,0,133.73569202120984,134.06344040062191,133.4808976000058,133.76004300318974,133.68518874450209,0,0,0,0,0
UGA,UGA.4_1,PIGE,0,0,0,0,0,2.861712937179985,2.8687261866972085,2.8562607764257315,2.862234006156499,2.860632254243812,0,0,0,0,0
UGA,UGA.50_1,PIGE,0,0,0,0,0,3.469929593886891,3.4784334105111774,3.4633186533882765,3.470561408713099,3.4686192270596963,0,0,0,0,0
UGA,UGA.54_1,PIGE,0,0,0,0,0,0.020973333584810187,0.021024733297103897,0.020933375004488834,0.020977152470108968,0.020965413320193395,0,0,0,0,0
UGA,UGA.55_1,PIGE,5.318145026298922e-4,5.030677727580061e-4,4.7432104288612e-4,4.455743130142339e-4,4.168275831423479e-4,30.93224601925879,31.008052210943056,30.87331363103913,30.937878252165564,30.920564920845248,1.719e-5,1.622e-5,1.536e-5,1.44e-5,1.348e-5
UGA,UGA.56_1,PIGE,0,0,0,0,0,43.75505921314734,43.86229049547333,43.67169668801684,43.76302626100364,43.73853577180263,0,0,0,0,0
UGA,UGA.58_1,PIGE,0.00626449273179534,0.005800456233143826,0.00533641973449232,0.004872383235840813,0.0044083467371893075,164.72489307949743,165.12858723129554,164.41105775883048,164.75488666492248,164.66268719616056,3.803e-5,3.513e-5,3.246e-5,2.957e-5,2.677e-5
UGA,UGA.5_1,PIGE,0,0,0,0,0,1.94553159308852,1.982483203086885,2.0203146133233063,2.058732557051765,2.038121770141566,0,0,0,0,0
UGA,UGA.7_1,PIGE,0,0,0,0,0,6.559244203875661,6.575319057383335,6.546747473906241,6.560438530049895,6.556767203756878,0,0,0,0,0
UGA,UGA.8_1,PIGE,0.00118214938354956,0.00105771260633382,9.332758291180816e-4,8.088390519023374e-4,6.844022746865931e-4,967.605753525263,969.9770817237026,965.7622625005627,967.7819379821692,967.2403517362885,1.222e-6,1.09e-6,9.664e-7,8.358e-7,7.076e-7
UGA,UGA.9_1,PIGE,6.471766188261139e-5,5.790527642128388e-5,5.109289095995637e-5,4.4280505498628846e-5,3.746812003730133e-5,47.496450985758166,47.612851361777,47.405960327989376,47.505099277060076,47.478514663969136,1.363e-6,1.216e-6,1.078e-6,9.321e-7,7.892e-7
VCT,VCT.1_1,PIGE,7.200192332911624e-4,6.50345913321396e-4,5.806725933516295e-4,5.109992733818632e-4,4.413259534120895e-4,80.13725468138921,24.923069637752626,14.570409942070764,13.22839850003793,16.804283845294556,8.985e-6,2.609e-5,3.985e-5,3.863e-5,2.626e-5
VCT,VCT.3_1,PIGE,0.00134294067907916,0.00124797821316,0.00115301574724085,0.0010580532813217,9.630908154025464e-4,5.665504704927911,1.7619990709105944,1.0300917645323475,0.9352148914833155,1.1880210966419644,2.37e-4,7.083e-4,0.001119,0.001131,8.107e-4
VCT,VCT.5_1,PIGE,8.169441838869584e-4,7.664884864547423e-4,7.160327890225265e-4,6.655770915903105e-4,6.151213941580946e-4,7.667011295686127,2.3844771972229584,1.394002053761114,1.265607127756801,1.6077245791614359,1.066e-4,3.214e-4,5.137e-4,5.259e-4,3.826e-4
VCT,VCT.6_1,PIGE,0.00102213354139048,9.697164367037926e-4,9.172993320171012e-4,8.648822273304097e-4,8.124651226437182e-4,4.48937958757708,1.3962185320215799,0.8162508341049236,0.7410698362268386,0.941394975144273,2.277e-4,6.945e-4,0.001124,0.001167,8.63e-4
VEN,VEN.11_1,PIGE,0.009553948562863523,0.008993427287424985,0.008432906011986447,0.007872384736547909,0.007311863461109371,0.08904407200458606,0.08904407200458606,0.08904407200458606,0.08904407200458606,0.08904407200458606,0.1073,0.101,0.0947,0.08841,0.08212
VEN,VEN.12_1,PIGE,1.1369858013343577,1.0891504864147499,0.9815011097858608,0.8929380323505554,0.8141626378542985,17.467464443963557,17.467464443963557,17.467464443963557,17.467464443963557,17.467464443963557,0.06509,0.06235,0.05619,0.05112,0.04661
VEN,VEN.13_1,PIGE,0.13380443205987055,0.11827072584606507,0.1020925741618851,0.08605581748995533,0.07019427703691211,49.896309808692145,49.896309808692145,49.896309808692145,49.896309808692145,49.896309808692145,0.002682,0.00237,0.002046,0.001725,0.001407
VEN,VEN.14_1,PIGE,2.8613934328236192,2.636740858284015,2.418291146529376,2.2362287975936987,2.2363838860226557,198.67696362719437,198.67696362719437,198.67696362719437,198.67696362719437,198.67696362719437,0.0144,0.01327,0.01217,0.01126,0.01126
VEN,VEN.15_1,PIGE,0.09024887054805443,0.08280014597210619,0.07567940375088923,0.06677804786197998,0.05740070419777388,13.352268343277988,13.352268343277988,13.352268343277988,13.352268343277988,13.352268343277988,0.006759,0.006201,0.005668,0.005001,0.004299
VEN,VEN.16_1,PIGE,296.9111555174401,282.520857881868,269.8808189359945,253.7199734522602,237.97463517723799,22.479063586113664,22.479063586113664,22.479063586113664,22.479063586113664,22.479063586113664,13.21,12.57,12.01,11.29,10.59
VEN,VEN.17_1,PIGE,0.0018870515196672735,0.0016698404839380501,0.0014482363341235325,0.001226632184309015,0.0010050280344944974,2.4216390879337912,2.4216390879337912,2.4216390879337912,2.4216390879337912,2.4216390879337912,7.792e-4,6.895e-4,5.98e-4,5.065e-4,4.15e-4
VEN,VEN.18_1,PIGE,1.976155821596491e-4,1.8568879034265906e-4,1.7376199852566903e-4,2.2489277423876511e-4,2.097322610099758e-4,0.20610228224365315,0.20610228224365315,0.20610228224365315,0.20610228224365315,0.20610228224365315,9.588e-4,9.01e-4,8.431e-4,0.001091,0.001018
VEN,VEN.19_1,PIGE,0.7226972164733073,0.6811199260564336,0.6363728080886742,0.6413062664104072,0.6259874627844983,279.503005708018,279.503005708018,279.503005708018,279.503005708018,279.503005708018,0.002586,0.002437,0.002277,0.002294,0.00224
VEN,VEN.1_1,PIGE,0.0056790512013042355,0.005630107160640367,0.00551539525010235,0.005387175116545796,0.00524707991423204,0.4462619756332929,0.4462619756332929,0.4462619756332929,0.4462619756332929,0.4462619756332929,0.01273,0.01262,0.01236,0.012070000000000001,0.01176
VEN,VEN.21_1,PIGE,0.006182156642214371,0.005480567188372288,0.004759228825389992,0.004028563959365665,0.003307581789324905,2.472570230702879,2.472570230702879,2.472570230702879,2.472570230702879,2.472570230702879,0.0025,0.002217,0.001925,0.001629,0.001338
VEN,VEN.22_1,PIGE,0.034108636665678926,0.02976141138706574,0.028475501830796668,0.02541417381067515,0.02419921406558303,3.7552596975266113,3.7552596975266113,3.7552596975266113,3.7552596975266113,3.7552596975266113,0.009083,0.007925,0.007583,0.006768,0.006444
VEN,VEN.24_1,PIGE,1.031892819686611,0.9702260226903201,0.9199042785716285,0.8519383433331106,0.8310417927082564,65.83169382113842,65.83169382113842,65.83169382113842,65.83169382113842,65.83169382113842,0.01567,0.01474,0.01397,0.01294,0.01262
VEN,VEN.25_1,PIGE,0.47460586860417653,0.36704669343027424,0.271739237646474,0.20619678282672835,0.17263331474655816,19.1380516924056,19.1380516924056,19.1380516924056,19.1380516924056,19.1380516924056,0.0248,0.01918,0.0142,0.01077,0.00902
VEN,VEN.2_1,PIGE,0.013335101781090809,0.012256556195626862,0.011366953375094186,0.010357696506999808,0.00925590107569287,7.156609989192621,7.156609989192621,7.156609989192621,7.156609989192621,7.156609989192621,0.001863,0.001713,0.001588,0.001447,0.001293
VEN,VEN.3_1,PIGE,0.2129026889044899,0.19887631747065612,0.18733877603238433,0.17152479905140164,0.15610674557162926,2.9625855623865607,2.9625855623865607,2.9625855623865607,2.9625855623865607,2.9625855623865607,0.07186,0.06713,0.06323,0.0579,0.05269
VEN,VEN.4_1,PIGE,0.11379772201533321,0.09958394528757189,0.08433115392695957,0.07144089970907912,0.06329638414064766,45.37981697750553,45.37981697750553,45.37981697750553,45.37981697750553,45.37981697750553,0.002508,0.002194,0.001858,0.001574,0.001395
VEN,VEN.5_1,PIGE,0.07797834762749871,0.07596229589199716,0.08154239103280748,0.07691648421915427,0.08071507422018691,20.004981782531022,20.004981782531022,20.004981782531022,20.004981782531022,20.004981782531022,0.003898,0.003797,0.004076,0.003845,0.004035
VEN,VEN.6_1,PIGE,0.5041385458995115,0.46333736128577147,0.41869560553558494,0.38668221139893744,0.40378141989540234,51.478718994759454,51.478718994759454,51.478718994759454,51.478718994759454,51.478718994759454,0.009793,0.009001,0.008133,0.007511,0.007844
VEN,VEN.7_1,PIGE,2.713617891468157,2.6145016406713033,2.4679262501143833,2.3583888482019555,2.248174616046908,105.24949902852573,105.24949902852573,105.24949902852573,105.24949902852573,105.24949902852573,0.02578,0.02484,0.02345,0.02241,0.02136
VEN,VEN.8_1,PIGE,0.5314574659132804,0.48364322196780996,0.4338190775390181,0.3912019192419188,0.3472577204349811,145.58252818596065,145.58252818596065,145.58252818596065,145.58252818596065,145.58252818596065,0.003651,0.003322,0.00298,0.002687,0.002385
Z07,Z07.3_1,PIGE,2.5796969379478116,2.7210873963211117,3.0727160046734645,3.7420047216006376,4.412202581104427,115.83509414880973,128.46026904149258,125.61151620895212,98.56584673074187,106.61919966245942,0.02227,0.02118,0.02446,0.03796,0.04138
ZMB,ZMB.1_1,PIGE,0,0,0,0,0,0.18246538712757096,0.18593096427229117,0.18947905515855235,0.19308215520584082,0.19114913328734132,0,0,0,0,0
ZMB,ZMB.2_1,PIGE,0,0,0,0,0,0.6436579200946113,0.6558829574675267,0.668399067158845,0.6811092250624317,0.6742903708833164,0,0,0,0,0
ZMB,ZMB.3_1,PIGE,0.004431164533699405,0.003689630483306403,0.0029480964329134003,0.0022297379074035346,0.001487015368554985,0.2514781398215829,0.249917791957453,0.2541919945636043,0.2614561107197569,0.2589098871318829,0.01762,0.01476,0.0116,0.008528,0.005743
ZMB,ZMB.4_1,PIGE,8.162719614753316e-5,7.452917909122594e-5,6.74311620349187e-5,6.033314497861147e-5,5.323512792230425e-5,1.3378334089568025,1.3632429672215833,1.3892575149688595,1.4156753890377984,1.4015025020945537,6.101e-5,5.467e-5,4.854e-5,4.262e-5,3.798e-5
ZMB,ZMB.6_1,PIGE,0.015369154586669412,0.01256881169093544,0.00976846879520146,0.0069757741512539535,0.004190727759092914,0.35377909447358863,0.35158399928628004,0.35759694151924576,0.3678160899418399,0.36423406616878173,0.04344,0.03575,0.02732,0.01897,0.01151
ZMB,ZMB.7_1,PIGE,6.476026157525886e-5,5.859261761571039e-5,5.2424973656161926e-5,4.625732969661347e-5,4.0089685737065e-5,1.0325751243861223,1.0521868918978272,1.072265606255049,1.0926556185092822,1.0817166104083087,6.272e-5,5.569e-5,4.889e-5,4.233e-5,3.706e-5
ZMB,ZMB.8_1,PIGE,0,0,0,0,0,0.00971019705158999,0.00989462346529218,0.010083440984082523,0.010275185906264958,0.010172316951066624,0,0,0,0,0
