GID_0,crop_type,OILP_LD_2020,OILP_LD_2021,OILP_LD_2022,OILP_LD_2023,OILP_LD_2024,OILP_production_2020,OILP_production_2021,OILP_production_2022,OILP_production_2023,OILP_production_2024,OILP_EF_2020,OILP_EF_2021,OILP_EF_2022,OILP_EF_2023,OILP_EF_2024,co_product,functional_unit,allocation_ratio,co_product_EF_2020,co_product_EF_2021,co_product_EF_2022,co_product_EF_2023,co_product_EF_2024
AGO,OILP,15778.86219566656,16532.08510891929,15795.964747742995,17076.52257977758,17179.976189641697,73296.79454098384,73099.39064390617,73171.15367646428,73242.47379602127,73188.72105907298,0.2153,0.2262,0.2159,0.2332,0.2347,Palm oil,1 kg palm oil,6.7,1.44251,1.51554,1.44653,1.56244,1.57249
AGO,OILP,15778.86219566656,16532.08510891929,15795.964747742995,17076.52257977758,17179.976189641697,73296.79454098384,73099.39064390617,73171.15367646428,73242.47379602127,73188.72105907298,0.2153,0.2262,0.2159,0.2332,0.2347,Magnesium stearate,1 kg magnesium stearate,6.7,1.44251,1.51554,1.44653,1.56244,1.57249
AGO,OILP,15778.86219566656,16532.08510891929,15795.964747742995,17076.52257977758,17179.976189641697,73296.79454098384,73099.39064390617,73171.15367646428,73242.47379602127,73188.72105907298,0.2153,0.2262,0.2159,0.2332,0.2347,Partially hydrogenated palm oil,1 kg partially hydrogenated palm oil,6.3,1.35639,1.42506,1.36017,1.4691599999999998,1.47861
AGO,OILP,15778.86219566656,16532.08510891929,15795.964747742995,17076.52257977758,17179.976189641697,73296.79454098384,73099.39064390617,73171.15367646428,73242.47379602127,73188.72105907298,0.2153,0.2262,0.2159,0.2332,0.2347,Partially hydrogenated palm kernel oil,1 kg partially hydrogenated palm kernel oil,6.2,1.33486,1.4024400000000001,1.33858,1.44584,1.45514
AGO,OILP,15778.86219566656,16532.08510891929,15795.964747742995,17076.52257977758,17179.976189641697,73296.79454098384,73099.39064390617,73171.15367646428,73242.47379602127,73188.72105907298,0.2153,0.2262,0.2159,0.2332,0.2347,Palm kernel oil,1 kg palm kernel oil,6.6,1.42098,1.49292,1.4249399999999999,1.5391199999999998,1.5490199999999998
BDI,OILP,8452.174462539877,10060.67776290297,11026.161555550349,12019.523774759677,13606.345463641015,48807.00354797788,48106.835520519504,48055.534727851154,48004.686970496245,48047.18006043901,0.1732,0.2091,0.2294,0.2504,0.2832,Palm oil,1 kg palm oil,6.7,1.16044,1.40097,1.53698,1.67768,1.89744
BDI,OILP,8452.174462539877,10060.67776290297,11026.161555550349,12019.523774759677,13606.345463641015,48807.00354797788,48106.835520519504,48055.534727851154,48004.686970496245,48047.18006043901,0.1732,0.2091,0.2294,0.2504,0.2832,Magnesium stearate,1 kg magnesium stearate,6.7,1.16044,1.40097,1.53698,1.67768,1.89744
BDI,OILP,8452.174462539877,10060.67776290297,11026.161555550349,12019.523774759677,13606.345463641015,48807.00354797788,48106.835520519504,48055.534727851154,48004.686970496245,48047.18006043901,0.1732,0.2091,0.2294,0.2504,0.2832,Partially hydrogenated palm oil,1 kg partially hydrogenated palm oil,6.3,1.09116,1.3173300000000001,1.44522,1.57752,1.78416
BDI,OILP,8452.174462539877,10060.67776290297,11026.161555550349,12019.523774759677,13606.345463641015,48807.00354797788,48106.835520519504,48055.534727851154,48004.686970496245,48047.18006043901,0.1732,0.2091,0.2294,0.2504,0.2832,Partially hydrogenated palm kernel oil,1 kg partially hydrogenated palm kernel oil,6.2,1.07384,1.2964200000000001,1.42228,1.55248,1.75584
BDI,OILP,8452.174462539877,10060.67776290297,11026.161555550349,12019.523774759677,13606.345463641015,48807.00354797788,48106.835520519504,48055.534727851154,48004.686970496245,48047.18006043901,0.1732,0.2091,0.2294,0.2504,0.2832,Palm kernel oil,1 kg palm kernel oil,6.6,1.14312,1.38006,1.5140399999999998,1.6526399999999999,1.86912
BEN,OILP,40835.80267532581,42133.05708623643,45797.89275187945,48782.90559374534,48484.03983318162,479248.80657545733,514065.53726508183,536816.6212505782,523648.0257350224,526706.0768705735,0.08521,0.08196,0.08531,0.09316,0.09205,Palm oil,1 kg palm oil,6.7,0.5709069999999999,0.5491320000000001,0.571577,0.6241720000000001,0.616735
BEN,OILP,40835.80267532581,42133.05708623643,45797.89275187945,48782.90559374534,48484.03983318162,479248.80657545733,514065.53726508183,536816.6212505782,523648.0257350224,526706.0768705735,0.08521,0.08196,0.08531,0.09316,0.09205,Magnesium stearate,1 kg magnesium stearate,6.7,0.5709069999999999,0.5491320000000001,0.571577,0.6241720000000001,0.616735
BEN,OILP,40835.80267532581,42133.05708623643,45797.89275187945,48782.90559374534,48484.03983318162,479248.80657545733,514065.53726508183,536816.6212505782,523648.0257350224,526706.0768705735,0.08521,0.08196,0.08531,0.09316,0.09205,Partially hydrogenated palm oil,1 kg partially hydrogenated palm oil,6.3,0.5368229999999999,0.516348,0.537453,0.586908,0.5799150000000001
BEN,OILP,40835.80267532581,42133.05708623643,45797.89275187945,48782.90559374534,48484.03983318162,479248.80657545733,514065.53726508183,536816.6212505782,523648.0257350224,526706.0768705735,0.08521,0.08196,0.08531,0.09316,0.09205,Partially hydrogenated palm kernel oil,1 kg partially hydrogenated palm kernel oil,6.2,0.5283019999999999,0.508152,0.528922,0.5775920000000001,0.57071
BEN,OILP,40835.80267532581,42133.05708623643,45797.89275187945,48782.90559374534,48484.03983318162,479248.80657545733,514065.53726508183,536816.6212505782,523648.0257350224,526706.0768705735,0.08521,0.08196,0.08531,0.09316,0.09205,Palm kernel oil,1 kg palm kernel oil,6.6,0.5623859999999999,0.540936,0.5630459999999999,0.614856,0.60753
BLZ,OILP,275.66770386503896,239.0483184703218,203.80107320910656,170.45889844449664,141.48365391498606,44.27993983387812,46.658149707111825,48.22768175851989,48.09863734284924,47.79687401453747,6.226,5.123,4.226,3.544,2.96,Palm oil,1 kg palm oil,6.7,41.7142,34.3241,28.3142,23.7448,19.832
BLZ,OILP,275.66770386503896,239.0483184703218,203.80107320910656,170.45889844449664,141.48365391498606,44.27993983387812,46.658149707111825,48.22768175851989,48.09863734284924,47.79687401453747,6.226,5.123,4.226,3.544,2.96,Magnesium stearate,1 kg magnesium stearate,6.7,41.7142,34.3241,28.3142,23.7448,19.832
BLZ,OILP,275.66770386503896,239.0483184703218,203.80107320910656,170.45889844449664,141.48365391498606,44.27993983387812,46.658149707111825,48.22768175851989,48.09863734284924,47.79687401453747,6.226,5.123,4.226,3.544,2.96,Partially hydrogenated palm oil,1 kg partially hydrogenated palm oil,6.3,39.2238,32.2749,26.6238,22.3272,18.648
BLZ,OILP,275.66770386503896,239.0483184703218,203.80107320910656,170.45889844449664,141.48365391498606,44.27993983387812,46.658149707111825,48.22768175851989,48.09863734284924,47.79687401453747,6.226,5.123,4.226,3.544,2.96,Partially hydrogenated palm kernel oil,1 kg partially hydrogenated palm kernel oil,6.2,38.6012,31.762600000000003,26.2012,21.9728,18.352
BLZ,OILP,275.66770386503896,239.0483184703218,203.80107320910656,170.45889844449664,141.48365391498606,44.27993983387812,46.658149707111825,48.22768175851989,48.09863734284924,47.79687401453747,6.226,5.123,4.226,3.544,2.96,Palm kernel oil,1 kg palm kernel oil,6.6,41.0916,33.8118,27.891599999999997,23.3904,19.535999999999998
BOL,OILP,419.7742370442696,512.2167571946236,662.9067789627983,640.974926766465,760.8105715525021,77.14031436239877,113.08278556134202,129.1795704827406,130.5963769674206,125.6555446490383,5.442,4.53,5.132,4.908,6.055,Palm oil,1 kg palm oil,6.7,36.461400000000005,30.351000000000003,34.3844,32.8836,40.5685
BOL,OILP,419.7742370442696,512.2167571946236,662.9067789627983,640.974926766465,760.8105715525021,77.14031436239877,113.08278556134202,129.1795704827406,130.5963769674206,125.6555446490383,5.442,4.53,5.132,4.908,6.055,Magnesium stearate,1 kg magnesium stearate,6.7,36.461400000000005,30.351000000000003,34.3844,32.8836,40.5685
BOL,OILP,419.7742370442696,512.2167571946236,662.9067789627983,640.974926766465,760.8105715525021,77.14031436239877,113.08278556134202,129.1795704827406,130.5963769674206,125.6555446490383,5.442,4.53,5.132,4.908,6.055,Partially hydrogenated palm oil,1 kg partially hydrogenated palm oil,6.3,34.2846,28.539,32.331599999999995,30.9204,38.146499999999996
BOL,OILP,419.7742370442696,512.2167571946236,662.9067789627983,640.974926766465,760.8105715525021,77.14031436239877,113.08278556134202,129.1795704827406,130.5963769674206,125.6555446490383,5.442,4.53,5.132,4.908,6.055,Partially hydrogenated palm kernel oil,1 kg partially hydrogenated palm kernel oil,6.2,33.7404,28.086000000000002,31.8184,30.429600000000004,37.541
BOL,OILP,419.7742370442696,512.2167571946236,662.9067789627983,640.974926766465,760.8105715525021,77.14031436239877,113.08278556134202,129.1795704827406,130.5963769674206,125.6555446490383,5.442,4.53,5.132,4.908,6.055,Palm kernel oil,1 kg palm kernel oil,6.6,35.9172,29.898,33.871199999999995,32.3928,39.962999999999994
BRA,OILP,9615890.447442276,9986066.365743892,10452565.201035531,10744230.22791024,11243713.71882644,2126893.6396709373,2141489.940471088,2188828.8117436394,2149449.6467288444,2165784.101927684,4.521,4.663,4.775,4.999,5.192,Palm oil,1 kg palm oil,6.7,30.2907,31.242100000000004,31.992500000000003,33.4933,34.7864
BRA,OILP,9615890.447442276,9986066.365743892,10452565.201035531,10744230.22791024,11243713.71882644,2126893.6396709373,2141489.940471088,2188828.8117436394,2149449.6467288444,2165784.101927684,4.521,4.663,4.775,4.999,5.192,Magnesium stearate,1 kg magnesium stearate,6.7,30.2907,31.242100000000004,31.992500000000003,33.4933,34.7864
BRA,OILP,9615890.447442276,9986066.365743892,10452565.201035531,10744230.22791024,11243713.71882644,2126893.6396709373,2141489.940471088,2188828.8117436394,2149449.6467288444,2165784.101927684,4.521,4.663,4.775,4.999,5.192,Partially hydrogenated palm oil,1 kg partially hydrogenated palm oil,6.3,28.4823,29.3769,30.082500000000003,31.493699999999997,32.7096
BRA,OILP,9615890.447442276,9986066.365743892,10452565.201035531,10744230.22791024,11243713.71882644,2126893.6396709373,2141489.940471088,2188828.8117436394,2149449.6467288444,2165784.101927684,4.521,4.663,4.775,4.999,5.192,Partially hydrogenated palm kernel oil,1 kg partially hydrogenated palm kernel oil,6.2,28.0302,28.910600000000002,29.605000000000004,30.9938,32.190400000000004
BRA,OILP,9615890.447442276,9986066.365743892,10452565.201035531,10744230.22791024,11243713.71882644,2126893.6396709373,2141489.940471088,2188828.8117436394,2149449.6467288444,2165784.101927684,4.521,4.663,4.775,4.999,5.192,Palm kernel oil,1 kg palm kernel oil,6.6,29.838599999999996,30.7758,31.515,32.993399999999994,34.2672
BRN,OILP,13738.433559755023,12242.499770863404,11288.388739490998,9853.875889257972,8680.277129187281,29609.25415892903,27906.748203836676,28951.274913031193,28993.440534948753,28725.892033371245,0.464,0.4387,0.3899,0.3399,0.3022,Palm oil,1 kg palm oil,6.7,3.1088000000000005,2.9392899999999997,2.61233,2.27733,2.0247400000000004
BRN,OILP,13738.433559755023,12242.499770863404,11288.388739490998,9853.875889257972,8680.277129187281,29609.25415892903,27906.748203836676,28951.274913031193,28993.440534948753,28725.892033371245,0.464,0.4387,0.3899,0.3399,0.3022,Magnesium stearate,1 kg magnesium stearate,6.7,3.1088000000000005,2.9392899999999997,2.61233,2.27733,2.0247400000000004
BRN,OILP,13738.433559755023,12242.499770863404,11288.388739490998,9853.875889257972,8680.277129187281,29609.25415892903,27906.748203836676,28951.274913031193,28993.440534948753,28725.892033371245,0.464,0.4387,0.3899,0.3399,0.3022,Partially hydrogenated palm oil,1 kg partially hydrogenated palm oil,6.3,2.9232,2.76381,2.45637,2.1413699999999998,1.90386
BRN,OILP,13738.433559755023,12242.499770863404,11288.388739490998,9853.875889257972,8680.277129187281,29609.25415892903,27906.748203836676,28951.274913031193,28993.440534948753,28725.892033371245,0.464,0.4387,0.3899,0.3399,0.3022,Partially hydrogenated palm kernel oil,1 kg partially hydrogenated palm kernel oil,6.2,2.8768000000000002,2.71994,2.41738,2.10738,1.8736400000000002
BRN,OILP,13738.433559755023,12242.499770863404,11288.388739490998,9853.875889257972,8680.277129187281,29609.25415892903,27906.748203836676,28951.274913031193,28993.440534948753,28725.892033371245,0.464,0.4387,0.3899,0.3399,0.3022,Palm kernel oil,1 kg palm kernel oil,6.6,3.0624,2.8954199999999997,2.57334,2.24334,1.99452
CAF,OILP,30725.56313995009,36227.77455437001,37131.761895455136,44465.14342040355,45209.756314528335,4950.268342738585,4897.911486403209,4883.876033795168,4924.103948925696,4907.724556225998,6.207,7.397,7.603,9.03,9.212,Palm oil,1 kg palm oil,6.7,41.5869,49.559900000000006,50.9401,60.501,61.7204
CAF,OILP,30725.56313995009,36227.77455437001,37131.761895455136,44465.14342040355,45209.756314528335,4950.268342738585,4897.911486403209,4883.876033795168,4924.103948925696,4907.724556225998,6.207,7.397,7.603,9.03,9.212,Magnesium stearate,1 kg magnesium stearate,6.7,41.5869,49.559900000000006,50.9401,60.501,61.7204
CAF,OILP,30725.56313995009,36227.77455437001,37131.761895455136,44465.14342040355,45209.756314528335,4950.268342738585,4897.911486403209,4883.876033795168,4924.103948925696,4907.724556225998,6.207,7.397,7.603,9.03,9.212,Partially hydrogenated palm oil,1 kg partially hydrogenated palm oil,6.3,39.104099999999995,46.6011,47.8989,56.888999999999996,58.035599999999995
CAF,OILP,30725.56313995009,36227.77455437001,37131.761895455136,44465.14342040355,45209.756314528335,4950.268342738585,4897.911486403209,4883.876033795168,4924.103948925696,4907.724556225998,6.207,7.397,7.603,9.03,9.212,Partially hydrogenated palm kernel oil,1 kg partially hydrogenated palm kernel oil,6.2,38.4834,45.8614,47.1386,55.986,57.1144
CAF,OILP,30725.56313995009,36227.77455437001,37131.761895455136,44465.14342040355,45209.756314528335,4950.268342738585,4897.911486403209,4883.876033795168,4924.103948925696,4907.724556225998,6.207,7.397,7.603,9.03,9.212,Palm kernel oil,1 kg palm kernel oil,6.6,40.96619999999999,48.8202,50.17979999999999,59.59799999999999,60.79919999999999
CHN,OILP,117156.59327006314,121030.29012019747,123850.42963332754,127649.14304852886,133411.8503567786,363864.6659048605,363552.2105816399,363631.2152068664,363710.2252720588,363649.79584933113,0.322,0.3329,0.3406,0.351,0.3669,Palm oil,1 kg palm oil,6.7,2.1574,2.2304299999999997,2.28202,2.3517,2.45823
CHN,OILP,117156.59327006314,121030.29012019747,123850.42963332754,127649.14304852886,133411.8503567786,363864.6659048605,363552.2105816399,363631.2152068664,363710.2252720588,363649.79584933113,0.322,0.3329,0.3406,0.351,0.3669,Magnesium stearate,1 kg magnesium stearate,6.7,2.1574,2.2304299999999997,2.28202,2.3517,2.45823
CHN,OILP,117156.59327006314,121030.29012019747,123850.42963332754,127649.14304852886,133411.8503567786,363864.6659048605,363552.2105816399,363631.2152068664,363710.2252720588,363649.79584933113,0.322,0.3329,0.3406,0.351,0.3669,Partially hydrogenated palm oil,1 kg partially hydrogenated palm oil,6.3,2.0286,2.09727,2.1457800000000002,2.2112999999999996,2.31147
CHN,OILP,117156.59327006314,121030.29012019747,123850.42963332754,127649.14304852886,133411.8503567786,363864.6659048605,363552.2105816399,363631.2152068664,363710.2252720588,363649.79584933113,0.322,0.3329,0.3406,0.351,0.3669,Partially hydrogenated palm kernel oil,1 kg partially hydrogenated palm kernel oil,6.2,1.9964000000000002,2.06398,2.11172,2.1762,2.2747800000000002
CHN,OILP,117156.59327006314,121030.29012019747,123850.42963332754,127649.14304852886,133411.8503567786,363864.6659048605,363552.2105816399,363631.2152068664,363710.2252720588,363649.79584933113,0.322,0.3329,0.3406,0.351,0.3669,Palm kernel oil,1 kg palm kernel oil,6.6,2.1252,2.1971399999999996,2.24796,2.3165999999999998,2.42154
CIV,OILP,5377372.303891074,5558790.400983354,5691099.446917564,5878328.280618194,5958430.1144684,2259614.3054058664,2259705.279415312,2259738.971426801,2259687.765259143,2259706.1234023604,2.38,2.46,2.518,2.601,2.637,Palm oil,1 kg palm oil,6.7,15.946,16.482,16.8706,17.4267,17.6679
CIV,OILP,5377372.303891074,5558790.400983354,5691099.446917564,5878328.280618194,5958430.1144684,2259614.3054058664,2259705.279415312,2259738.971426801,2259687.765259143,2259706.1234023604,2.38,2.46,2.518,2.601,2.637,Magnesium stearate,1 kg magnesium stearate,6.7,15.946,16.482,16.8706,17.4267,17.6679
CIV,OILP,5377372.303891074,5558790.400983354,5691099.446917564,5878328.280618194,5958430.1144684,2259614.3054058664,2259705.279415312,2259738.971426801,2259687.765259143,2259706.1234023604,2.38,2.46,2.518,2.601,2.637,Partially hydrogenated palm oil,1 kg partially hydrogenated palm oil,6.3,14.994,15.498,15.863399999999999,16.3863,16.6131
CIV,OILP,5377372.303891074,5558790.400983354,5691099.446917564,5878328.280618194,5958430.1144684,2259614.3054058664,2259705.279415312,2259738.971426801,2259687.765259143,2259706.1234023604,2.38,2.46,2.518,2.601,2.637,Partially hydrogenated palm kernel oil,1 kg partially hydrogenated palm kernel oil,6.2,14.756,15.252,15.6116,16.1262,16.3494
CIV,OILP,5377372.303891074,5558790.400983354,5691099.446917564,5878328.280618194,5958430.1144684,2259614.3054058664,2259705.279415312,2259738.971426801,2259687.765259143,2259706.1234023604,2.38,2.46,2.518,2.601,2.637,Palm kernel oil,1 kg palm kernel oil,6.6,15.707999999999998,16.236,16.618799999999997,17.1666,17.4042
CMR,OILP,297963.8214824697,264880.868727638,237235.73422733703,211166.12231339337,188487.32290365128,706213.8420296106,676754.5743608872,667006.5415623293,677977.952465507,674507.9466315743,0.4219,0.3914,0.3557,0.3115,0.2794,Palm oil,1 kg palm oil,6.7,2.82673,2.62238,2.3831900000000004,2.08705,1.87198
CMR,OILP,297963.8214824697,264880.868727638,237235.73422733703,211166.12231339337,188487.32290365128,706213.8420296106,676754.5743608872,667006.5415623293,677977.952465507,674507.9466315743,0.4219,0.3914,0.3557,0.3115,0.2794,Magnesium stearate,1 kg magnesium stearate,6.7,2.82673,2.62238,2.3831900000000004,2.08705,1.87198
CMR,OILP,297963.8214824697,264880.868727638,237235.73422733703,211166.12231339337,188487.32290365128,706213.8420296106,676754.5743608872,667006.5415623293,677977.952465507,674507.9466315743,0.4219,0.3914,0.3557,0.3115,0.2794,Partially hydrogenated palm oil,1 kg partially hydrogenated palm oil,6.3,2.6579699999999997,2.46582,2.24091,1.96245,1.76022
CMR,OILP,297963.8214824697,264880.868727638,237235.73422733703,211166.12231339337,188487.32290365128,706213.8420296106,676754.5743608872,667006.5415623293,677977.952465507,674507.9466315743,0.4219,0.3914,0.3557,0.3115,0.2794,Partially hydrogenated palm kernel oil,1 kg partially hydrogenated palm kernel oil,6.2,2.61578,2.42668,2.20534,1.9313,1.73228
CMR,OILP,297963.8214824697,264880.868727638,237235.73422733703,211166.12231339337,188487.32290365128,706213.8420296106,676754.5743608872,667006.5415623293,677977.952465507,674507.9466315743,0.4219,0.3914,0.3557,0.3115,0.2794,Palm kernel oil,1 kg palm kernel oil,6.6,2.78454,2.58324,2.34762,2.0559,1.8440399999999997
COD,OILP,14174748.074912298,14708159.057840273,15108382.82590207,15671881.932360591,16259332.556338362,1737402.489248628,1745693.1076422017,1782669.950571488,1813120.4411583317,1794822.685217124,8.159,8.425,8.475,8.644,9.059,Palm oil,1 kg palm oil,6.7,54.66530000000001,56.447500000000005,56.7825,57.9148,60.695299999999996
COD,OILP,14174748.074912298,14708159.057840273,15108382.82590207,15671881.932360591,16259332.556338362,1737402.489248628,1745693.1076422017,1782669.950571488,1813120.4411583317,1794822.685217124,8.159,8.425,8.475,8.644,9.059,Magnesium stearate,1 kg magnesium stearate,6.7,54.66530000000001,56.447500000000005,56.7825,57.9148,60.695299999999996
COD,OILP,14174748.074912298,14708159.057840273,15108382.82590207,15671881.932360591,16259332.556338362,1737402.489248628,1745693.1076422017,1782669.950571488,1813120.4411583317,1794822.685217124,8.159,8.425,8.475,8.644,9.059,Partially hydrogenated palm oil,1 kg partially hydrogenated palm oil,6.3,51.401700000000005,53.0775,53.3925,54.4572,57.07169999999999
COD,OILP,14174748.074912298,14708159.057840273,15108382.82590207,15671881.932360591,16259332.556338362,1737402.489248628,1745693.1076422017,1782669.950571488,1813120.4411583317,1794822.685217124,8.159,8.425,8.475,8.644,9.059,Partially hydrogenated palm kernel oil,1 kg partially hydrogenated palm kernel oil,6.2,50.585800000000006,52.23500000000001,52.545,53.592800000000004,56.1658
COD,OILP,14174748.074912298,14708159.057840273,15108382.82590207,15671881.932360591,16259332.556338362,1737402.489248628,1745693.1076422017,1782669.950571488,1813120.4411583317,1794822.685217124,8.159,8.425,8.475,8.644,9.059,Palm kernel oil,1 kg palm kernel oil,6.6,53.8494,55.605000000000004,55.934999999999995,57.050399999999996,59.78939999999999
COG,OILP,337225.64753296826,359503.20440772397,369080.8819210191,393487.751685799,414764.7502252555,90951.88010098354,90386.66507479116,90779.46653764944,91153.2340296436,90980.98115771948,3.708,3.977,4.066,4.317,4.559,Palm oil,1 kg palm oil,6.7,24.843600000000002,26.6459,27.2422,28.923900000000003,30.5453
COG,OILP,337225.64753296826,359503.20440772397,369080.8819210191,393487.751685799,414764.7502252555,90951.88010098354,90386.66507479116,90779.46653764944,91153.2340296436,90980.98115771948,3.708,3.977,4.066,4.317,4.559,Magnesium stearate,1 kg magnesium stearate,6.7,24.843600000000002,26.6459,27.2422,28.923900000000003,30.5453
COG,OILP,337225.64753296826,359503.20440772397,369080.8819210191,393487.751685799,414764.7502252555,90951.88010098354,90386.66507479116,90779.46653764944,91153.2340296436,90980.98115771948,3.708,3.977,4.066,4.317,4.559,Partially hydrogenated palm oil,1 kg partially hydrogenated palm oil,6.3,23.360400000000002,25.0551,25.615799999999997,27.1971,28.7217
COG,OILP,337225.64753296826,359503.20440772397,369080.8819210191,393487.751685799,414764.7502252555,90951.88010098354,90386.66507479116,90779.46653764944,91153.2340296436,90980.98115771948,3.708,3.977,4.066,4.317,4.559,Partially hydrogenated palm kernel oil,1 kg partially hydrogenated palm kernel oil,6.2,22.989600000000003,24.6574,25.2092,26.765400000000003,28.265800000000002
COG,OILP,337225.64753296826,359503.20440772397,369080.8819210191,393487.751685799,414764.7502252555,90951.88010098354,90386.66507479116,90779.46653764944,91153.2340296436,90980.98115771948,3.708,3.977,4.066,4.317,4.559,Palm kernel oil,1 kg palm kernel oil,6.6,24.4728,26.248199999999997,26.835599999999996,28.4922,30.089399999999998
COL,OILP,4594933.909792141,4857209.791070546,5107670.416258066,5293078.686506064,5504974.112538955,5417146.187626338,5954293.249490038,6058862.390601915,6279684.770654732,6129600.910284013,0.8482,0.8157,0.843,0.8429,0.8981,Palm oil,1 kg palm oil,6.7,5.682939999999999,5.46519,5.6481,5.64743,6.01727
COL,OILP,4594933.909792141,4857209.791070546,5107670.416258066,5293078.686506064,5504974.112538955,5417146.187626338,5954293.249490038,6058862.390601915,6279684.770654732,6129600.910284013,0.8482,0.8157,0.843,0.8429,0.8981,Magnesium stearate,1 kg magnesium stearate,6.7,5.682939999999999,5.46519,5.6481,5.64743,6.01727
COL,OILP,4594933.909792141,4857209.791070546,5107670.416258066,5293078.686506064,5504974.112538955,5417146.187626338,5954293.249490038,6058862.390601915,6279684.770654732,6129600.910284013,0.8482,0.8157,0.843,0.8429,0.8981,Partially hydrogenated palm oil,1 kg partially hydrogenated palm oil,6.3,5.34366,5.13891,5.310899999999999,5.31027,5.65803
COL,OILP,4594933.909792141,4857209.791070546,5107670.416258066,5293078.686506064,5504974.112538955,5417146.187626338,5954293.249490038,6058862.390601915,6279684.770654732,6129600.910284013,0.8482,0.8157,0.843,0.8429,0.8981,Partially hydrogenated palm kernel oil,1 kg partially hydrogenated palm kernel oil,6.2,5.25884,5.05734,5.2266,5.22598,5.56822
COL,OILP,4594933.909792141,4857209.791070546,5107670.416258066,5293078.686506064,5504974.112538955,5417146.187626338,5954293.249490038,6058862.390601915,6279684.770654732,6129600.910284013,0.8482,0.8157,0.843,0.8429,0.8981,Palm kernel oil,1 kg palm kernel oil,6.6,5.59812,5.38362,5.5638,5.56314,5.92746
CRI,OILP,742936.4093150945,742356.9585661895,748328.8372811965,746601.8758476798,728666.09597224975,961721.3349854512,981210.0764082012,1036196.437943592,1029433.8923879084,1028189.8541732264,0.7725,0.7566,0.7222,0.7253,0.7087,Palm oil,1 kg palm oil,6.7,5.17575,5.0692200000000005,4.83874,4.859509999999999,4.74829
CRI,OILP,742936.4093150945,742356.9585661895,748328.8372811965,746601.8758476798,728666.09597224975,961721.3349854512,981210.0764082012,1036196.437943592,1029433.8923879084,1028189.8541732264,0.7725,0.7566,0.7222,0.7253,0.7087,Magnesium stearate,1 kg magnesium stearate,6.7,5.17575,5.0692200000000005,4.83874,4.859509999999999,4.74829
CRI,OILP,742936.4093150945,742356.9585661895,748328.8372811965,746601.8758476798,728666.09597224975,961721.3349854512,981210.0764082012,1036196.437943592,1029433.8923879084,1028189.8541732264,0.7725,0.7566,0.7222,0.7253,0.7087,Partially hydrogenated palm oil,1 kg partially hydrogenated palm oil,6.3,4.86675,4.76658,4.54986,4.569389999999999,4.46481
CRI,OILP,742936.4093150945,742356.9585661895,748328.8372811965,746601.8758476798,728666.09597224975,961721.3349854512,981210.0764082012,1036196.437943592,1029433.8923879084,1028189.8541732264,0.7725,0.7566,0.7222,0.7253,0.7087,Partially hydrogenated palm kernel oil,1 kg partially hydrogenated palm kernel oil,6.2,4.7895,4.69092,4.47764,4.49686,4.39394
CRI,OILP,742936.4093150945,742356.9585661895,748328.8372811965,746601.8758476798,728666.09597224975,961721.3349854512,981210.0764082012,1036196.437943592,1029433.8923879084,1028189.8541732264,0.7725,0.7566,0.7222,0.7253,0.7087,Palm kernel oil,1 kg palm kernel oil,6.6,5.0985,4.9935600000000004,4.76652,4.78698,4.67742
DOM,OILP,61777.83467055792,61466.0282847667,60499.45008565408,63227.48770761545,62664.086942346534,227578.12463062484,238004.72564437875,248397.9112636652,258834.5384550405,252953.3455656532,0.2715,0.2583,0.2436,0.2443,0.2477,Palm oil,1 kg palm oil,6.7,1.8190500000000003,1.73061,1.63212,1.6368099999999999,1.6595900000000001
DOM,OILP,61777.83467055792,61466.0282847667,60499.45008565408,63227.48770761545,62664.086942346534,227578.12463062484,238004.72564437875,248397.9112636652,258834.5384550405,252953.3455656532,0.2715,0.2583,0.2436,0.2443,0.2477,Magnesium stearate,1 kg magnesium stearate,6.7,1.8190500000000003,1.73061,1.63212,1.6368099999999999,1.6595900000000001
DOM,OILP,61777.83467055792,61466.0282847667,60499.45008565408,63227.48770761545,62664.086942346534,227578.12463062484,238004.72564437875,248397.9112636652,258834.5384550405,252953.3455656532,0.2715,0.2583,0.2436,0.2443,0.2477,Partially hydrogenated palm oil,1 kg partially hydrogenated palm oil,6.3,1.71045,1.6272899999999997,1.53468,1.5390899999999998,1.56051
DOM,OILP,61777.83467055792,61466.0282847667,60499.45008565408,63227.48770761545,62664.086942346534,227578.12463062484,238004.72564437875,248397.9112636652,258834.5384550405,252953.3455656532,0.2715,0.2583,0.2436,0.2443,0.2477,Partially hydrogenated palm kernel oil,1 kg partially hydrogenated palm kernel oil,6.2,1.6833000000000002,1.6014599999999999,1.51032,1.51466,1.53574
DOM,OILP,61777.83467055792,61466.0282847667,60499.45008565408,63227.48770761545,62664.086942346534,227578.12463062484,238004.72564437875,248397.9112636652,258834.5384550405,252953.3455656532,0.2715,0.2583,0.2436,0.2443,0.2477,Palm kernel oil,1 kg palm kernel oil,6.6,1.7919,1.7047799999999997,1.60776,1.61238,1.63482
ECU,OILP,2425099.2402851577,2384699.135372806,2478941.2715503103,2473219.339429105,2564182.99782966,2021270.3409021096,1998922.6454685088,1897958.2330955593,1694554.0156203478,1761625.6412667432,1.2,1.193,1.306,1.46,1.456,Palm oil,1 kg palm oil,6.7,8.04,7.993100000000001,8.750200000000001,9.782,9.7552
ECU,OILP,2425099.2402851577,2384699.135372806,2478941.2715503103,2473219.339429105,2564182.99782966,2021270.3409021096,1998922.6454685088,1897958.2330955593,1694554.0156203478,1761625.6412667432,1.2,1.193,1.306,1.46,1.456,Magnesium stearate,1 kg magnesium stearate,6.7,8.04,7.993100000000001,8.750200000000001,9.782,9.7552
ECU,OILP,2425099.2402851577,2384699.135372806,2478941.2715503103,2473219.339429105,2564182.99782966,2021270.3409021096,1998922.6454685088,1897958.2330955593,1694554.0156203478,1761625.6412667432,1.2,1.193,1.306,1.46,1.456,Partially hydrogenated palm oil,1 kg partially hydrogenated palm oil,6.3,7.56,7.5159,8.2278,9.198,9.172799999999999
ECU,OILP,2425099.2402851577,2384699.135372806,2478941.2715503103,2473219.339429105,2564182.99782966,2021270.3409021096,1998922.6454685088,1897958.2330955593,1694554.0156203478,1761625.6412667432,1.2,1.193,1.306,1.46,1.456,Partially hydrogenated palm kernel oil,1 kg partially hydrogenated palm kernel oil,6.2,7.4399999999999995,7.3966,8.0972,9.052,9.0272
ECU,OILP,2425099.2402851577,2384699.135372806,2478941.2715503103,2473219.339429105,2564182.99782966,2021270.3409021096,1998922.6454685088,1897958.2330955593,1694554.0156203478,1761625.6412667432,1.2,1.193,1.306,1.46,1.456,Palm kernel oil,1 kg palm kernel oil,6.6,7.919999999999999,7.8738,8.6196,9.636,9.609599999999999
GAB,OILP,207302.62992107568,207756.14748111577,217078.62870661568,216902.2558943715,226954.21848855817,8532.46615042816,13153.520005900553,18121.865259929364,18071.767840503253,17501.04659275856,24.3,15.79,11.98,12,12.97,Palm oil,1 kg palm oil,6.7,162.81,105.79299999999999,80.266,80.4,86.899
GAB,OILP,207302.62992107568,207756.14748111577,217078.62870661568,216902.2558943715,226954.21848855817,8532.46615042816,13153.520005900553,18121.865259929364,18071.767840503253,17501.04659275856,24.3,15.79,11.98,12,12.97,Magnesium stearate,1 kg magnesium stearate,6.7,162.81,105.79299999999999,80.266,80.4,86.899
GAB,OILP,207302.62992107568,207756.14748111577,217078.62870661568,216902.2558943715,226954.21848855817,8532.46615042816,13153.520005900553,18121.865259929364,18071.767840503253,17501.04659275856,24.3,15.79,11.98,12,12.97,Partially hydrogenated palm oil,1 kg partially hydrogenated palm oil,6.3,153.09,99.47699999999999,75.474,75.6,81.711
GAB,OILP,207302.62992107568,207756.14748111577,217078.62870661568,216902.2558943715,226954.21848855817,8532.46615042816,13153.520005900553,18121.865259929364,18071.767840503253,17501.04659275856,24.3,15.79,11.98,12,12.97,Partially hydrogenated palm kernel oil,1 kg partially hydrogenated palm kernel oil,6.2,150.66,97.898,74.27600000000001,74.4,80.414
GAB,OILP,207302.62992107568,207756.14748111577,217078.62870661568,216902.2558943715,226954.21848855817,8532.46615042816,13153.520005900553,18121.865259929364,18071.767840503253,17501.04659275856,24.3,15.79,11.98,12,12.97,Palm kernel oil,1 kg palm kernel oil,6.6,160.38,104.21399999999998,79.068,79.19999999999999,85.602
GHA,OILP,4163114.143015758,4440499.059301917,4787497.331219065,5059041.604641998,5382635.0214904165,1857749.2306566776,1872193.9572789285,1877357.9319284067,1869139.4791466,1872099.6233203984,2.241,2.372,2.55,2.707,2.875,Palm oil,1 kg palm oil,6.7,15.014700000000001,15.8924,17.085,18.1369,19.2625
GHA,OILP,4163114.143015758,4440499.059301917,4787497.331219065,5059041.604641998,5382635.0214904165,1857749.2306566776,1872193.9572789285,1877357.9319284067,1869139.4791466,1872099.6233203984,2.241,2.372,2.55,2.707,2.875,Magnesium stearate,1 kg magnesium stearate,6.7,15.014700000000001,15.8924,17.085,18.1369,19.2625
GHA,OILP,4163114.143015758,4440499.059301917,4787497.331219065,5059041.604641998,5382635.0214904165,1857749.2306566776,1872193.9572789285,1877357.9319284067,1869139.4791466,1872099.6233203984,2.241,2.372,2.55,2.707,2.875,Partially hydrogenated palm oil,1 kg partially hydrogenated palm oil,6.3,14.1183,14.943599999999998,16.064999999999998,17.0541,18.1125
GHA,OILP,4163114.143015758,4440499.059301917,4787497.331219065,5059041.604641998,5382635.0214904165,1857749.2306566776,1872193.9572789285,1877357.9319284067,1869139.4791466,1872099.6233203984,2.241,2.372,2.55,2.707,2.875,Partially hydrogenated palm kernel oil,1 kg partially hydrogenated palm kernel oil,6.2,13.894200000000001,14.7064,15.809999999999999,16.7834,17.825
GHA,OILP,4163114.143015758,4440499.059301917,4787497.331219065,5059041.604641998,5382635.0214904165,1857749.2306566776,1872193.9572789285,1877357.9319284067,1869139.4791466,1872099.6233203984,2.241,2.372,2.55,2.707,2.875,Palm kernel oil,1 kg palm kernel oil,6.6,14.7906,15.655199999999999,16.83,17.8662,18.974999999999998
GIN,OILP,6781314.438311947,7289852.980707679,7560170.964031849,7938577.099784736,8108144.64407807,562732.604880176,559871.1344418026,561955.5691115494,562330.337978077,561690.4193888054,12.05,13.02,13.45,14.12,14.44,Palm oil,1 kg palm oil,6.7,80.73500000000001,87.234,90.115,94.604,96.748
GIN,OILP,6781314.438311947,7289852.980707679,7560170.964031849,7938577.099784736,8108144.64407807,562732.604880176,559871.1344418026,561955.5691115494,562330.337978077,561690.4193888054,12.05,13.02,13.45,14.12,14.44,Magnesium stearate,1 kg magnesium stearate,6.7,80.73500000000001,87.234,90.115,94.604,96.748
GIN,OILP,6781314.438311947,7289852.980707679,7560170.964031849,7938577.099784736,8108144.64407807,562732.604880176,559871.1344418026,561955.5691115494,562330.337978077,561690.4193888054,12.05,13.02,13.45,14.12,14.44,Partially hydrogenated palm oil,1 kg partially hydrogenated palm oil,6.3,75.915,82.026,84.735,88.95599999999999,90.972
GIN,OILP,6781314.438311947,7289852.980707679,7560170.964031849,7938577.099784736,8108144.64407807,562732.604880176,559871.1344418026,561955.5691115494,562330.337978077,561690.4193888054,12.05,13.02,13.45,14.12,14.44,Partially hydrogenated palm kernel oil,1 kg partially hydrogenated palm kernel oil,6.2,74.71000000000001,80.724,83.39,87.544,89.528
GIN,OILP,6781314.438311947,7289852.980707679,7560170.964031849,7938577.099784736,8108144.64407807,562732.604880176,559871.1344418026,561955.5691115494,562330.337978077,561690.4193888054,12.05,13.02,13.45,14.12,14.44,Palm kernel oil,1 kg palm kernel oil,6.6,79.53,85.93199999999999,88.77,93.192,95.30399999999999
GMB,OILP,2280.0046629580575,2481.7654248784097,2589.7143541542832,2704.392462892251,2741.69535263334,13260.760853830874,13266.171189423896,13261.930881979864,13265.699725018349,13264.601111301949,0.1719,0.1871,0.1953,0.2039,0.2067,Palm oil,1 kg palm oil,6.7,1.15173,1.2535699999999999,1.30851,1.36613,1.38489
GMB,OILP,2280.0046629580575,2481.7654248784097,2589.7143541542832,2704.392462892251,2741.69535263334,13260.760853830874,13266.171189423896,13261.930881979864,13265.699725018349,13264.601111301949,0.1719,0.1871,0.1953,0.2039,0.2067,Magnesium stearate,1 kg magnesium stearate,6.7,1.15173,1.2535699999999999,1.30851,1.36613,1.38489
GMB,OILP,2280.0046629580575,2481.7654248784097,2589.7143541542832,2704.392462892251,2741.69535263334,13260.760853830874,13266.171189423896,13261.930881979864,13265.699725018349,13264.601111301949,0.1719,0.1871,0.1953,0.2039,0.2067,Partially hydrogenated palm oil,1 kg partially hydrogenated palm oil,6.3,1.08297,1.1787299999999998,1.2303899999999999,1.28457,1.3022099999999999
GMB,OILP,2280.0046629580575,2481.7654248784097,2589.7143541542832,2704.392462892251,2741.69535263334,13260.760853830874,13266.171189423896,13261.930881979864,13265.699725018349,13264.601111301949,0.1719,0.1871,0.1953,0.2039,0.2067,Partially hydrogenated palm kernel oil,1 kg partially hydrogenated palm kernel oil,6.2,1.06578,1.16002,1.21086,1.26418,1.28154
GMB,OILP,2280.0046629580575,2481.7654248784097,2589.7143541542832,2704.392462892251,2741.69535263334,13260.760853830874,13266.171189423896,13261.930881979864,13265.699725018349,13264.601111301949,0.1719,0.1871,0.1953,0.2039,0.2067,Palm kernel oil,1 kg palm kernel oil,6.6,1.1345399999999999,1.2348599999999998,1.28898,1.34574,1.36422
GNB,OILP,47816.287904500605,46888.35510235754,45837.12770378559,44406.68548888227,43812.03812997372,56496.51713658827,56403.79076880386,56426.65113694385,56455.871639634825,56433.421753157825,0.8464,0.8313,0.8123,0.7866,0.7763,Palm oil,1 kg palm oil,6.7,5.67088,5.569710000000001,5.442410000000001,5.27022,5.20121
GNB,OILP,47816.287904500605,46888.35510235754,45837.12770378559,44406.68548888227,43812.03812997372,56496.51713658827,56403.79076880386,56426.65113694385,56455.871639634825,56433.421753157825,0.8464,0.8313,0.8123,0.7866,0.7763,Magnesium stearate,1 kg magnesium stearate,6.7,5.67088,5.569710000000001,5.442410000000001,5.27022,5.20121
GNB,OILP,47816.287904500605,46888.35510235754,45837.12770378559,44406.68548888227,43812.03812997372,56496.51713658827,56403.79076880386,56426.65113694385,56455.871639634825,56433.421753157825,0.8464,0.8313,0.8123,0.7866,0.7763,Partially hydrogenated palm oil,1 kg partially hydrogenated palm oil,6.3,5.33232,5.23719,5.11749,4.955579999999999,4.89069
GNB,OILP,47816.287904500605,46888.35510235754,45837.12770378559,44406.68548888227,43812.03812997372,56496.51713658827,56403.79076880386,56426.65113694385,56455.871639634825,56433.421753157825,0.8464,0.8313,0.8123,0.7866,0.7763,Partially hydrogenated palm kernel oil,1 kg partially hydrogenated palm kernel oil,6.2,5.247680000000001,5.15406,5.03626,4.87692,4.81306
GNB,OILP,47816.287904500605,46888.35510235754,45837.12770378559,44406.68548888227,43812.03812997372,56496.51713658827,56403.79076880386,56426.65113694385,56455.871639634825,56433.421753157825,0.8464,0.8313,0.8123,0.7866,0.7763,Palm kernel oil,1 kg palm kernel oil,6.6,5.58624,5.48658,5.36118,5.191559999999999,5.12358
GNQ,OILP,225909.8976861028,244536.67735856783,255050.6940108608,270493.7757531795,283529.39744344086,17119.90439988975,17035.250194762953,16700.825525722878,16756.615902951475,16744.570414244354,13.2,14.35,15.27,16.14,16.93,Palm oil,1 kg palm oil,6.7,88.44,96.145,102.309,108.138,113.431
GNQ,OILP,225909.8976861028,244536.67735856783,255050.6940108608,270493.7757531795,283529.39744344086,17119.90439988975,17035.250194762953,16700.825525722878,16756.615902951475,16744.570414244354,13.2,14.35,15.27,16.14,16.93,Magnesium stearate,1 kg magnesium stearate,6.7,88.44,96.145,102.309,108.138,113.431
GNQ,OILP,225909.8976861028,244536.67735856783,255050.6940108608,270493.7757531795,283529.39744344086,17119.90439988975,17035.250194762953,16700.825525722878,16756.615902951475,16744.570414244354,13.2,14.35,15.27,16.14,16.93,Partially hydrogenated palm oil,1 kg partially hydrogenated palm oil,6.3,83.16,90.405,96.201,101.682,106.65899999999999
GNQ,OILP,225909.8976861028,244536.67735856783,255050.6940108608,270493.7757531795,283529.39744344086,17119.90439988975,17035.250194762953,16700.825525722878,16756.615902951475,16744.570414244354,13.2,14.35,15.27,16.14,16.93,Partially hydrogenated palm kernel oil,1 kg partially hydrogenated palm kernel oil,6.2,81.84,88.97,94.674,100.06800000000001,104.96600000000001
GNQ,OILP,225909.8976861028,244536.67735856783,255050.6940108608,270493.7757531795,283529.39744344086,17119.90439988975,17035.250194762953,16700.825525722878,16756.615902951475,16744.570414244354,13.2,14.35,15.27,16.14,16.93,Palm kernel oil,1 kg palm kernel oil,6.6,87.11999999999999,94.71,100.782,106.524,111.73799999999999
GTM,OILP,2658777.639801942,2636848.751833885,2604030.0103431023,2612458.9551615394,2907270.296527754,2347297.0705464743,2473169.480016059,2556322.3154327897,2549371.088603526,2533437.681815411,1.133,1.066,1.019,1.025,1.148,Palm oil,1 kg palm oil,6.7,7.5911,7.142200000000001,6.827299999999999,6.8675,7.691599999999999
GTM,OILP,2658777.639801942,2636848.751833885,2604030.0103431023,2612458.9551615394,2907270.296527754,2347297.0705464743,2473169.480016059,2556322.3154327897,2549371.088603526,2533437.681815411,1.133,1.066,1.019,1.025,1.148,Magnesium stearate,1 kg magnesium stearate,6.7,7.5911,7.142200000000001,6.827299999999999,6.8675,7.691599999999999
GTM,OILP,2658777.639801942,2636848.751833885,2604030.0103431023,2612458.9551615394,2907270.296527754,2347297.0705464743,2473169.480016059,2556322.3154327897,2549371.088603526,2533437.681815411,1.133,1.066,1.019,1.025,1.148,Partially hydrogenated palm oil,1 kg partially hydrogenated palm oil,6.3,7.1379,6.7158,6.419699999999999,6.4575,7.232399999999999
GTM,OILP,2658777.639801942,2636848.751833885,2604030.0103431023,2612458.9551615394,2907270.296527754,2347297.0705464743,2473169.480016059,2556322.3154327897,2549371.088603526,2533437.681815411,1.133,1.066,1.019,1.025,1.148,Partially hydrogenated palm kernel oil,1 kg partially hydrogenated palm kernel oil,6.2,7.0246,6.6092,6.317799999999999,6.3549999999999995,7.1175999999999995
GTM,OILP,2658777.639801942,2636848.751833885,2604030.0103431023,2612458.9551615394,2907270.296527754,2347297.0705464743,2473169.480016059,2556322.3154327897,2549371.088603526,2533437.681815411,1.133,1.066,1.019,1.025,1.148,Palm kernel oil,1 kg palm kernel oil,6.6,7.477799999999999,7.0356,6.725399999999999,6.764999999999999,7.576799999999999
GUY,OILP,1.7398844890574487,1.312937448490252,0.9389920222152726,2.3158815847820833,2.351066453218343,0.2582305607510155,0.2582305607510155,0.2582305607510155,0.2582305607510155,0.2582305607510155,6.738,5.084,3.636,8.968,9.105,Palm oil,1 kg palm oil,6.7,45.144600000000004,34.062799999999996,24.3612,60.0856,61.0035
GUY,OILP,1.7398844890574487,1.312937448490252,0.9389920222152726,2.3158815847820833,2.351066453218343,0.2582305607510155,0.2582305607510155,0.2582305607510155,0.2582305607510155,0.2582305607510155,6.738,5.084,3.636,8.968,9.105,Magnesium stearate,1 kg magnesium stearate,6.7,45.144600000000004,34.062799999999996,24.3612,60.0856,61.0035
GUY,OILP,1.7398844890574487,1.312937448490252,0.9389920222152726,2.3158815847820833,2.351066453218343,0.2582305607510155,0.2582305607510155,0.2582305607510155,0.2582305607510155,0.2582305607510155,6.738,5.084,3.636,8.968,9.105,Partially hydrogenated palm oil,1 kg partially hydrogenated palm oil,6.3,42.449400000000004,32.029199999999996,22.9068,56.4984,57.3615
GUY,OILP,1.7398844890574487,1.312937448490252,0.9389920222152726,2.3158815847820833,2.351066453218343,0.2582305607510155,0.2582305607510155,0.2582305607510155,0.2582305607510155,0.2582305607510155,6.738,5.084,3.636,8.968,9.105,Partially hydrogenated palm kernel oil,1 kg partially hydrogenated palm kernel oil,6.2,41.775600000000004,31.520799999999998,22.543200000000002,55.601600000000005,56.45100000000001
GUY,OILP,1.7398844890574487,1.312937448490252,0.9389920222152726,2.3158815847820833,2.351066453218343,0.2582305607510155,0.2582305607510155,0.2582305607510155,0.2582305607510155,0.2582305607510155,6.738,5.084,3.636,8.968,9.105,Palm kernel oil,1 kg palm kernel oil,6.6,44.4708,33.554399999999994,23.9976,59.18879999999999,60.092999999999996
HND,OILP,4008835.5095917378,4244067.3484638855,4346415.945683243,4632125.04495334,4806924.645352284,1969963.642186863,1790465.2937734914,1776243.7333408005,1662935.419183571,1724920.1958228396,2.035,2.37,2.447,2.786,2.787,Palm oil,1 kg palm oil,6.7,13.634500000000001,15.879000000000001,16.3949,18.6662,18.6729
HND,OILP,4008835.5095917378,4244067.3484638855,4346415.945683243,4632125.04495334,4806924.645352284,1969963.642186863,1790465.2937734914,1776243.7333408005,1662935.419183571,1724920.1958228396,2.035,2.37,2.447,2.786,2.787,Magnesium stearate,1 kg magnesium stearate,6.7,13.634500000000001,15.879000000000001,16.3949,18.6662,18.6729
HND,OILP,4008835.5095917378,4244067.3484638855,4346415.945683243,4632125.04495334,4806924.645352284,1969963.642186863,1790465.2937734914,1776243.7333408005,1662935.419183571,1724920.1958228396,2.035,2.37,2.447,2.786,2.787,Partially hydrogenated palm oil,1 kg partially hydrogenated palm oil,6.3,12.820500000000001,14.931000000000001,15.4161,17.5518,17.5581
HND,OILP,4008835.5095917378,4244067.3484638855,4346415.945683243,4632125.04495334,4806924.645352284,1969963.642186863,1790465.2937734914,1776243.7333408005,1662935.419183571,1724920.1958228396,2.035,2.37,2.447,2.786,2.787,Partially hydrogenated palm kernel oil,1 kg partially hydrogenated palm kernel oil,6.2,12.617,14.694,15.1714,17.2732,17.2794
HND,OILP,4008835.5095917378,4244067.3484638855,4346415.945683243,4632125.04495334,4806924.645352284,1969963.642186863,1790465.2937734914,1776243.7333408005,1662935.419183571,1724920.1958228396,2.035,2.37,2.447,2.786,2.787,Palm kernel oil,1 kg palm kernel oil,6.6,13.431000000000001,15.642,16.150199999999998,18.3876,18.394199999999998
HTI,OILP,26.54872947373433,26.36943391435549,27.745101175382736,32.56427887750023,32.32571944105669,554.9208564121161,580.3448218016312,605.687307921795,631.1357208942279,616.7951659740189,0.04784,0.04544,0.04581,0.0516,0.05241,Palm oil,1 kg palm oil,6.7,0.32052800000000004,0.304448,0.306927,0.34572,0.351147
HTI,OILP,26.54872947373433,26.36943391435549,27.745101175382736,32.56427887750023,32.32571944105669,554.9208564121161,580.3448218016312,605.687307921795,631.1357208942279,616.7951659740189,0.04784,0.04544,0.04581,0.0516,0.05241,Magnesium stearate,1 kg magnesium stearate,6.7,0.32052800000000004,0.304448,0.306927,0.34572,0.351147
HTI,OILP,26.54872947373433,26.36943391435549,27.745101175382736,32.56427887750023,32.32571944105669,554.9208564121161,580.3448218016312,605.687307921795,631.1357208942279,616.7951659740189,0.04784,0.04544,0.04581,0.0516,0.05241,Partially hydrogenated palm oil,1 kg partially hydrogenated palm oil,6.3,0.301392,0.286272,0.28860299999999994,0.32508,0.330183
HTI,OILP,26.54872947373433,26.36943391435549,27.745101175382736,32.56427887750023,32.32571944105669,554.9208564121161,580.3448218016312,605.687307921795,631.1357208942279,616.7951659740189,0.04784,0.04544,0.04581,0.0516,0.05241,Partially hydrogenated palm kernel oil,1 kg partially hydrogenated palm kernel oil,6.2,0.29660800000000004,0.28172800000000003,0.284022,0.31992,0.324942
HTI,OILP,26.54872947373433,26.36943391435549,27.745101175382736,32.56427887750023,32.32571944105669,554.9208564121161,580.3448218016312,605.687307921795,631.1357208942279,616.7951659740189,0.04784,0.04544,0.04581,0.0516,0.05241,Palm kernel oil,1 kg palm kernel oil,6.6,0.31574399999999997,0.299904,0.30234599999999995,0.34056,0.345906
IDN,OILP,221489146.86855683,211641409.81301585,202937690.57298613,200038972.24770212,194163634.00750563,185676844.1817121,206109409.18433765,194667476.34261012,196302672.40777928,197950467.8764507,1.193,1.027,1.042,1.019,0.9809,Palm oil,1 kg palm oil,6.7,7.993100000000001,6.8809,6.981400000000001,6.827299999999999,6.57203
IDN,OILP,221489146.86855683,211641409.81301585,202937690.57298613,200038972.24770212,194163634.00750563,185676844.1817121,206109409.18433765,194667476.34261012,196302672.40777928,197950467.8764507,1.193,1.027,1.042,1.019,0.9809,Magnesium stearate,1 kg magnesium stearate,6.7,7.993100000000001,6.8809,6.981400000000001,6.827299999999999,6.57203
IDN,OILP,221489146.86855683,211641409.81301585,202937690.57298613,200038972.24770212,194163634.00750563,185676844.1817121,206109409.18433765,194667476.34261012,196302672.40777928,197950467.8764507,1.193,1.027,1.042,1.019,0.9809,Partially hydrogenated palm oil,1 kg partially hydrogenated palm oil,6.3,7.5159,6.4700999999999995,6.5646,6.419699999999999,6.17967
IDN,OILP,221489146.86855683,211641409.81301585,202937690.57298613,200038972.24770212,194163634.00750563,185676844.1817121,206109409.18433765,194667476.34261012,196302672.40777928,197950467.8764507,1.193,1.027,1.042,1.019,0.9809,Partially hydrogenated palm kernel oil,1 kg partially hydrogenated palm kernel oil,6.2,7.3966,6.3674,6.460400000000001,6.317799999999999,6.08158
IDN,OILP,221489146.86855683,211641409.81301585,202937690.57298613,200038972.24770212,194163634.00750563,185676844.1817121,206109409.18433765,194667476.34261012,196302672.40777928,197950467.8764507,1.193,1.027,1.042,1.019,0.9809,Palm kernel oil,1 kg palm kernel oil,6.6,7.8738,6.778199999999999,6.8772,6.725399999999999,6.47394
KEN,OILP,0,0,0,0,0,0.0097278421740261,0.00978196475327742,0.00970353302710539,0.00973778039822383,0.00973062303997255,0,0,0,0,0,Palm oil,1 kg palm oil,6.7,0,0,0,0,0
KEN,OILP,0,0,0,0,0,0.0097278421740261,0.00978196475327742,0.00970353302710539,0.00973778039822383,0.00973062303997255,0,0,0,0,0,Magnesium stearate,1 kg magnesium stearate,6.7,0,0,0,0,0
KEN,OILP,0,0,0,0,0,0.0097278421740261,0.00978196475327742,0.00970353302710539,0.00973778039822383,0.00973062303997255,0,0,0,0,0,Partially hydrogenated palm oil,1 kg partially hydrogenated palm oil,6.3,0,0,0,0,0
KEN,OILP,0,0,0,0,0,0.0097278421740261,0.00978196475327742,0.00970353302710539,0.00973778039822383,0.00973062303997255,0,0,0,0,0,Partially hydrogenated palm kernel oil,1 kg partially hydrogenated palm kernel oil,6.2,0,0,0,0,0
KEN,OILP,0,0,0,0,0,0.0097278421740261,0.00978196475327742,0.00970353302710539,0.00973778039822383,0.00973062303997255,0,0,0,0,0,Palm kernel oil,1 kg palm kernel oil,6.6,0,0,0,0,0
KHM,OILP,395051.97207744233,425258.5405822063,421459.37206822913,437542.3625714575,439458.3207319571,166465.83619601422,182701.81068670543,187991.47621969687,201955.0657278261,194453.71629205393,2.373,2.328,2.242,2.167,2.26,Palm oil,1 kg palm oil,6.7,15.899100000000002,15.5976,15.0214,14.518899999999999,15.142
KHM,OILP,395051.97207744233,425258.5405822063,421459.37206822913,437542.3625714575,439458.3207319571,166465.83619601422,182701.81068670543,187991.47621969687,201955.0657278261,194453.71629205393,2.373,2.328,2.242,2.167,2.26,Magnesium stearate,1 kg magnesium stearate,6.7,15.899100000000002,15.5976,15.0214,14.518899999999999,15.142
KHM,OILP,395051.97207744233,425258.5405822063,421459.37206822913,437542.3625714575,439458.3207319571,166465.83619601422,182701.81068670543,187991.47621969687,201955.0657278261,194453.71629205393,2.373,2.328,2.242,2.167,2.26,Partially hydrogenated palm oil,1 kg partially hydrogenated palm oil,6.3,14.949900000000001,14.6664,14.1246,13.652099999999999,14.237999999999998
KHM,OILP,395051.97207744233,425258.5405822063,421459.37206822913,437542.3625714575,439458.3207319571,166465.83619601422,182701.81068670543,187991.47621969687,201955.0657278261,194453.71629205393,2.373,2.328,2.242,2.167,2.26,Partially hydrogenated palm kernel oil,1 kg partially hydrogenated palm kernel oil,6.2,14.712600000000002,14.4336,13.900400000000001,13.4354,14.011999999999999
KHM,OILP,395051.97207744233,425258.5405822063,421459.37206822913,437542.3625714575,439458.3207319571,166465.83619601422,182701.81068670543,187991.47621969687,201955.0657278261,194453.71629205393,2.373,2.328,2.242,2.167,2.26,Palm kernel oil,1 kg palm kernel oil,6.6,15.661800000000001,15.364799999999999,14.797199999999998,14.302199999999997,14.915999999999999
LAO,OILP,1447.6345163145863,1290.821869476453,1141.1930903227112,1104.8707735647242,1196.708762183334,3883.707931264712,4047.16053671904,4450.187694253501,4373.364993630998,4383.171299812223,0.3727,0.3189,0.2564,0.2526,0.273,Palm oil,1 kg palm oil,6.7,2.49709,2.1366300000000003,1.71788,1.69242,1.8291000000000002
LAO,OILP,1447.6345163145863,1290.821869476453,1141.1930903227112,1104.8707735647242,1196.708762183334,3883.707931264712,4047.16053671904,4450.187694253501,4373.364993630998,4383.171299812223,0.3727,0.3189,0.2564,0.2526,0.273,Magnesium stearate,1 kg magnesium stearate,6.7,2.49709,2.1366300000000003,1.71788,1.69242,1.8291000000000002
LAO,OILP,1447.6345163145863,1290.821869476453,1141.1930903227112,1104.8707735647242,1196.708762183334,3883.707931264712,4047.16053671904,4450.187694253501,4373.364993630998,4383.171299812223,0.3727,0.3189,0.2564,0.2526,0.273,Partially hydrogenated palm oil,1 kg partially hydrogenated palm oil,6.3,2.34801,2.00907,1.61532,1.5913799999999998,1.7199
LAO,OILP,1447.6345163145863,1290.821869476453,1141.1930903227112,1104.8707735647242,1196.708762183334,3883.707931264712,4047.16053671904,4450.187694253501,4373.364993630998,4383.171299812223,0.3727,0.3189,0.2564,0.2526,0.273,Partially hydrogenated palm kernel oil,1 kg partially hydrogenated palm kernel oil,6.2,2.31074,1.9771800000000002,1.5896800000000002,1.56612,1.6926
LAO,OILP,1447.6345163145863,1290.821869476453,1141.1930903227112,1104.8707735647242,1196.708762183334,3883.707931264712,4047.16053671904,4450.187694253501,4373.364993630998,4383.171299812223,0.3727,0.3189,0.2564,0.2526,0.273,Palm kernel oil,1 kg palm kernel oil,6.6,2.4598199999999997,2.10474,1.69224,1.6671599999999998,1.8018
LBR,OILP,714977.4201395768,700318.1400060477,703007.5377459768,714378.2019255979,725640.0438388487,164741.4553131479,165568.46571814557,167350.43194935675,167435.43762484615,167286.4594207128,4.34,4.23,4.201,4.267,4.338,Palm oil,1 kg palm oil,6.7,29.078,28.341000000000005,28.1467,28.588900000000002,29.064600000000002
LBR,OILP,714977.4201395768,700318.1400060477,703007.5377459768,714378.2019255979,725640.0438388487,164741.4553131479,165568.46571814557,167350.43194935675,167435.43762484615,167286.4594207128,4.34,4.23,4.201,4.267,4.338,Magnesium stearate,1 kg magnesium stearate,6.7,29.078,28.341000000000005,28.1467,28.588900000000002,29.064600000000002
LBR,OILP,714977.4201395768,700318.1400060477,703007.5377459768,714378.2019255979,725640.0438388487,164741.4553131479,165568.46571814557,167350.43194935675,167435.43762484615,167286.4594207128,4.34,4.23,4.201,4.267,4.338,Partially hydrogenated palm oil,1 kg partially hydrogenated palm oil,6.3,27.342,26.649,26.466299999999997,26.8821,27.3294
LBR,OILP,714977.4201395768,700318.1400060477,703007.5377459768,714378.2019255979,725640.0438388487,164741.4553131479,165568.46571814557,167350.43194935675,167435.43762484615,167286.4594207128,4.34,4.23,4.201,4.267,4.338,Partially hydrogenated palm kernel oil,1 kg partially hydrogenated palm kernel oil,6.2,26.908,26.226000000000003,26.0462,26.455400000000004,26.8956
LBR,OILP,714977.4201395768,700318.1400060477,703007.5377459768,714378.2019255979,725640.0438388487,164741.4553131479,165568.46571814557,167350.43194935675,167435.43762484615,167286.4594207128,4.34,4.23,4.201,4.267,4.338,Palm kernel oil,1 kg palm kernel oil,6.6,28.644,27.918000000000003,27.726599999999998,28.162200000000002,28.6308
MDG,OILP,114023.037512022,119008.1856006486,123486.70630232042,128718.99491265768,130178.7689481224,18287.628323074947,18330.12095021578,18322.744181372105,18315.36741252843,18321.306788496495,6.235,6.492,6.74,7.028,7.105,Palm oil,1 kg palm oil,6.7,41.7745,43.4964,45.158,47.0876,47.603500000000004
MDG,OILP,114023.037512022,119008.1856006486,123486.70630232042,128718.99491265768,130178.7689481224,18287.628323074947,18330.12095021578,18322.744181372105,18315.36741252843,18321.306788496495,6.235,6.492,6.74,7.028,7.105,Magnesium stearate,1 kg magnesium stearate,6.7,41.7745,43.4964,45.158,47.0876,47.603500000000004
MDG,OILP,114023.037512022,119008.1856006486,123486.70630232042,128718.99491265768,130178.7689481224,18287.628323074947,18330.12095021578,18322.744181372105,18315.36741252843,18321.306788496495,6.235,6.492,6.74,7.028,7.105,Partially hydrogenated palm oil,1 kg partially hydrogenated palm oil,6.3,39.2805,40.8996,42.462,44.276399999999995,44.7615
MDG,OILP,114023.037512022,119008.1856006486,123486.70630232042,128718.99491265768,130178.7689481224,18287.628323074947,18330.12095021578,18322.744181372105,18315.36741252843,18321.306788496495,6.235,6.492,6.74,7.028,7.105,Partially hydrogenated palm kernel oil,1 kg partially hydrogenated palm kernel oil,6.2,38.657000000000004,40.2504,41.788000000000004,43.5736,44.051
MDG,OILP,114023.037512022,119008.1856006486,123486.70630232042,128718.99491265768,130178.7689481224,18287.628323074947,18330.12095021578,18322.744181372105,18315.36741252843,18321.306788496495,6.235,6.492,6.74,7.028,7.105,Palm kernel oil,1 kg palm kernel oil,6.6,41.151,42.8472,44.484,46.38479999999999,46.893
MEX,OILP,510672.7571602298,508093.20971407223,494797.8105097338,512845.09257025504,565571.3688282326,395864.90940073726,403444.7215013329,433112.2122413193,351965.9642690602,375694.28878554667,1.29,1.259,1.142,1.457,1.505,Palm oil,1 kg palm oil,6.7,8.643,8.4353,7.6514,9.7619,10.083499999999999
MEX,OILP,510672.7571602298,508093.20971407223,494797.8105097338,512845.09257025504,565571.3688282326,395864.90940073726,403444.7215013329,433112.2122413193,351965.9642690602,375694.28878554667,1.29,1.259,1.142,1.457,1.505,Magnesium stearate,1 kg magnesium stearate,6.7,8.643,8.4353,7.6514,9.7619,10.083499999999999
MEX,OILP,510672.7571602298,508093.20971407223,494797.8105097338,512845.09257025504,565571.3688282326,395864.90940073726,403444.7215013329,433112.2122413193,351965.9642690602,375694.28878554667,1.29,1.259,1.142,1.457,1.505,Partially hydrogenated palm oil,1 kg partially hydrogenated palm oil,6.3,8.127,7.931699999999999,7.194599999999999,9.1791,9.481499999999999
MEX,OILP,510672.7571602298,508093.20971407223,494797.8105097338,512845.09257025504,565571.3688282326,395864.90940073726,403444.7215013329,433112.2122413193,351965.9642690602,375694.28878554667,1.29,1.259,1.142,1.457,1.505,Partially hydrogenated palm kernel oil,1 kg partially hydrogenated palm kernel oil,6.2,7.998,7.8058,7.0804,9.0334,9.331
MEX,OILP,510672.7571602298,508093.20971407223,494797.8105097338,512845.09257025504,565571.3688282326,395864.90940073726,403444.7215013329,433112.2122413193,351965.9642690602,375694.28878554667,1.29,1.259,1.142,1.457,1.505,Palm kernel oil,1 kg palm kernel oil,6.6,8.514,8.309399999999998,7.537199999999999,9.6162,9.932999999999998
MMR,OILP,3659.293209004848,3580.017779614718,3467.381232673921,3539.454312869471,4120.883712805228,30700.683974071613,31992.775674478595,35178.70252979816,34571.419619860564,34648.93840148654,0.1192,0.1119,0.09856,0.1024,0.1189,Palm oil,1 kg palm oil,6.7,0.79864,0.74973,0.6603519999999999,0.68608,0.7966300000000001
MMR,OILP,3659.293209004848,3580.017779614718,3467.381232673921,3539.454312869471,4120.883712805228,30700.683974071613,31992.775674478595,35178.70252979816,34571.419619860564,34648.93840148654,0.1192,0.1119,0.09856,0.1024,0.1189,Magnesium stearate,1 kg magnesium stearate,6.7,0.79864,0.74973,0.6603519999999999,0.68608,0.7966300000000001
MMR,OILP,3659.293209004848,3580.017779614718,3467.381232673921,3539.454312869471,4120.883712805228,30700.683974071613,31992.775674478595,35178.70252979816,34571.419619860564,34648.93840148654,0.1192,0.1119,0.09856,0.1024,0.1189,Partially hydrogenated palm oil,1 kg partially hydrogenated palm oil,6.3,0.75096,0.70497,0.6209279999999999,0.64512,0.74907
MMR,OILP,3659.293209004848,3580.017779614718,3467.381232673921,3539.454312869471,4120.883712805228,30700.683974071613,31992.775674478595,35178.70252979816,34571.419619860564,34648.93840148654,0.1192,0.1119,0.09856,0.1024,0.1189,Partially hydrogenated palm kernel oil,1 kg partially hydrogenated palm kernel oil,6.2,0.73904,0.6937800000000001,0.611072,0.63488,0.7371800000000001
MMR,OILP,3659.293209004848,3580.017779614718,3467.381232673921,3539.454312869471,4120.883712805228,30700.683974071613,31992.775674478595,35178.70252979816,34571.419619860564,34648.93840148654,0.1192,0.1119,0.09856,0.1024,0.1189,Palm kernel oil,1 kg palm kernel oil,6.6,0.78672,0.73854,0.650496,0.67584,0.78474
MYS,OILP,68532915.30123678,64214513.481198475,59341998.86276595,55069919.56506401,50797189.14875844,73651892.96447991,69424890.3088804,72019209.31356554,72124306.1151049,71459640.55360615,0.9305,0.92490000000000006,0.824,0.7635,0.7109,Palm oil,1 kg palm oil,6.7,6.23435,6.19683,5.5207999999999995,5.11545,4.76303
MYS,OILP,68532915.30123678,64214513.481198475,59341998.86276595,55069919.56506401,50797189.14875844,73651892.96447991,69424890.3088804,72019209.31356554,72124306.1151049,71459640.55360615,0.9305,0.92490000000000006,0.824,0.7635,0.7109,Magnesium stearate,1 kg magnesium stearate,6.7,6.23435,6.19683,5.5207999999999995,5.11545,4.76303
MYS,OILP,68532915.30123678,64214513.481198475,59341998.86276595,55069919.56506401,50797189.14875844,73651892.96447991,69424890.3088804,72019209.31356554,72124306.1151049,71459640.55360615,0.9305,0.92490000000000006,0.824,0.7635,0.7109,Partially hydrogenated palm oil,1 kg partially hydrogenated palm oil,6.3,5.86215,5.82687,5.191199999999999,4.8100499999999995,4.47867
MYS,OILP,68532915.30123678,64214513.481198475,59341998.86276595,55069919.56506401,50797189.14875844,73651892.96447991,69424890.3088804,72019209.31356554,72124306.1151049,71459640.55360615,0.9305,0.92490000000000006,0.824,0.7635,0.7109,Partially hydrogenated palm kernel oil,1 kg partially hydrogenated palm kernel oil,6.2,5.7691,5.734380000000001,5.1088,4.7337,4.40758
MYS,OILP,68532915.30123678,64214513.481198475,59341998.86276595,55069919.56506401,50797189.14875844,73651892.96447991,69424890.3088804,72019209.31356554,72124306.1151049,71459640.55360615,0.9305,0.92490000000000006,0.824,0.7635,0.7109,Palm kernel oil,1 kg palm kernel oil,6.6,6.141299999999999,6.10434,5.4384,5.0390999999999995,4.69194
NAM,OILP,3.975686944311367,3.406844262033215,2.8380015797550633,2.2691588974769115,1.70031621519876,243.55640305156595,242.89849901985917,243.12816280577988,243.35783524389265,243.18336265477305,0.01632,0.01403,0.01167,0.009324,0.006992,Palm oil,1 kg palm oil,6.7,0.10934400000000001,0.094001,0.078189,0.06247080000000001,0.0468464
NAM,OILP,3.975686944311367,3.406844262033215,2.8380015797550633,2.2691588974769115,1.70031621519876,243.55640305156595,242.89849901985917,243.12816280577988,243.35783524389265,243.18336265477305,0.01632,0.01403,0.01167,0.009324,0.006992,Magnesium stearate,1 kg magnesium stearate,6.7,0.10934400000000001,0.094001,0.078189,0.06247080000000001,0.0468464
NAM,OILP,3.975686944311367,3.406844262033215,2.8380015797550633,2.2691588974769115,1.70031621519876,243.55640305156595,242.89849901985917,243.12816280577988,243.35783524389265,243.18336265477305,0.01632,0.01403,0.01167,0.009324,0.006992,Partially hydrogenated palm oil,1 kg partially hydrogenated palm oil,6.3,0.102816,0.08838900000000001,0.073521,0.0587412,0.0440496
NAM,OILP,3.975686944311367,3.406844262033215,2.8380015797550633,2.2691588974769115,1.70031621519876,243.55640305156595,242.89849901985917,243.12816280577988,243.35783524389265,243.18336265477305,0.01632,0.01403,0.01167,0.009324,0.006992,Partially hydrogenated palm kernel oil,1 kg partially hydrogenated palm kernel oil,6.2,0.10118400000000001,0.08698600000000001,0.072354,0.05780880000000001,0.043350400000000004
NAM,OILP,3.975686944311367,3.406844262033215,2.8380015797550633,2.2691588974769115,1.70031621519876,243.55640305156595,242.89849901985917,243.12816280577988,243.35783524389265,243.18336265477305,0.01632,0.01403,0.01167,0.009324,0.006992,Palm kernel oil,1 kg palm kernel oil,6.6,0.107712,0.092598,0.077022,0.0615384,0.0461472
NGA,OILP,2296469.1525711403,2434397.4623414166,2625556.806393884,2689674.0436601746,3024926.0877120243,1944889.9998203735,2042071.1406072103,2158243.8174845083,2254029.7767243315,2192838.3329728083,1.181,1.192,1.217,1.193,1.379,Palm oil,1 kg palm oil,6.7,7.912700000000001,7.9864,8.1539,7.993100000000001,9.2393
NGA,OILP,2296469.1525711403,2434397.4623414166,2625556.806393884,2689674.0436601746,3024926.0877120243,1944889.9998203735,2042071.1406072103,2158243.8174845083,2254029.7767243315,2192838.3329728083,1.181,1.192,1.217,1.193,1.379,Magnesium stearate,1 kg magnesium stearate,6.7,7.912700000000001,7.9864,8.1539,7.993100000000001,9.2393
NGA,OILP,2296469.1525711403,2434397.4623414166,2625556.806393884,2689674.0436601746,3024926.0877120243,1944889.9998203735,2042071.1406072103,2158243.8174845083,2254029.7767243315,2192838.3329728083,1.181,1.192,1.217,1.193,1.379,Partially hydrogenated palm oil,1 kg partially hydrogenated palm oil,6.3,7.4403,7.5096,7.6671000000000005,7.5159,8.6877
NGA,OILP,2296469.1525711403,2434397.4623414166,2625556.806393884,2689674.0436601746,3024926.0877120243,1944889.9998203735,2042071.1406072103,2158243.8174845083,2254029.7767243315,2192838.3329728083,1.181,1.192,1.217,1.193,1.379,Partially hydrogenated palm kernel oil,1 kg partially hydrogenated palm kernel oil,6.2,7.3222000000000005,7.3904,7.545400000000001,7.3966,8.5498
NGA,OILP,2296469.1525711403,2434397.4623414166,2625556.806393884,2689674.0436601746,3024926.0877120243,1944889.9998203735,2042071.1406072103,2158243.8174845083,2254029.7767243315,2192838.3329728083,1.181,1.192,1.217,1.193,1.379,Palm kernel oil,1 kg palm kernel oil,6.6,7.7946,7.8671999999999995,8.0322,7.8738,9.1014
NIC,OILP,308467.03617373476,301054.03999361716,294067.72749530664,302728.58302620787,312499.78584757406,438719.46535876434,455918.6820440376,473870.6979097092,422629.0375356155,437115.3897870587,0.7031,0.6603,0.6206,0.7163,0.7149,Palm oil,1 kg palm oil,6.7,4.71077,4.42401,4.1580200000000005,4.79921,4.78983
NIC,OILP,308467.03617373476,301054.03999361716,294067.72749530664,302728.58302620787,312499.78584757406,438719.46535876434,455918.6820440376,473870.6979097092,422629.0375356155,437115.3897870587,0.7031,0.6603,0.6206,0.7163,0.7149,Magnesium stearate,1 kg magnesium stearate,6.7,4.71077,4.42401,4.1580200000000005,4.79921,4.78983
NIC,OILP,308467.03617373476,301054.03999361716,294067.72749530664,302728.58302620787,312499.78584757406,438719.46535876434,455918.6820440376,473870.6979097092,422629.0375356155,437115.3897870587,0.7031,0.6603,0.6206,0.7163,0.7149,Partially hydrogenated palm oil,1 kg partially hydrogenated palm oil,6.3,4.42953,4.15989,3.90978,4.51269,4.50387
NIC,OILP,308467.03617373476,301054.03999361716,294067.72749530664,302728.58302620787,312499.78584757406,438719.46535876434,455918.6820440376,473870.6979097092,422629.0375356155,437115.3897870587,0.7031,0.6603,0.6206,0.7163,0.7149,Partially hydrogenated palm kernel oil,1 kg partially hydrogenated palm kernel oil,6.2,4.35922,4.09386,3.8477200000000003,4.44106,4.43238
NIC,OILP,308467.03617373476,301054.03999361716,294067.72749530664,302728.58302620787,312499.78584757406,438719.46535876434,455918.6820440376,473870.6979097092,422629.0375356155,437115.3897870587,0.7031,0.6603,0.6206,0.7163,0.7149,Palm kernel oil,1 kg palm kernel oil,6.6,4.640459999999999,4.3579799999999995,4.09596,4.72758,4.7183399999999995
PAN,OILP,240762.4278493364,252933.82751510368,258303.18476027696,269921.4797568718,272814.28183849104,151311.80012001432,145737.01226280266,138951.83924519975,141342.228572209,140786.94682183454,1.591,1.736,1.859,1.91,1.938,Palm oil,1 kg palm oil,6.7,10.6597,11.6312,12.4553,12.797,12.9846
PAN,OILP,240762.4278493364,252933.82751510368,258303.18476027696,269921.4797568718,272814.28183849104,151311.80012001432,145737.01226280266,138951.83924519975,141342.228572209,140786.94682183454,1.591,1.736,1.859,1.91,1.938,Magnesium stearate,1 kg magnesium stearate,6.7,10.6597,11.6312,12.4553,12.797,12.9846
PAN,OILP,240762.4278493364,252933.82751510368,258303.18476027696,269921.4797568718,272814.28183849104,151311.80012001432,145737.01226280266,138951.83924519975,141342.228572209,140786.94682183454,1.591,1.736,1.859,1.91,1.938,Partially hydrogenated palm oil,1 kg partially hydrogenated palm oil,6.3,10.023299999999999,10.9368,11.7117,12.033,12.209399999999999
PAN,OILP,240762.4278493364,252933.82751510368,258303.18476027696,269921.4797568718,272814.28183849104,151311.80012001432,145737.01226280266,138951.83924519975,141342.228572209,140786.94682183454,1.591,1.736,1.859,1.91,1.938,Partially hydrogenated palm kernel oil,1 kg partially hydrogenated palm kernel oil,6.2,9.8642,10.7632,11.5258,11.842,12.0156
PAN,OILP,240762.4278493364,252933.82751510368,258303.18476027696,269921.4797568718,272814.28183849104,151311.80012001432,145737.01226280266,138951.83924519975,141342.228572209,140786.94682183454,1.591,1.736,1.859,1.91,1.938,Palm kernel oil,1 kg palm kernel oil,6.6,10.500599999999999,11.4576,12.2694,12.605999999999998,12.790799999999999
PER,OILP,4501451.693079054,4715295.971064105,4943389.695347344,5086951.346371839,5173867.459382658,751807.6694124968,1101937.7898100698,1258727.559655032,1272494.66105558,1224374.948752059,5.988,4.279,3.927,3.998,4.226,Palm oil,1 kg palm oil,6.7,40.119600000000005,28.6693,26.3109,26.786600000000004,28.3142
PER,OILP,4501451.693079054,4715295.971064105,4943389.695347344,5086951.346371839,5173867.459382658,751807.6694124968,1101937.7898100698,1258727.559655032,1272494.66105558,1224374.948752059,5.988,4.279,3.927,3.998,4.226,Magnesium stearate,1 kg magnesium stearate,6.7,40.119600000000005,28.6693,26.3109,26.786600000000004,28.3142
PER,OILP,4501451.693079054,4715295.971064105,4943389.695347344,5086951.346371839,5173867.459382658,751807.6694124968,1101937.7898100698,1258727.559655032,1272494.66105558,1224374.948752059,5.988,4.279,3.927,3.998,4.226,Partially hydrogenated palm oil,1 kg partially hydrogenated palm oil,6.3,37.7244,26.9577,24.740099999999998,25.1874,26.6238
PER,OILP,4501451.693079054,4715295.971064105,4943389.695347344,5086951.346371839,5173867.459382658,751807.6694124968,1101937.7898100698,1258727.559655032,1272494.66105558,1224374.948752059,5.988,4.279,3.927,3.998,4.226,Partially hydrogenated palm kernel oil,1 kg partially hydrogenated palm kernel oil,6.2,37.125600000000006,26.5298,24.3474,24.7876,26.2012
PER,OILP,4501451.693079054,4715295.971064105,4943389.695347344,5086951.346371839,5173867.459382658,751807.6694124968,1101937.7898100698,1258727.559655032,1272494.66105558,1224374.948752059,5.988,4.279,3.927,3.998,4.226,Palm kernel oil,1 kg palm kernel oil,6.6,39.5208,28.2414,25.9182,26.3868,27.891599999999997
PHL,OILP,399751.1471682261,366033.8710476339,334119.8011508575,296849.3969562055,265149.7388764126,371982.2789998336,394463.84336346306,402413.65506083594,407879.5249903508,402336.13588803617,1.075,0.9279,0.8303,0.7278,0.659,Palm oil,1 kg palm oil,6.7,7.2025,6.21693,5.56301,4.87626,4.4153
PHL,OILP,399751.1471682261,366033.8710476339,334119.8011508575,296849.3969562055,265149.7388764126,371982.2789998336,394463.84336346306,402413.65506083594,407879.5249903508,402336.13588803617,1.075,0.9279,0.8303,0.7278,0.659,Magnesium stearate,1 kg magnesium stearate,6.7,7.2025,6.21693,5.56301,4.87626,4.4153
PHL,OILP,399751.1471682261,366033.8710476339,334119.8011508575,296849.3969562055,265149.7388764126,371982.2789998336,394463.84336346306,402413.65506083594,407879.5249903508,402336.13588803617,1.075,0.9279,0.8303,0.7278,0.659,Partially hydrogenated palm oil,1 kg partially hydrogenated palm oil,6.3,6.7725,5.84577,5.2308900000000005,4.58514,4.1517
PHL,OILP,399751.1471682261,366033.8710476339,334119.8011508575,296849.3969562055,265149.7388764126,371982.2789998336,394463.84336346306,402413.65506083594,407879.5249903508,402336.13588803617,1.075,0.9279,0.8303,0.7278,0.659,Partially hydrogenated palm kernel oil,1 kg partially hydrogenated palm kernel oil,6.2,6.665,5.75298,5.1478600000000005,4.51236,4.0858
PHL,OILP,399751.1471682261,366033.8710476339,334119.8011508575,296849.3969562055,265149.7388764126,371982.2789998336,394463.84336346306,402413.65506083594,407879.5249903508,402336.13588803617,1.075,0.9279,0.8303,0.7278,0.659,Palm kernel oil,1 kg palm kernel oil,6.6,7.095,6.12414,5.47998,4.8034799999999995,4.3494
PNG,OILP,4788127.30618013,4877918.011298233,5364000.553598294,5395052.091925853,5407528.162007528,1651424.457888147,1725743.3996557605,1826625.1605331711,1875876.416832727,1843811.2670579772,2.899,2.827,2.937,2.876,2.933,Palm oil,1 kg palm oil,6.7,19.4233,18.9409,19.6779,19.2692,19.6511
PNG,OILP,4788127.30618013,4877918.011298233,5364000.553598294,5395052.091925853,5407528.162007528,1651424.457888147,1725743.3996557605,1826625.1605331711,1875876.416832727,1843811.2670579772,2.899,2.827,2.937,2.876,2.933,Magnesium stearate,1 kg magnesium stearate,6.7,19.4233,18.9409,19.6779,19.2692,19.6511
PNG,OILP,4788127.30618013,4877918.011298233,5364000.553598294,5395052.091925853,5407528.162007528,1651424.457888147,1725743.3996557605,1826625.1605331711,1875876.416832727,1843811.2670579772,2.899,2.827,2.937,2.876,2.933,Partially hydrogenated palm oil,1 kg partially hydrogenated palm oil,6.3,18.2637,17.8101,18.5031,18.1188,18.477899999999998
PNG,OILP,4788127.30618013,4877918.011298233,5364000.553598294,5395052.091925853,5407528.162007528,1651424.457888147,1725743.3996557605,1826625.1605331711,1875876.416832727,1843811.2670579772,2.899,2.827,2.937,2.876,2.933,Partially hydrogenated palm kernel oil,1 kg partially hydrogenated palm kernel oil,6.2,17.9738,17.5274,18.2094,17.8312,18.1846
PNG,OILP,4788127.30618013,4877918.011298233,5364000.553598294,5395052.091925853,5407528.162007528,1651424.457888147,1725743.3996557605,1826625.1605331711,1875876.416832727,1843811.2670579772,2.899,2.827,2.937,2.876,2.933,Palm kernel oil,1 kg palm kernel oil,6.6,19.133399999999998,18.658199999999997,19.384199999999996,18.981599999999997,19.357799999999997
PRY,OILP,278032.39636765746,291232.46548911725,309228.1165380811,319165.9242626708,403178.17495602067,98358.91156583693,97789.63605553676,97541.84485113603,97896.79973252,97767.8714007974,2.827,2.978,3.17,3.26,4.124,Palm oil,1 kg palm oil,6.7,18.9409,19.9526,21.239,21.842,27.630799999999997
PRY,OILP,278032.39636765746,291232.46548911725,309228.1165380811,319165.9242626708,403178.17495602067,98358.91156583693,97789.63605553676,97541.84485113603,97896.79973252,97767.8714007974,2.827,2.978,3.17,3.26,4.124,Magnesium stearate,1 kg magnesium stearate,6.7,18.9409,19.9526,21.239,21.842,27.630799999999997
PRY,OILP,278032.39636765746,291232.46548911725,309228.1165380811,319165.9242626708,403178.17495602067,98358.91156583693,97789.63605553676,97541.84485113603,97896.79973252,97767.8714007974,2.827,2.978,3.17,3.26,4.124,Partially hydrogenated palm oil,1 kg partially hydrogenated palm oil,6.3,17.8101,18.761400000000002,19.971,20.537999999999997,25.981199999999998
PRY,OILP,278032.39636765746,291232.46548911725,309228.1165380811,319165.9242626708,403178.17495602067,98358.91156583693,97789.63605553676,97541.84485113603,97896.79973252,97767.8714007974,2.827,2.978,3.17,3.26,4.124,Partially hydrogenated palm kernel oil,1 kg partially hydrogenated palm kernel oil,6.2,17.5274,18.463600000000003,19.654,20.212,25.5688
PRY,OILP,278032.39636765746,291232.46548911725,309228.1165380811,319165.9242626708,403178.17495602067,98358.91156583693,97789.63605553676,97541.84485113603,97896.79973252,97767.8714007974,2.827,2.978,3.17,3.26,4.124,Palm kernel oil,1 kg palm kernel oil,6.6,18.658199999999997,19.6548,20.921999999999997,21.516,27.218399999999995
RWA,OILP,12.649179866538637,14.076557203211156,13.070394034604911,12.06423086599867,11.058067697392428,522.4156052942689,514.9129243498604,514.3667359202159,513.8205766931235,514.2760790359469,0.02421,0.02734,0.02541,0.02348,0.0215,Palm oil,1 kg palm oil,6.7,0.162207,0.183178,0.17024699999999998,0.157316,0.14404999999999998
RWA,OILP,12.649179866538637,14.076557203211156,13.070394034604911,12.06423086599867,11.058067697392428,522.4156052942689,514.9129243498604,514.3667359202159,513.8205766931235,514.2760790359469,0.02421,0.02734,0.02541,0.02348,0.0215,Magnesium stearate,1 kg magnesium stearate,6.7,0.162207,0.183178,0.17024699999999998,0.157316,0.14404999999999998
RWA,OILP,12.649179866538637,14.076557203211156,13.070394034604911,12.06423086599867,11.058067697392428,522.4156052942689,514.9129243498604,514.3667359202159,513.8205766931235,514.2760790359469,0.02421,0.02734,0.02541,0.02348,0.0215,Partially hydrogenated palm oil,1 kg partially hydrogenated palm oil,6.3,0.152523,0.172242,0.16008299999999998,0.147924,0.13545
RWA,OILP,12.649179866538637,14.076557203211156,13.070394034604911,12.06423086599867,11.058067697392428,522.4156052942689,514.9129243498604,514.3667359202159,513.8205766931235,514.2760790359469,0.02421,0.02734,0.02541,0.02348,0.0215,Partially hydrogenated palm kernel oil,1 kg partially hydrogenated palm kernel oil,6.2,0.15010199999999999,0.169508,0.157542,0.145576,0.1333
RWA,OILP,12.649179866538637,14.076557203211156,13.070394034604911,12.06423086599867,11.058067697392428,522.4156052942689,514.9129243498604,514.3667359202159,513.8205766931235,514.2760790359469,0.02421,0.02734,0.02541,0.02348,0.0215,Palm kernel oil,1 kg palm kernel oil,6.6,0.15978599999999998,0.180444,0.167706,0.154968,0.14189999999999997
SEN,OILP,47875.596554828706,44829.15275870192,43300.69921901766,41109.07296196533,39808.73380039235,67233.80040512641,67474.81195999096,67198.43942103423,67302.76751972713,67288.67027509463,0.7121,0.6644,0.6444,0.6108,0.5916,Palm oil,1 kg palm oil,6.7,4.77107,4.45148,4.31748,4.09236,3.9637200000000004
SEN,OILP,47875.596554828706,44829.15275870192,43300.69921901766,41109.07296196533,39808.73380039235,67233.80040512641,67474.81195999096,67198.43942103423,67302.76751972713,67288.67027509463,0.7121,0.6644,0.6444,0.6108,0.5916,Magnesium stearate,1 kg magnesium stearate,6.7,4.77107,4.45148,4.31748,4.09236,3.9637200000000004
SEN,OILP,47875.596554828706,44829.15275870192,43300.69921901766,41109.07296196533,39808.73380039235,67233.80040512641,67474.81195999096,67198.43942103423,67302.76751972713,67288.67027509463,0.7121,0.6644,0.6444,0.6108,0.5916,Partially hydrogenated palm oil,1 kg partially hydrogenated palm oil,6.3,4.48623,4.18572,4.0597199999999996,3.84804,3.72708
SEN,OILP,47875.596554828706,44829.15275870192,43300.69921901766,41109.07296196533,39808.73380039235,67233.80040512641,67474.81195999096,67198.43942103423,67302.76751972713,67288.67027509463,0.7121,0.6644,0.6444,0.6108,0.5916,Partially hydrogenated palm kernel oil,1 kg partially hydrogenated palm kernel oil,6.2,4.41502,4.11928,3.99528,3.78696,3.66792
SEN,OILP,47875.596554828706,44829.15275870192,43300.69921901766,41109.07296196533,39808.73380039235,67233.80040512641,67474.81195999096,67198.43942103423,67302.76751972713,67288.67027509463,0.7121,0.6644,0.6444,0.6108,0.5916,Palm kernel oil,1 kg palm kernel oil,6.6,4.699859999999999,4.38504,4.2530399999999995,4.03128,3.90456
SGP,OILP,61.351174092712114,54.14815371118973,50.73345881760627,52.416766049976594,46.39310968813028,8050.748416632669,7587.837495314034,7871.844032764838,7883.308854271893,7810.562487075811,0.007621,0.007136,0.006445,0.006649,0.00594,Palm oil,1 kg palm oil,6.7,0.0510607,0.0478112,0.043181500000000005,0.044548300000000006,0.039798
SGP,OILP,61.351174092712114,54.14815371118973,50.73345881760627,52.416766049976594,46.39310968813028,8050.748416632669,7587.837495314034,7871.844032764838,7883.308854271893,7810.562487075811,0.007621,0.007136,0.006445,0.006649,0.00594,Magnesium stearate,1 kg magnesium stearate,6.7,0.0510607,0.0478112,0.043181500000000005,0.044548300000000006,0.039798
SGP,OILP,61.351174092712114,54.14815371118973,50.73345881760627,52.416766049976594,46.39310968813028,8050.748416632669,7587.837495314034,7871.844032764838,7883.308854271893,7810.562487075811,0.007621,0.007136,0.006445,0.006649,0.00594,Partially hydrogenated palm oil,1 kg partially hydrogenated palm oil,6.3,0.0480123,0.0449568,0.0406035,0.0418887,0.037422
SGP,OILP,61.351174092712114,54.14815371118973,50.73345881760627,52.416766049976594,46.39310968813028,8050.748416632669,7587.837495314034,7871.844032764838,7883.308854271893,7810.562487075811,0.007621,0.007136,0.006445,0.006649,0.00594,Partially hydrogenated palm kernel oil,1 kg partially hydrogenated palm kernel oil,6.2,0.0472502,0.0442432,0.039959,0.041223800000000005,0.036828
SGP,OILP,61.351174092712114,54.14815371118973,50.73345881760627,52.416766049976594,46.39310968813028,8050.748416632669,7587.837495314034,7871.844032764838,7883.308854271893,7810.562487075811,0.007621,0.007136,0.006445,0.006649,0.00594,Palm kernel oil,1 kg palm kernel oil,6.6,0.0502986,0.047097599999999996,0.042537,0.0438834,0.039203999999999996
SLB,OILP,123726.03309510525,122186.8411656198,127109.1213090578,125598.37985730048,121561.6980542893,84419.54278604154,94883.9905504046,97945.81248088097,100951.206484992,98504.34796062666,1.466,1.288,1.298,1.244,1.234,Palm oil,1 kg palm oil,6.7,9.8222,8.6296,8.6966,8.3348,8.2678
SLB,OILP,123726.03309510525,122186.8411656198,127109.1213090578,125598.37985730048,121561.6980542893,84419.54278604154,94883.9905504046,97945.81248088097,100951.206484992,98504.34796062666,1.466,1.288,1.298,1.244,1.234,Magnesium stearate,1 kg magnesium stearate,6.7,9.8222,8.6296,8.6966,8.3348,8.2678
SLB,OILP,123726.03309510525,122186.8411656198,127109.1213090578,125598.37985730048,121561.6980542893,84419.54278604154,94883.9905504046,97945.81248088097,100951.206484992,98504.34796062666,1.466,1.288,1.298,1.244,1.234,Partially hydrogenated palm oil,1 kg partially hydrogenated palm oil,6.3,9.2358,8.1144,8.1774,7.8372,7.7741999999999996
SLB,OILP,123726.03309510525,122186.8411656198,127109.1213090578,125598.37985730048,121561.6980542893,84419.54278604154,94883.9905504046,97945.81248088097,100951.206484992,98504.34796062666,1.466,1.288,1.298,1.244,1.234,Partially hydrogenated palm kernel oil,1 kg partially hydrogenated palm kernel oil,6.2,9.0892,7.985600000000001,8.047600000000001,7.7128000000000005,7.6508
SLB,OILP,123726.03309510525,122186.8411656198,127109.1213090578,125598.37985730048,121561.6980542893,84419.54278604154,94883.9905504046,97945.81248088097,100951.206484992,98504.34796062666,1.466,1.288,1.298,1.244,1.234,Palm kernel oil,1 kg palm kernel oil,6.6,9.6756,8.5008,8.5668,8.2104,8.1444
SLE,OILP,2060024.0073955413,2101127.70779509,2111470.1380969165,2111882.7830868675,2156716.003022557,292788.7010001582,289388.61011765304,333114.4465782328,350046.1591764624,339584.66652756056,7.036,7.261,6.339,6.033,6.351,Palm oil,1 kg palm oil,6.7,47.1412,48.648700000000005,42.47130000000001,40.4211,42.551700000000004
SLE,OILP,2060024.0073955413,2101127.70779509,2111470.1380969165,2111882.7830868675,2156716.003022557,292788.7010001582,289388.61011765304,333114.4465782328,350046.1591764624,339584.66652756056,7.036,7.261,6.339,6.033,6.351,Magnesium stearate,1 kg magnesium stearate,6.7,47.1412,48.648700000000005,42.47130000000001,40.4211,42.551700000000004
SLE,OILP,2060024.0073955413,2101127.70779509,2111470.1380969165,2111882.7830868675,2156716.003022557,292788.7010001582,289388.61011765304,333114.4465782328,350046.1591764624,339584.66652756056,7.036,7.261,6.339,6.033,6.351,Partially hydrogenated palm oil,1 kg partially hydrogenated palm oil,6.3,44.3268,45.7443,39.935700000000004,38.0079,40.0113
SLE,OILP,2060024.0073955413,2101127.70779509,2111470.1380969165,2111882.7830868675,2156716.003022557,292788.7010001582,289388.61011765304,333114.4465782328,350046.1591764624,339584.66652756056,7.036,7.261,6.339,6.033,6.351,Partially hydrogenated palm kernel oil,1 kg partially hydrogenated palm kernel oil,6.2,43.6232,45.0182,39.30180000000001,37.4046,39.376200000000004
SLE,OILP,2060024.0073955413,2101127.70779509,2111470.1380969165,2111882.7830868675,2156716.003022557,292788.7010001582,289388.61011765304,333114.4465782328,350046.1591764624,339584.66652756056,7.036,7.261,6.339,6.033,6.351,Palm kernel oil,1 kg palm kernel oil,6.6,46.437599999999996,47.922599999999996,41.8374,39.8178,41.916599999999995
SUR,OILP,6129.89057733877,5635.634365881013,5193.373915292476,5811.9001094003615,9166.330793626696,585.8190974213347,585.8190974213347,585.8190974213347,585.8190974213347,585.8190974213347,10.46,9.62,8.865,9.921,15.65,Palm oil,1 kg palm oil,6.7,70.08200000000001,64.454,59.395500000000006,66.4707,104.855
SUR,OILP,6129.89057733877,5635.634365881013,5193.373915292476,5811.9001094003615,9166.330793626696,585.8190974213347,585.8190974213347,585.8190974213347,585.8190974213347,585.8190974213347,10.46,9.62,8.865,9.921,15.65,Magnesium stearate,1 kg magnesium stearate,6.7,70.08200000000001,64.454,59.395500000000006,66.4707,104.855
SUR,OILP,6129.89057733877,5635.634365881013,5193.373915292476,5811.9001094003615,9166.330793626696,585.8190974213347,585.8190974213347,585.8190974213347,585.8190974213347,585.8190974213347,10.46,9.62,8.865,9.921,15.65,Partially hydrogenated palm oil,1 kg partially hydrogenated palm oil,6.3,65.89800000000001,60.605999999999995,55.8495,62.50229999999999,98.595
SUR,OILP,6129.89057733877,5635.634365881013,5193.373915292476,5811.9001094003615,9166.330793626696,585.8190974213347,585.8190974213347,585.8190974213347,585.8190974213347,585.8190974213347,10.46,9.62,8.865,9.921,15.65,Partially hydrogenated palm kernel oil,1 kg partially hydrogenated palm kernel oil,6.2,64.852,59.644,54.963,61.5102,97.03
SUR,OILP,6129.89057733877,5635.634365881013,5193.373915292476,5811.9001094003615,9166.330793626696,585.8190974213347,585.8190974213347,585.8190974213347,585.8190974213347,585.8190974213347,10.46,9.62,8.865,9.921,15.65,Palm kernel oil,1 kg palm kernel oil,6.6,69.036,63.49199999999999,58.509,65.47859999999999,103.28999999999999
TCD,OILP,1516.6161876883532,1608.364447718622,1692.263499649982,1794.8304797955109,1961.598798365763,10659.240678983368,10213.433393483874,10065.375154751506,10230.553306530795,10178.510510385186,0.1423,0.1575,0.1681,0.1754,0.1927,Palm oil,1 kg palm oil,6.7,0.9534100000000001,1.05525,1.12627,1.1751800000000001,1.29109
TCD,OILP,1516.6161876883532,1608.364447718622,1692.263499649982,1794.8304797955109,1961.598798365763,10659.240678983368,10213.433393483874,10065.375154751506,10230.553306530795,10178.510510385186,0.1423,0.1575,0.1681,0.1754,0.1927,Magnesium stearate,1 kg magnesium stearate,6.7,0.9534100000000001,1.05525,1.12627,1.1751800000000001,1.29109
TCD,OILP,1516.6161876883532,1608.364447718622,1692.263499649982,1794.8304797955109,1961.598798365763,10659.240678983368,10213.433393483874,10065.375154751506,10230.553306530795,10178.510510385186,0.1423,0.1575,0.1681,0.1754,0.1927,Partially hydrogenated palm oil,1 kg partially hydrogenated palm oil,6.3,0.89649,0.99225,1.05903,1.10502,1.21401
TCD,OILP,1516.6161876883532,1608.364447718622,1692.263499649982,1794.8304797955109,1961.598798365763,10659.240678983368,10213.433393483874,10065.375154751506,10230.553306530795,10178.510510385186,0.1423,0.1575,0.1681,0.1754,0.1927,Partially hydrogenated palm kernel oil,1 kg partially hydrogenated palm kernel oil,6.2,0.88226,0.9765,1.04222,1.08748,1.1947400000000001
TCD,OILP,1516.6161876883532,1608.364447718622,1692.263499649982,1794.8304797955109,1961.598798365763,10659.240678983368,10213.433393483874,10065.375154751506,10230.553306530795,10178.510510385186,0.1423,0.1575,0.1681,0.1754,0.1927,Palm kernel oil,1 kg palm kernel oil,6.6,0.93918,1.0394999999999999,1.10946,1.15764,1.27182
TGO,OILP,30171.81421802847,31703.379456770577,36884.265951386886,45476.25552797911,46645.86409104563,407473.13342094806,417917.311355282,468295.79335679975,466202.1682576918,463596.11836776463,0.07405,0.07586,0.07876,0.09755,0.1006,Palm oil,1 kg palm oil,6.7,0.49613500000000005,0.508262,0.5276919999999999,0.653585,0.67402
TGO,OILP,30171.81421802847,31703.379456770577,36884.265951386886,45476.25552797911,46645.86409104563,407473.13342094806,417917.311355282,468295.79335679975,466202.1682576918,463596.11836776463,0.07405,0.07586,0.07876,0.09755,0.1006,Magnesium stearate,1 kg magnesium stearate,6.7,0.49613500000000005,0.508262,0.5276919999999999,0.653585,0.67402
TGO,OILP,30171.81421802847,31703.379456770577,36884.265951386886,45476.25552797911,46645.86409104563,407473.13342094806,417917.311355282,468295.79335679975,466202.1682576918,463596.11836776463,0.07405,0.07586,0.07876,0.09755,0.1006,Partially hydrogenated palm oil,1 kg partially hydrogenated palm oil,6.3,0.466515,0.47791799999999995,0.49618799999999996,0.6145649999999999,0.6337799999999999
TGO,OILP,30171.81421802847,31703.379456770577,36884.265951386886,45476.25552797911,46645.86409104563,407473.13342094806,417917.311355282,468295.79335679975,466202.1682576918,463596.11836776463,0.07405,0.07586,0.07876,0.09755,0.1006,Partially hydrogenated palm kernel oil,1 kg partially hydrogenated palm kernel oil,6.2,0.45911,0.470332,0.48831199999999997,0.60481,0.6237199999999999
TGO,OILP,30171.81421802847,31703.379456770577,36884.265951386886,45476.25552797911,46645.86409104563,407473.13342094806,417917.311355282,468295.79335679975,466202.1682576918,463596.11836776463,0.07405,0.07586,0.07876,0.09755,0.1006,Palm kernel oil,1 kg palm kernel oil,6.6,0.48873,0.5006759999999999,0.519816,0.6438299999999999,0.6639599999999999
THA,OILP,6404232.066981777,6447909.765495955,6374935.246922102,6564242.744804629,6719004.899473121,14069760.325381689,14658930.710531224,16116953.640492862,15839277.588886209,15874457.585113505,0.4552,0.4399,0.3955,0.4144,0.4233,Palm oil,1 kg palm oil,6.7,3.04984,2.94733,2.6498500000000003,2.77648,2.83611
THA,OILP,6404232.066981777,6447909.765495955,6374935.246922102,6564242.744804629,6719004.899473121,14069760.325381689,14658930.710531224,16116953.640492862,15839277.588886209,15874457.585113505,0.4552,0.4399,0.3955,0.4144,0.4233,Magnesium stearate,1 kg magnesium stearate,6.7,3.04984,2.94733,2.6498500000000003,2.77648,2.83611
THA,OILP,6404232.066981777,6447909.765495955,6374935.246922102,6564242.744804629,6719004.899473121,14069760.325381689,14658930.710531224,16116953.640492862,15839277.588886209,15874457.585113505,0.4552,0.4399,0.3955,0.4144,0.4233,Partially hydrogenated palm oil,1 kg partially hydrogenated palm oil,6.3,2.86776,2.77137,2.49165,2.6107199999999997,2.6667899999999998
THA,OILP,6404232.066981777,6447909.765495955,6374935.246922102,6564242.744804629,6719004.899473121,14069760.325381689,14658930.710531224,16116953.640492862,15839277.588886209,15874457.585113505,0.4552,0.4399,0.3955,0.4144,0.4233,Partially hydrogenated palm kernel oil,1 kg partially hydrogenated palm kernel oil,6.2,2.82224,2.72738,2.4521,2.56928,2.62446
THA,OILP,6404232.066981777,6447909.765495955,6374935.246922102,6564242.744804629,6719004.899473121,14069760.325381689,14658930.710531224,16116953.640492862,15839277.588886209,15874457.585113505,0.4552,0.4399,0.3955,0.4144,0.4233,Palm kernel oil,1 kg palm kernel oil,6.6,3.00432,2.90334,2.6103,2.7350399999999997,2.79378
TZA,OILP,42671.6756891574,58794.32194947136,66558.68560286763,89654.08994644818,117076.93479652448,29458.25164495053,29602.228700164495,29371.73349533002,29470.878173327525,29450.81115594873,1.449,1.986,2.266,3.042,3.975,Palm oil,1 kg palm oil,6.7,9.708300000000001,13.3062,15.1822,20.3814,26.6325
TZA,OILP,42671.6756891574,58794.32194947136,66558.68560286763,89654.08994644818,117076.93479652448,29458.25164495053,29602.228700164495,29371.73349533002,29470.878173327525,29450.81115594873,1.449,1.986,2.266,3.042,3.975,Magnesium stearate,1 kg magnesium stearate,6.7,9.708300000000001,13.3062,15.1822,20.3814,26.6325
TZA,OILP,42671.6756891574,58794.32194947136,66558.68560286763,89654.08994644818,117076.93479652448,29458.25164495053,29602.228700164495,29371.73349533002,29470.878173327525,29450.81115594873,1.449,1.986,2.266,3.042,3.975,Partially hydrogenated palm oil,1 kg partially hydrogenated palm oil,6.3,9.1287,12.5118,14.2758,19.164599999999997,25.0425
TZA,OILP,42671.6756891574,58794.32194947136,66558.68560286763,89654.08994644818,117076.93479652448,29458.25164495053,29602.228700164495,29371.73349533002,29470.878173327525,29450.81115594873,1.449,1.986,2.266,3.042,3.975,Partially hydrogenated palm kernel oil,1 kg partially hydrogenated palm kernel oil,6.2,8.9838,12.3132,14.0492,18.8604,24.645
TZA,OILP,42671.6756891574,58794.32194947136,66558.68560286763,89654.08994644818,117076.93479652448,29458.25164495053,29602.228700164495,29371.73349533002,29470.878173327525,29450.81115594873,1.449,1.986,2.266,3.042,3.975,Palm kernel oil,1 kg palm kernel oil,6.6,9.5634,13.1076,14.955599999999999,20.077199999999998,26.235
VEN,OILP,323114.9534764586,303493.6875602863,286084.5516033655,273466.8472043317,260552.23600562132,414374.5619386211,415375.95049368695,415572.1624887777,415986.4438081876,415705.8279075847,0.7798,0.7306,0.6884,0.6574,0.6268,Palm oil,1 kg palm oil,6.7,5.22466,4.895020000000001,4.61228,4.40458,4.19956
VEN,OILP,323114.9534764586,303493.6875602863,286084.5516033655,273466.8472043317,260552.23600562132,414374.5619386211,415375.95049368695,415572.1624887777,415986.4438081876,415705.8279075847,0.7798,0.7306,0.6884,0.6574,0.6268,Magnesium stearate,1 kg magnesium stearate,6.7,5.22466,4.895020000000001,4.61228,4.40458,4.19956
VEN,OILP,323114.9534764586,303493.6875602863,286084.5516033655,273466.8472043317,260552.23600562132,414374.5619386211,415375.95049368695,415572.1624887777,415986.4438081876,415705.8279075847,0.7798,0.7306,0.6884,0.6574,0.6268,Partially hydrogenated palm oil,1 kg partially hydrogenated palm oil,6.3,4.91274,4.60278,4.33692,4.14162,3.94884
VEN,OILP,323114.9534764586,303493.6875602863,286084.5516033655,273466.8472043317,260552.23600562132,414374.5619386211,415375.95049368695,415572.1624887777,415986.4438081876,415705.8279075847,0.7798,0.7306,0.6884,0.6574,0.6268,Partially hydrogenated palm kernel oil,1 kg partially hydrogenated palm kernel oil,6.2,4.83476,4.52972,4.26808,4.07588,3.8861600000000003
VEN,OILP,323114.9534764586,303493.6875602863,286084.5516033655,273466.8472043317,260552.23600562132,414374.5619386211,415375.95049368695,415572.1624887777,415986.4438081876,415705.8279075847,0.7798,0.7306,0.6884,0.6574,0.6268,Palm kernel oil,1 kg palm kernel oil,6.6,5.14668,4.82196,4.5434399999999995,4.338839999999999,4.13688
VNM,OILP,67.82701295382519,150.637297248279,210.7734799381561,260.8795090008956,373.1433374645423,3402.3113071545786,3764.5702261046263,3833.182596849227,4175.450827436732,3996.026375349236,0.01994,0.04001,0.05499,0.06248,0.09338,Palm oil,1 kg palm oil,6.7,0.133598,0.268067,0.368433,0.41861600000000004,0.625646
VNM,OILP,67.82701295382519,150.637297248279,210.7734799381561,260.8795090008956,373.1433374645423,3402.3113071545786,3764.5702261046263,3833.182596849227,4175.450827436732,3996.026375349236,0.01994,0.04001,0.05499,0.06248,0.09338,Magnesium stearate,1 kg magnesium stearate,6.7,0.133598,0.268067,0.368433,0.41861600000000004,0.625646
VNM,OILP,67.82701295382519,150.637297248279,210.7734799381561,260.8795090008956,373.1433374645423,3402.3113071545786,3764.5702261046263,3833.182596849227,4175.450827436732,3996.026375349236,0.01994,0.04001,0.05499,0.06248,0.09338,Partially hydrogenated palm oil,1 kg partially hydrogenated palm oil,6.3,0.12562199999999998,0.252063,0.346437,0.393624,0.588294
VNM,OILP,67.82701295382519,150.637297248279,210.7734799381561,260.8795090008956,373.1433374645423,3402.3113071545786,3764.5702261046263,3833.182596849227,4175.450827436732,3996.026375349236,0.01994,0.04001,0.05499,0.06248,0.09338,Partially hydrogenated palm kernel oil,1 kg partially hydrogenated palm kernel oil,6.2,0.123628,0.24806199999999998,0.340938,0.387376,0.578956
VNM,OILP,67.82701295382519,150.637297248279,210.7734799381561,260.8795090008956,373.1433374645423,3402.3113071545786,3764.5702261046263,3833.182596849227,4175.450827436732,3996.026375349236,0.01994,0.04001,0.05499,0.06248,0.09338,Palm kernel oil,1 kg palm kernel oil,6.6,0.131604,0.26406599999999997,0.362934,0.41236799999999996,0.616308
