GID_0,GID_1,crop_type,EF_2020,EF_2021,EF_2022,EF_2023,EF_2024
AGO,AGO.17_1,ACOF,49.96,39.17,30.21,22.11,15.62
AGO,AGO.18_1,ACOF,179.8,107.1,62.44,24.08,4.077
ARG,ARG.17_1,ACOF,1157,1005,851.8,699.1,546.3
BDI,BDI.10_1,ACOF,1.157,0.6991,0.4183,0.2073,0.06022
BDI,BDI.11_1,ACOF,2.339,2.197,2.073,2.026,2.001
BDI,BDI.12_1,ACOF,7.965,9.103,9.214,9.263,10.08
BDI,BDI.13_1,ACOF,33.57,21.54,14,9.826,6.367
BDI,BDI.14_1,ACOF,1.176,1.267,1.257,1.382,1.458
BDI,BDI.15_1,ACOF,0.5896,0.36870000000000003,0.2612,0.1808,0.1771
BDI,BDI.16_1,ACOF,4.946,3.218,1.874,0.9593,0.3154
BDI,BDI.17_1,ACOF,1.119,0.7432,0.4518,0.2449,0.1031
BDI,BDI.1_1,ACOF,6.845,6.442,5.569,4.913,4.475
BDI,BDI.2_1,ACOF,4.609,4.353,4.052,3.751,3.451
BDI,BDI.3_1,ACOF,2.604,1.995,1.433,1.082,1.03
BDI,BDI.4_1,ACOF,16.54,16.19,11.53,8.353,6.538
BDI,BDI.5_1,ACOF,1.131,0.9105,0.7281,0.6656,0.7767
BDI,BDI.6_1,ACOF,0.582,0.6499,0.6898,0.7237,0.8085
BDI,BDI.7_1,ACOF,5.748,3.785,2.091,1.081,0.6202
BDI,BDI.8_1,ACOF,56.22,32.44,16.8,7.875,1.861
BDI,BDI.9_1,ACOF,3.234,3.673,3.976,4.229,4.568
BGD,BGD.2_1,ACOF,843.8,935.4,978.5,1024,1108
BLZ,BLZ.2_1,ACOF,156.2,144.7,130.3,123.4,144.4
BLZ,BLZ.3_1,ACOF,0.1666,0.1929,0.1877,0.2167,0.2437
BLZ,BLZ.4_1,ACOF,2.763,2.699,2.74,2.851,2.805
BLZ,BLZ.5_1,ACOF,7743,5284,3536,2491,1698
BLZ,BLZ.6_1,ACOF,75.07,75.13,74.08,75.71,130
BOL,BOL.1_1,ACOF,1.544,1.45,1.311,1.167,1.024
BOL,BOL.2_1,ACOF,55.19,43.54,34.71,28.39,25.12
BOL,BOL.3_1,ACOF,48.42,49.55,52.15,60.84,62.8
BOL,BOL.4_1,ACOF,265.4,168.6,93.07,40.93,10.48
BOL,BOL.6_1,ACOF,168.7,150.5,131.9,111.3,94.42
BOL,BOL.8_1,ACOF,14.52,13.17,12.38,11.27,10.38
BOL,BOL.9_1,ACOF,555.4,486.2,417.6,348.8,279.9
BRA,BRA.11_1,ACOF,6.4,4.673,3.321,2.813,2.382
BRA,BRA.12_1,ACOF,1851,1389,999.6,689.3,456.1
BRA,BRA.13_1,ACOF,2.74,2.805,2.902,3.084,3.213
BRA,BRA.15_1,ACOF,69.26,65.94,77.71,80.08,88.2
BRA,BRA.16_1,ACOF,0.7764,0.8727,0.9392,0.9583,0.9476
BRA,BRA.17_1,ACOF,27.76,25.07,22.78,19.73,17.36
BRA,BRA.18_1,ACOF,128.8,148.9,144,147.2,142.8
BRA,BRA.19_1,ACOF,3.239,3.185,3.149,3.219,3.305
BRA,BRA.1_1,ACOF,2308,1920,1551,1214,961.7
BRA,BRA.20_1,ACOF,9.771,9.533,9.518,9.534,10.14
BRA,BRA.22_1,ACOF,184800,122400,75320,43920,23020
BRA,BRA.25_1,ACOF,0.9318,1.011,1.065,1.156,1.225
BRA,BRA.27_1,ACOF,2.333,2.56,3.778,4.043,3.847
BRA,BRA.2_1,ACOF,16680,14340,12020,9705,7397
BRA,BRA.4_1,ACOF,2666,2206,1771,1447,1117
BRA,BRA.5_1,ACOF,9.009,9.071,9.123,9.421,9.735
BRA,BRA.6_1,ACOF,63.85,64.99,69.7,71.25,74.7
BRA,BRA.7_1,ACOF,0.1232,0.1003,0.0786,0.0624,0.05015
BRA,BRA.8_1,ACOF,3.066,2.876,2.742,2.7,2.681
BRA,BRA.9_1,ACOF,4.855,5.202,5.681,6.119,6.069
BWA,BWA.2_1,ACOF,0,0,0,0,0
CAF,CAF.13_1,ACOF,64.41,52.68,42.54,33.49,25.05
CAF,CAF.14_1,ACOF,6.658,7.157,6.747,6.408,9.896
CAF,CAF.3_1,ACOF,14.28,8.239,4.509,3.082,2.078
CAF,CAF.6_1,ACOF,102.4,85.53,69.57,54.01,40.54
CAF,CAF.7_1,ACOF,118.2,99.85,83.04,67.21,52.41
CHN,CHN.26_1,ACOF,0.8646,0.8125,0.7682,0.7393,0.7461
CHN,CHN.30_1,ACOF,4.208,3.944,3.772,3.66,3.569
CMR,CMR.1_1,ACOF,249.6,213.4,180.4,148.8,117.2
CMR,CMR.4_1,ACOF,0.1527,0.1437,0.1417,0.1597,0.1662
CMR,CMR.7_1,ACOF,5.201,5.557,6.054,6.314,6.616
COD,COD.10_1,ACOF,556.8,451.6,365.7,289.2,224
COD,COD.11_1,ACOF,45.15,46.33,44.19,46.22,45.35
COD,COD.12_1,ACOF,47.03,50.62,51.45,54.57,58.32
COD,COD.13_1,ACOF,95.14,99.15,104.3,109.7,116.6
COD,COD.14_1,ACOF,9.832,9.507,8.918,8.68,9.961
COD,COD.15_1,ACOF,79.74,80.28,80.92,81.47,87.52
COD,COD.16_1,ACOF,280.1,239.8,206.3,187.1,169.3
COD,COD.17_1,ACOF,170.6,158.2,146.8,140.9,141.9
COD,COD.18_1,ACOF,2150,1860,1590,1352,1125
COD,COD.19_1,ACOF,22.08,18.25,15.91,14.72,14.78
COD,COD.1_1,ACOF,289.1,293,303.8,317.8,323.9
COD,COD.20_1,ACOF,75.39,72.04,67.49,63.84,61.71
COD,COD.21_1,ACOF,261.6,243.6,225,204.5,185.5
COD,COD.22_1,ACOF,20.64,20.48,19.89,20.68,21.43
COD,COD.23_1,ACOF,73.89,74.02,73.18,72.35,71.89
COD,COD.24_1,ACOF,91.39,75.21,60.43,48,37.58
COD,COD.25_1,ACOF,545.3,560.5,581,593,595
COD,COD.2_1,ACOF,851.2,651.3,499.3,392.8,339.6
COD,COD.3_1,ACOF,36.54,34.73,32.62,31.96,32.54
COD,COD.4_1,ACOF,22.09,19.65,17.55,15.73,15.53
COD,COD.5_1,ACOF,295.8,311.1,349.5,386.3,408.9
COD,COD.6_1,ACOF,91.53,95.63,100.7,102.5,106.6
COD,COD.7_1,ACOF,72.65,76.84,79.04,82.41,84.19
COD,COD.8_1,ACOF,10.13,9.617,8.885,8.381,7.845
COD,COD.9_1,ACOF,118.4,119.3,122.3,126.1,128.1
COG,COG.11_1,ACOF,764.7,615.6,490.3,392.4,305.7
COG,COG.7_1,ACOF,97.96,95.26,95.5,90.81,88.8
COG,COG.9_1,ACOF,48.99,60.37,65.09,80.17,100.5
COL,COL.10_2,ACOF,39.95,41.18,42.19,44.43,45.56
COL,COL.11_2,ACOF,10.17,10.46,11.07,10.84,10.64
COL,COL.12_2,ACOF,8.587,8.536,8.571,9.294,9.96
COL,COL.13_2,ACOF,74.96,70.44,69.45,62.34,65.47
COL,COL.14_2,ACOF,5.503,5.494,5.351,5.477,5.46
COL,COL.15_2,ACOF,3.165,2.795,2.453,2.173,1.939
COL,COL.17_2,ACOF,595.1,599.1,561.5,516.1,476.9
COL,COL.18_2,ACOF,3.2,3.052,3.139,3.182,3.455
COL,COL.19_2,ACOF,19.24,18.15,17.4,17.08,15.53
COL,COL.20_2,ACOF,17.88,18.99,21.3,23.55,24.93
COL,COL.21_2,ACOF,18.88,19.66,20.91,20.26,21.1
COL,COL.22_2,ACOF,13.04,14.24,14.43,14.8,14.1
COL,COL.23_2,ACOF,23.41,24.43,24.54,23.92,23.17
COL,COL.24_2,ACOF,71.04,71.37,76.46,75.2,75
COL,COL.25_2,ACOF,4.002,3.591,3.182,2.9,2.597
COL,COL.26_2,ACOF,3.048,2.673,2.355,2.177,2.001
COL,COL.28_2,ACOF,9.45,9.413,9.186,9.286,9.194
COL,COL.29_2,ACOF,121.4,124.3,122.4,119.7,121.2
COL,COL.2_2,ACOF,15.03,14.74,14.57,14.77,14.68
COL,COL.30_2,ACOF,3.394,3.068,2.753,2.506,2.285
COL,COL.31_2,ACOF,3.482,3.239,2.997,2.742,2.498
COL,COL.33_2,ACOF,53.56,80.71,79.45,93.98,88.23
COL,COL.3_2,ACOF,22.06,23.18,23.19,23.79,23.66
COL,COL.4_2,ACOF,5.781,6.937,7.428,8.239,9.985
COL,COL.5_2,ACOF,0.2965,0.3042,0.2825,0.2728,0.2551
COL,COL.6_2,ACOF,77.45,80.33,81.26,82.7,80.79
COL,COL.7_2,ACOF,4.362,4.054,3.724,3.364,3.133
COL,COL.8_2,ACOF,2.856,2.494,2.148,1.92,1.752
COL,COL.9_2,ACOF,6.274,6.61,7.254,7.007,7.036
CRI,CRI.1_1,ACOF,7.081,6.882,6.857,6.797,6.794
CRI,CRI.2_1,ACOF,3.325,3.252,3.222,3.104,3.162
CRI,CRI.3_1,ACOF,20.15,18.08,15.97,13.78,11.89
CRI,CRI.4_1,ACOF,9.183,9.072,9.792,10.61,10.89
CRI,CRI.5_1,ACOF,11.56,11.58,11.29,10.64,9.87
CRI,CRI.6_1,ACOF,21.64,21.55,21.16,20.94,21.2
CRI,CRI.7_1,ACOF,5.991,5.756,5.541,5.312,5.048
CUB,CUB.10_1,ACOF,0.722,0.6788,0.6192,0.6258,0.5711
CUB,CUB.11_1,ACOF,3.214,3.247,3.03,2.849,2.617
CUB,CUB.12_1,ACOF,6.214,6.328,6.211,6.979,6.723
CUB,CUB.13_1,ACOF,10.86,9.872,9.211,10.12,9.382
CUB,CUB.14_1,ACOF,4.931,4.792,4.577,4.273,4.014
CUB,CUB.15_1,ACOF,1.877,1.561,1.293,1.044,0.9619
CUB,CUB.16_1,ACOF,3.449,3.442,3.314,3.39,3.266
CUB,CUB.1_1,ACOF,3.207,3.229,3.018,2.974,2.779
CUB,CUB.2_1,ACOF,8.288,9.138,9.365,9.665,9.383
CUB,CUB.3_1,ACOF,3.372,3.332,3.211,3.298,3.153
CUB,CUB.4_1,ACOF,4.163,3.707,3.042,2.424,2.492
CUB,CUB.5_1,ACOF,5.791,5.965,5.865,6.199,6.512
CUB,CUB.6_1,ACOF,15.39,14.7,13.47,12.53,11.88
CUB,CUB.7_1,ACOF,2.111,1.97,1.756,2.182,2.034
CUB,CUB.8_1,ACOF,19.65,22.83,23.89,24.89,28.47
CUB,CUB.9_1,ACOF,3.666,4.291,4.705,5.289,7.332
DMA,DMA.10_1,ACOF,124.7,117.1,111.4,104.3,96.93
DMA,DMA.1_1,ACOF,72.89,68.2,63.59,59.17,54.94
DMA,DMA.2_1,ACOF,4.163,3.574,2.988,2.415,1.906
DMA,DMA.4_1,ACOF,66.84,62.75,58.68,54.59,50.57
DMA,DMA.5_1,ACOF,236.7,224.5,210.8,196.7,184.1
DMA,DMA.8_1,ACOF,33.9,31.53,29.21,26.93,24.77
DMA,DMA.9_1,ACOF,165.8,166,155.5,155,144.1
DOM,DOM.10_1,ACOF,45.09,38.78,33.3,27.57,22.37
DOM,DOM.11_1,ACOF,9.506,9.648,9.826,10.79,10.36
DOM,DOM.12_1,ACOF,29.07,24.52,20.15,16.09,12.3
DOM,DOM.13_1,ACOF,2.098,1.99,1.878,1.985,1.896
DOM,DOM.14_1,ACOF,20.18,16.8,13.61,10.89,8.294
DOM,DOM.15_1,ACOF,10.25,8.466,6.802,5.288,4.022
DOM,DOM.16_1,ACOF,23.41,20.41,18.1,16.44,15.05
DOM,DOM.17_1,ACOF,4.438,3.911,3.306,2.746,2.28
DOM,DOM.18_1,ACOF,12.79,11.16,9.416,9.424,8.808
DOM,DOM.19_1,ACOF,49.09,39.97,32.11,26.15,21.71
DOM,DOM.1_1,ACOF,14.8,11.68,9.002,6.732,4.816
DOM,DOM.20_1,ACOF,27.19,29.09,28.18,26.78,26.89
DOM,DOM.21_1,ACOF,11.67,9.554,7.778,6.467,5.582
DOM,DOM.22_1,ACOF,4.62,3.338,2.315,1.464,0.866
DOM,DOM.23_1,ACOF,26.1,20.1,14.64,9.916,6.216
DOM,DOM.24_1,ACOF,24.12,21.18,18.04,15.36,12.82
DOM,DOM.25_1,ACOF,55.01,48.52,42.92,38.53,35.23
DOM,DOM.26_1,ACOF,28.58,24.44,20.45,16.81,13.17
DOM,DOM.27_1,ACOF,3.643,3.665,3.578,3.764,3.969
DOM,DOM.28_1,ACOF,15.29,12.44,9.78,7.346,5.222
DOM,DOM.29_1,ACOF,50.02,45.23,40,35.31,31.03
DOM,DOM.2_1,ACOF,7.43,6.009,4.762,3.666,2.742
DOM,DOM.30_1,ACOF,27.7,26.78,24.98,23.49,21.78
DOM,DOM.31_1,ACOF,3.858,3.643,3.53,3.636,3.577
DOM,DOM.32_1,ACOF,1.388,1.372,1.301,1.205,1.202
DOM,DOM.3_1,ACOF,79.49,71.46,61.8,58.05,51.65
DOM,DOM.4_1,ACOF,15.26,12.78,10.41,8.167,6.166
DOM,DOM.5_1,ACOF,0,0,0,0,0
DOM,DOM.6_1,ACOF,6.006,4.798,3.721,2.841,2.17
DOM,DOM.7_1,ACOF,4.542,3.951,3.627,3.202,2.84
DOM,DOM.8_1,ACOF,7.137,5.562,4.175,3.017,2.273
DOM,DOM.9_1,ACOF,15.04,13.81,12.64,13.03,12.04
ECU,ECU.10_1,ACOF,45.99,40.76,35.9,31.76,30.29
ECU,ECU.11_1,ACOF,79.4,68.56,58.15,47.69,37.65
ECU,ECU.12_1,ACOF,66.71,65.44,62.76,69.28,65.64
ECU,ECU.13_1,ACOF,585.6,505.3,425.6,346.2,267
ECU,ECU.14_1,ACOF,110.8,96.87,83.88,71.09,59.67
ECU,ECU.15_1,ACOF,1006,1022,1186,1238,1405
ECU,ECU.16_1,ACOF,746.9,690.3,657.7,598.1,556.5
ECU,ECU.17_1,ACOF,548.5,562.5,595.8,588.2,605.6
ECU,ECU.18_1,ACOF,292.3,318.4,374.5,400,444.8
ECU,ECU.19_1,ACOF,71.09,48.96,33.3,21.55,15.39
ECU,ECU.1_1,ACOF,1.815,1.384,1.044,0.7272,0.5274
ECU,ECU.20_1,ACOF,2285,1964,1643,1322,1001
ECU,ECU.21_1,ACOF,46.76,33.23,22.97,14.6,9.489
ECU,ECU.22_1,ACOF,298.8,281.8,270.7,254,243.2
ECU,ECU.23_1,ACOF,1.771,1.713,1.705,1.578,1.552
ECU,ECU.24_1,ACOF,243,238.2,283.3,274.2,296.3
ECU,ECU.2_1,ACOF,112.4,73.17,44.27,20.85,5.557
ECU,ECU.3_1,ACOF,4.692,3.124,1.996,1.106,0.4822
ECU,ECU.4_1,ACOF,20.5,17.36,14.39,11.58,9.08
ECU,ECU.5_1,ACOF,10.7,10.05,9.059,8.04,7.511
ECU,ECU.6_1,ACOF,59.29,44.04,32.03,21.87,14.17
ECU,ECU.7_1,ACOF,3.232,3.015,2.804,3.233,3.259
ECU,ECU.8_1,ACOF,247.4,215.1,182.8,151.2,119.1
ETH,ETH.10_1,ACOF,2.523,2.222,1.922,1.668,1.506
ETH,ETH.3_1,ACOF,0.9739,1.394,2.256,3.473,4.855
ETH,ETH.4_1,ACOF,7.496,6.818,6.084,5.658,5.73
ETH,ETH.5_1,ACOF,0,48.61,76.45,72.4,79.74
ETH,ETH.6_1,ACOF,1630,1519,1418,1274,1137
ETH,ETH.7_1,ACOF,0.1253,0.1646,0.4414,0.4217,0.3957
ETH,ETH.8_1,ACOF,2.504,2.272,2.1,1.943,1.824
ETH,ETH.9_1,ACOF,0.06687,0.4723,1.334,1.432,1.353
GTM,GTM.10_1,ACOF,2.714,2.628,2.715,2.585,2.725
GTM,GTM.11_1,ACOF,1.079,1.036,1.026,1.053,1.123
GTM,GTM.12_1,ACOF,36.83,37.23,37.76,40.54,42.44
GTM,GTM.13_1,ACOF,17.57,16.42,14.97,13.26,12.18
GTM,GTM.14_1,ACOF,61.56,57.44,52.85,48.31,43.32
GTM,GTM.15_1,ACOF,9.718,9.156,8.57,8.491,8.013
GTM,GTM.16_1,ACOF,13.52,13.44,14.05,15.39,18.94
GTM,GTM.17_1,ACOF,1.919,1.672,1.459,1.357,1.213
GTM,GTM.18_1,ACOF,4.446,4.262,4.398,4.768,4.703
GTM,GTM.19_1,ACOF,5.3,5.039,4.908,4.779,4.692
GTM,GTM.1_1,ACOF,100.1,103,103.9,104.9,115.4
GTM,GTM.20_1,ACOF,3.731,3.703,3.791,4.003,4.16
GTM,GTM.21_1,ACOF,24.02,23.83,24.13,23.42,21.45
GTM,GTM.22_1,ACOF,7.372,7.179,6.941,7.026,7.38
GTM,GTM.2_1,ACOF,20.3,19.09,18.53,18.61,18.21
GTM,GTM.3_1,ACOF,8.707,9.146,9.185,9.356,9.123
GTM,GTM.4_1,ACOF,3.73,3.608,3.493,3.361,3.283
GTM,GTM.5_1,ACOF,7.808,7.446,7.269,6.93,6.857
GTM,GTM.6_1,ACOF,1.594,1.574,1.644,1.726,1.811
GTM,GTM.7_1,ACOF,18.02,17.64,17.88,18.59,18.76
GTM,GTM.8_1,ACOF,13.36,12.17,11.03,9.993,9.225
GTM,GTM.9_1,ACOF,23.82,24.51,23.69,23.25,23.96
GUY,GUY.4_1,ACOF,457.1,349.8,255.5,765.3,811.2
HND,HND.10_1,ACOF,11.07,10.72,10.38,9.916,9.393
HND,HND.11_1,ACOF,124.6,120.5,117.9,120.3,119.2
HND,HND.12_1,ACOF,4.779,4.324,3.852,3.353,2.92
HND,HND.13_1,ACOF,8.019,7.259,6.515,5.757,5.01
HND,HND.14_1,ACOF,6.327,5.554,4.837,4.124,3.434
HND,HND.15_1,ACOF,27.49,28.28,29.18,30.73,32.01
HND,HND.16_1,ACOF,11.33,10.76,10.06,9.609,8.877
HND,HND.17_1,ACOF,1.169,1.049,0.9434,0.9303,0.9292
HND,HND.18_1,ACOF,18.78,19.72,19.83,21.01,21.04
HND,HND.1_1,ACOF,21.74,23.54,24.96,27.02,27.7
HND,HND.2_1,ACOF,0.8599,0.7934,0.7536,0.72,0.6958
HND,HND.3_1,ACOF,22.31,23.24,23.41,24.16,24.03
HND,HND.4_1,ACOF,7.551,6.824,6.141,5.532,4.898
HND,HND.5_1,ACOF,4.906,4.374,3.92,3.667,3.271
HND,HND.6_1,ACOF,6.082,6.106,5.845,5.694,5.462
HND,HND.7_1,ACOF,6.784,6.647,6.95,7.004,7.193
HND,HND.8_1,ACOF,12,11.52,10.92,10.45,10.05
HND,HND.9_1,ACOF,75.4,90.38,99.1,115.3,126.2
HTI,HTI.10_1,ACOF,1.93,1.677,1.436,1.221,1.044
HTI,HTI.1_1,ACOF,0.7608,0.734,0.6892,0.6753,0.7173
HTI,HTI.2_1,ACOF,7.41,6.357,5.389,4.469,3.619
HTI,HTI.3_1,ACOF,0.5987,0.6291,0.6121,0.6305,0.6763
HTI,HTI.4_1,ACOF,5.343,4.605,3.892,3.203,2.533
HTI,HTI.5_1,ACOF,1.644,1.399,1.189,0.9769,0.7743
HTI,HTI.6_1,ACOF,9.434,9.589,10.38,10.7,11.84
HTI,HTI.7_1,ACOF,3.933,3.843,3.734,3.952,3.922
HTI,HTI.8_1,ACOF,2.003,1.858,1.808,1.798,1.886
HTI,HTI.9_1,ACOF,4.305,3.7,3.129,2.572,2.053
IDN,IDN.10_1,ACOF,11.21,10.89,10.71,12.88,13.89
IDN,IDN.11_1,ACOF,15.75,16.27,16,17.61,18.07
IDN,IDN.17_1,ACOF,25.66,23.66,21.83,23.31,23.3
IDN,IDN.1_1,ACOF,15.47,15.46,14.77,14.45,14.39
IDN,IDN.20_1,ACOF,30.05,30.73,33.77,39.96,42.41
IDN,IDN.21_1,ACOF,22.5,23.47,24.1,26.38,27.28
IDN,IDN.22_1,ACOF,459.8,454.7,450.6,447.3,431.7
IDN,IDN.23_1,ACOF,798.2,848,915.3,951,958.1
IDN,IDN.24_1,ACOF,124.6,123.5,124.7,145,143.6
IDN,IDN.25_1,ACOF,219.2,218.3,222.1,238.9,240.8
IDN,IDN.26_1,ACOF,32.17,31.83,32.19,36.09,35.1
IDN,IDN.27_1,ACOF,7482,7290,7121,7101,7014
IDN,IDN.28_1,ACOF,297000,295700,295200,343200,351000
IDN,IDN.29_1,ACOF,360.6,358.4,353.6,369.3,360.7
IDN,IDN.2_1,ACOF,3.444,3.281,3.302,3.624,3.486
IDN,IDN.30_1,ACOF,75.37,76.5,76.5,75.57,73.58
IDN,IDN.31_1,ACOF,80.61,80.15,78.17,79.77,81.23
IDN,IDN.32_1,ACOF,19.13,18.64,17.91,17.41,16.63
IDN,IDN.33_1,ACOF,1.841,1.709,1.566,1.907,2.607
IDN,IDN.4_1,ACOF,59.53,59.53,63.01,72.23,75.19
IDN,IDN.5_1,ACOF,122.1,121,121.2,125.9,126.5
IDN,IDN.6_1,ACOF,3018,3058,3007,3033,2851
IDN,IDN.8_1,ACOF,397.5,448.2,497,524.2,534.9
IDN,IDN.9_1,ACOF,4.342,4.521,4.636,5.071,5.344
IND,IND.16_1,ACOF,1.09,1.173,1.262,1.553,1.792
IND,IND.17_1,ACOF,73.85,63.3,52.73,42.51,32.11
IND,IND.21_1,ACOF,102,109,113.7,119.8,130.3
IND,IND.23_1,ACOF,35830,38480,38570,38570,38980
IND,IND.26_1,ACOF,30.55,30.92,33.08,38.65,42.69
IND,IND.27_1,ACOF,531.8,458.4,385,311.6,238.2
IND,IND.2_1,ACOF,2.735,2.677,2.726,3.058,3.335
IND,IND.30_1,ACOF,56.47,54.8,51.07,48.31,49.22
IND,IND.31_1,ACOF,7.848,8.28,8.294,10.18,11.9
IND,IND.36_1,ACOF,543.6,547,528.5,528,491.1
JAM,JAM.10_1,ACOF,11.24,11.03,10.56,11.64,10.92
JAM,JAM.11_1,ACOF,75.49,73.37,72.36,79.22,77.72
JAM,JAM.12_1,ACOF,26.37,24.02,21.47,18.88,16.39
JAM,JAM.13_1,ACOF,7.573,7.319,7.701,9.907,9.786
JAM,JAM.14_1,ACOF,3.95,3.798,3.476,3.25,3.082
JAM,JAM.1_1,ACOF,3.762,3.247,2.741,2.296,1.973
JAM,JAM.2_1,ACOF,10.54,10.47,9.962,9.955,10.09
JAM,JAM.4_1,ACOF,11.14,9.579,8.045,6.535,5.028
JAM,JAM.5_1,ACOF,129,127.3,124.3,126.2,121.4
JAM,JAM.6_1,ACOF,24.57,22.24,20.34,18.54,16.28
JAM,JAM.7_1,ACOF,15.94,14.83,14.16,14.02,13.04
JAM,JAM.8_1,ACOF,7.81,7.078,6.23,5.454,5.227
JAM,JAM.9_1,ACOF,4.181,3.798,3.331,2.986,2.899
KEN,KEN.10_1,ACOF,12.29,11.71,12.84,12.56,11.32
KEN,KEN.11_1,ACOF,0.9937,1.119,1.212,1.285,1.3
KEN,KEN.12_1,ACOF,7.886,7.641,7.441,7.599,8.153
KEN,KEN.13_1,ACOF,62.91,35.21,27.33,20.33,18.32
KEN,KEN.14_1,ACOF,1.217,2.122,2.037,1.982,2.016
KEN,KEN.15_1,ACOF,0.3895,0.3567,0.3262,0.2974,0.2984
KEN,KEN.16_1,ACOF,4.57,4.721,4.74,4.886,5.249
KEN,KEN.17_1,ACOF,0.877,0.8539,0.8555,0.8482,0.841
KEN,KEN.18_1,ACOF,0.293,0.3272,0.3213,0.2954,0.2982
KEN,KEN.19_1,ACOF,0.152,0.1377,0.1234,0.1091,0.1247
KEN,KEN.1_1,ACOF,34.32,32.56,32.55,34.88,33.23
KEN,KEN.20_1,ACOF,0.991,0.9362,0.9106,0.888,1.192
KEN,KEN.21_1,ACOF,1.43,1.354,1.32,1.272,1.176
KEN,KEN.22_1,ACOF,1.333,1.105,0.958,0.9332,0.8727
KEN,KEN.23_1,ACOF,4.081,3.539,2.822,2.51,2.323
KEN,KEN.24_1,ACOF,0,0,0,0,0
KEN,KEN.25_1,ACOF,2.803,2.626,2.448,2.271,2.093
KEN,KEN.26_1,ACOF,1.149,1.057,1.018,1.071,1.226
KEN,KEN.27_1,ACOF,0.746,0.794,0.8172,0.8364,0.9771
KEN,KEN.29_1,ACOF,0.3175,0.2344,0.1847,0.2203,0.4073
KEN,KEN.2_1,ACOF,7.676,7.206,6.977,7.052,7.452
KEN,KEN.30_1,ACOF,34.09,30.75,28.8,26.47,29.42
KEN,KEN.31_1,ACOF,16.25,15.7,15.77,17.69,18.42
KEN,KEN.32_1,ACOF,14.81,15.51,15.94,16.19,16.68
KEN,KEN.33_1,ACOF,16.11,17.02,18.65,20.13,21.34
KEN,KEN.34_1,ACOF,16.6,16.62,17.15,18.18,18.58
KEN,KEN.35_1,ACOF,5.885,5.678,5.699,6.046,5.931
KEN,KEN.36_1,ACOF,1.147,1.047,0.9672,0.9605,1.022
KEN,KEN.37_1,ACOF,2.283,2.877,2.742,2.662,2.491
KEN,KEN.38_1,ACOF,0.725,0.7102,0.7272,0.7214,0.6886
KEN,KEN.39_1,ACOF,84.43,80.68,78.63,72.26,77.61
KEN,KEN.3_1,ACOF,2.776,2.866,2.934,3.132,3.474
KEN,KEN.40_1,ACOF,5.196,5.204,5.098,5.12,5.099
KEN,KEN.41_1,ACOF,0.5284,0.462,0.3975,0.3776,0.3606
KEN,KEN.42_1,ACOF,8.654,8.437,8.133,8.14,8.778
KEN,KEN.44_1,ACOF,2.382,2.456,2.596,2.81,2.896
KEN,KEN.45_1,ACOF,4.01,4.485,4.76,5.456,6.098
KEN,KEN.47_1,ACOF,25.14,22.82,21.94,20.04,17.38
KEN,KEN.4_1,ACOF,0.7171,0.7276,0.7133,0.7205,0.8156
KEN,KEN.5_1,ACOF,31.69,33.03,33.48,34.01,35.22
KEN,KEN.6_1,ACOF,9.931,9.128,8.364,8.164,9.18
KEN,KEN.7_1,ACOF,0.2369,0.2171,0.1973,0.1776,0.1578
KEN,KEN.8_1,ACOF,1.271,1.389,1.495,1.838,2.275
KEN,KEN.9_1,ACOF,1.099,0.9522,0.8057,0.6592,0.5127
KHM,KHM.11_1,ACOF,8.448,7.269,6.258,5.667,5.094
KHM,KHM.14_1,ACOF,38.26,40.15,37.44,33.86,30
KHM,KHM.19_1,ACOF,0.002102,0.001438,9.41e-4,5.194e-4,1.731e-4
KHM,KHM.20_1,ACOF,117.3,123.5,122.1,119.8,122.1
KHM,KHM.23_1,ACOF,0.1177,0.09267,0.06945,0.05529,0.04821
KHM,KHM.24_1,ACOF,0.03769,0.03113,0.02462,0.01825,0.01357
KHM,KHM.25_1,ACOF,17.24,16.93,15.99,15.12,14.24
KHM,KHM.8_1,ACOF,0,0,0,0,0
LAO,LAO.10_1,ACOF,23.12,23.83,24.96,25.71,25.93
LAO,LAO.11_1,ACOF,28.06,30.21,31.92,31.1,31.48
LAO,LAO.12_1,ACOF,154.7,134.2,113.9,93.64,73.61
LAO,LAO.15_1,ACOF,12.9,14.69,15.76,19.08,23.09
LAO,LAO.2_1,ACOF,6.814,6.619,6.288,5.973,5.67
LAO,LAO.5_1,ACOF,5.315,5.37,5.49,6.408,6.513
LAO,LAO.7_1,ACOF,9.365,8.968,8.712,8.963,9.016
LAO,LAO.8_1,ACOF,0.9153,0.6345,0.3821,0.2017,0.1054
LAO,LAO.9_1,ACOF,43.43,44.74,47.53,47.1,45.86
MEX,MEX.10_1,ACOF,15.52,14.35,13.17,11.99,10.81
MEX,MEX.12_1,ACOF,219.1,208,194.7,196.7,187.7
MEX,MEX.13_1,ACOF,22.89,23.08,22.74,22.14,22.15
MEX,MEX.14_1,ACOF,4.027,3.067,2.214,1.453,0.834
MEX,MEX.15_1,ACOF,6.315,5.518,4.772,4.003,3.331
MEX,MEX.17_1,ACOF,122.5,119.3,115.3,108.3,107.1
MEX,MEX.18_1,ACOF,17.84,17.82,17.84,18.42,18.33
MEX,MEX.20_1,ACOF,107.2,107.3,108.2,107.6,108.8
MEX,MEX.21_1,ACOF,15.75,17.29,17.49,17.72,18.54
MEX,MEX.22_1,ACOF,40.24,39.68,36.66,33.89,30.49
MEX,MEX.23_1,ACOF,3.984,3.879,3.735,3.591,3.582
MEX,MEX.24_1,ACOF,97.14,99.54,99.26,96.85,95.43
MEX,MEX.25_1,ACOF,88.37,350,338.1,319.2,299.5
MEX,MEX.27_1,ACOF,12.24,12.35,12.03,12.61,13.02
MEX,MEX.28_1,ACOF,4.412,3.931,3.281,2.889,2.688
MEX,MEX.29_1,ACOF,0.03643,0.05525,0.08258,0.07713,0.07168
MEX,MEX.30_1,ACOF,35.7,29.96,24.88,21.11,18.56
MEX,MEX.4_1,ACOF,96.01,101.4,100.6,103.9,118.3
MEX,MEX.5_1,ACOF,19.11,19.05,18.84,19.1,19.59
MEX,MEX.8_1,ACOF,2.434,1.706,1.256,1.071,1.114
MEX,MEX.9_1,ACOF,0,0,0,0,0
MMR,MMR.11_1,ACOF,8.772,7.732,6.917,6.973,7.014
MMR,MMR.12_1,ACOF,7.245,7.569,7.389,7.636,7.713
MMR,MMR.13_1,ACOF,55.84,49.63,43.32,37.22,30.84
MMR,MMR.14_1,ACOF,106,112.2,114.4,118.2,119
MMR,MMR.1_1,ACOF,77.15,50.88,30.74,15.23,5.063
MMR,MMR.2_1,ACOF,3562,3264,2935,2619,2273
MMR,MMR.3_1,ACOF,110.9,116.7,124.8,135.9,145
MMR,MMR.4_1,ACOF,70.41,78.11,78.88,82.22,81.38
MMR,MMR.5_1,ACOF,20.08,21.13,22.12,23.04,23.21
MMR,MMR.6_1,ACOF,103.2,109.9,115.5,120.5,125.6
MMR,MMR.7_1,ACOF,2.792,2.728,2.717,2.888,2.98
MMR,MMR.8_1,ACOF,6.831,7.166,7.451,7.65,8.503
MMR,MMR.9_1,ACOF,29.64,32.13,34.07,35.86,36.82
MOZ,MOZ.10_1,ACOF,9.955,11.09,11.78,13.23,14.11
MOZ,MOZ.11_1,ACOF,12.92,14.08,14.51,15.36,15.65
MOZ,MOZ.1_1,ACOF,15.81,14.65,13.23,12.14,11.63
MOZ,MOZ.2_1,ACOF,6.638,7.304,7.513,7.37,7.134
MOZ,MOZ.3_1,ACOF,15.22,11.77,8.781,6.377,4.627
MOZ,MOZ.4_1,ACOF,21.92,24.73,27.49,30.48,33.76
MOZ,MOZ.5_1,ACOF,2.624,2.267,1.923,1.687,1.516
MOZ,MOZ.6_1,ACOF,1.643,1.584,1.462,1.386,1.263
MOZ,MOZ.7_1,ACOF,5.897,5.619,5.32,5.023,4.985
MOZ,MOZ.8_1,ACOF,17.19,16.25,14.79,13.7,12.57
MOZ,MOZ.9_1,ACOF,13.26,13.11,13.1,13.07,13.32
MWI,MWI.11_1,ACOF,65.51,65.89,63.45,59.48,54.89
MWI,MWI.13_1,ACOF,77860,67810,55160,43400,33970
MWI,MWI.14_1,ACOF,1.779,1.705,1.532,1.384,1.292
MWI,MWI.15_1,ACOF,3.084,2.38,1.695,1.124,0.7563
MWI,MWI.16_1,ACOF,0.653,0.607,0.5611,0.6104,0.8713
MWI,MWI.17_1,ACOF,2.237,2.207,2.251,2.374,2.794
MWI,MWI.19_1,ACOF,20.05,21.59,22.33,24.18,25.3
MWI,MWI.20_1,ACOF,1.711,2.087,2.128,2.714,3.072
MWI,MWI.21_1,ACOF,25.31,20.34,15.38,11.76,8.815
MWI,MWI.22_1,ACOF,4.093,2.801,1.773,1.014,0.4281
MWI,MWI.24_1,ACOF,32.54,26.92,21.4,16.07,11.32
MWI,MWI.25_1,ACOF,0.4185,0.4459,0.4452,0.4609,0.5068
MWI,MWI.27_1,ACOF,2.387,1.972,1.564,1.264,0.9902
MWI,MWI.3_1,ACOF,14.62,10.47,6.94,3.894,2.285
MWI,MWI.5_1,ACOF,2.703,2.933,3.044,3.362,3.502
MWI,MWI.6_1,ACOF,12.6,12.15,11.79,10.84,10.07
MWI,MWI.8_1,ACOF,1.252,1.835,1.86,1.922,1.865
MWI,MWI.9_1,ACOF,47.7,41.3,34.91,28.53,22.17
NAM,NAM.13_1,ACOF,0,0,0,0,0
NGA,NGA.2_1,ACOF,2.782,2.937,3.669,6.363,9.812
NGA,NGA.8_1,ACOF,0,0,0,0,0
NIC,NIC.10_1,ACOF,3.773,4.111,3.922,3.68,3.55
NIC,NIC.11_1,ACOF,0.7974,0.7726,0.7546,0.7309,0.7042
NIC,NIC.12_1,ACOF,2.619,2.181,1.776,1.385,1.012
NIC,NIC.13_1,ACOF,0.5871,0.5259,0.4717,0.4116,0.3539
NIC,NIC.14_1,ACOF,0.374,0.3369,0.3103,0.28,0.3147
NIC,NIC.15_1,ACOF,3.726,3.248,2.825,2.523,2.249
NIC,NIC.16_1,ACOF,6.298,6.39,6.692,6.485,6.53
NIC,NIC.17_1,ACOF,2.472,2.559,2.495,2.524,2.636
NIC,NIC.18_1,ACOF,0.8351,0.798,0.7786,0.7628,0.7884
NIC,NIC.1_1,ACOF,17.27,17.14,16.61,17.32,17.59
NIC,NIC.2_1,ACOF,6.805,6.72,6.812,7.073,7.338
NIC,NIC.3_1,ACOF,1.354,1.2,1.051,0.9173,0.8076
NIC,NIC.4_1,ACOF,0.6008,0.5426,0.4815,0.4125,0.3522
NIC,NIC.5_1,ACOF,1.062,1.027,1.023,1.001,1.005
NIC,NIC.6_1,ACOF,0.5161,0.5078,0.5054,0.509,0.5047
NIC,NIC.7_1,ACOF,0.1653,0.1338,0.1045,0.07769,0.05862
NIC,NIC.8_1,ACOF,0.6567,0.6089,0.5656,0.5175,0.5036
NIC,NIC.9_1,ACOF,25.32,24.89,24.35,27.54,32.05
NPL,NPL.1_1,ACOF,8.029,7.503,7.071,6.417,6.139
NPL,NPL.2_1,ACOF,8.299,12.91,14.73,15.38,22.45
NPL,NPL.4_1,ACOF,192.6,164.8,137.1,111,85.83
NPL,NPL.5_1,ACOF,13.93,16.86,16.28,17.99,19.56
PAN,PAN.1_1,ACOF,3808,3314,2820,2326,1832
PAN,PAN.2_1,ACOF,2824,2427,2050,1686,1332
PER,PER.10_1,ACOF,65.58,67.67,68.86,72.93,72.39
PER,PER.11_1,ACOF,0,0,0,0.7835,1.699
PER,PER.12_1,ACOF,45.97,46.64,45.51,45.02,44.01
PER,PER.13_1,ACOF,6.924,6.149,5.298,4.523,3.871
PER,PER.14_1,ACOF,0.8668,0.8148,0.7626,0.7533,0.7099
PER,PER.16_1,ACOF,0.36,0.3382,0.3256,0.3088,0.3418
PER,PER.17_1,ACOF,5921,4885,3947,3078,2305
PER,PER.18_1,ACOF,16510,11140,6944,3658,1442
PER,PER.1_1,ACOF,9.832,9.014,8.43,7.868,7.859
PER,PER.20_1,ACOF,77.03,77.94,77.31,76.72,73.62
PER,PER.21_1,ACOF,6.069,5.757,5.453,5.64,5.569
PER,PER.22_1,ACOF,78.35,81.73,78.53,74.69,72.47
PER,PER.23_1,ACOF,29.28,29.36,29.74,30.25,31.56
PER,PER.25_1,ACOF,1.934,1.928,1.841,2.423,2.437
PER,PER.26_1,ACOF,315.8,317.7,314.1,308.1,297.1
PER,PER.2_1,ACOF,11.46,12.94,14.03,13.49,13.65
PER,PER.3_1,ACOF,3.655,3.47,3.348,3.406,3.199
PER,PER.4_1,ACOF,0,0,0,0,0
PER,PER.5_1,ACOF,22.56,22.35,21.81,21.11,20.85
PER,PER.6_1,ACOF,3.805,3.701,3.801,3.697,4.018
PER,PER.8_1,ACOF,32.07,31.46,30.27,29.29,29.12
PER,PER.9_1,ACOF,97.36,85.1,73.66,64.15,56.33
PHL,PHL.12_1,ACOF,1.005,0.9715,0.9904,1.055,1.881
PHL,PHL.13_1,ACOF,0.3877,0.3933,0.3862,0.4088,0.4313
PHL,PHL.14_1,ACOF,0,0,0,0,0
PHL,PHL.15_1,ACOF,11.74,12.01,28.47,26.98,25.84
PHL,PHL.16_1,ACOF,4.177,4.091,3.998,3.937,4.053
PHL,PHL.18_1,ACOF,4.32,5.008,4.993,5.091,5.001
PHL,PHL.19_1,ACOF,35.85,34.25,33.06,33.28,37.02
PHL,PHL.1_1,ACOF,0.4642,0.4812,0.4657,0.4841,0.4964
PHL,PHL.20_1,ACOF,51.08,51.88,51.69,51.1,52.11
PHL,PHL.21_1,ACOF,2.567,2.695,2.521,2.331,3.027
PHL,PHL.22_1,ACOF,45.68,42.66,39.3,36.81,33.92
PHL,PHL.26_1,ACOF,8.829,8.792,8.622,8.247,8.008
PHL,PHL.27_1,ACOF,4.449,4.657,4.875,5.342,5.883
PHL,PHL.28_1,ACOF,0.8186,0.8216,0.8338,0.8311,0.8711
PHL,PHL.29_1,ACOF,4.714,4.966,5.035,5.201,5.315
PHL,PHL.32_1,ACOF,0,0,0,0,0
PHL,PHL.33_1,ACOF,0.7431,0.8754,0.9166,0.9648,0.9812
PHL,PHL.34_1,ACOF,2.203,2.228,2.434,2.585,2.584
PHL,PHL.35_1,ACOF,0.3645,0.3678,0.3654,0.3856,0.4491
PHL,PHL.36_1,ACOF,45.18,45.48,47.47,47.35,48.08
PHL,PHL.37_1,ACOF,1.459,1.384,1.288,1.254,1.5
PHL,PHL.38_1,ACOF,2.182,2.164,2.215,2.407,2.527
PHL,PHL.39_1,ACOF,4.664,4.39,4.236,3.911,3.669
PHL,PHL.3_1,ACOF,15.27,17.2,17.1,17.08,18.95
PHL,PHL.40_1,ACOF,1.456,1.505,1.614,1.762,1.816
PHL,PHL.41_1,ACOF,2.362,2.566,2.629,2.695,2.739
PHL,PHL.42_1,ACOF,5.125,5.522,5.541,5.474,5.934
PHL,PHL.44_1,ACOF,10.93,11.16,11.56,11.44,11.58
PHL,PHL.48_1,ACOF,2.216,2.398,2.4,2.368,2.325
PHL,PHL.49_1,ACOF,0,0,0,0,0
PHL,PHL.4_1,ACOF,1.119,1.095,1.225,1.14,1.064
PHL,PHL.50_1,ACOF,0.5816,0.607,0.6309,0.7083,0.76
PHL,PHL.51_1,ACOF,202.9,201.7,229.3,244.3,262.2
PHL,PHL.52_1,ACOF,79.75,87.18,139,134.1,127.9
PHL,PHL.53_1,ACOF,2.44,2.514,2.597,2.691,2.919
PHL,PHL.55_1,ACOF,2.036,2.44,2.528,2.731,2.541
PHL,PHL.56_1,ACOF,2.869,3.141,3.207,3.524,3.626
PHL,PHL.58_1,ACOF,11.27,11.88,12.18,12.13,11.94
PHL,PHL.5_1,ACOF,0.6475,0.7055,0.712,0.7362,0.7649
PHL,PHL.61_1,ACOF,16.63,17.48,18.27,19.36,20.75
PHL,PHL.62_1,ACOF,148,154.4,151,154.4,163
PHL,PHL.63_1,ACOF,5.142,5.581,5.708,5.849,5.971
PHL,PHL.67_1,ACOF,1.457,1.423,1.463,1.506,1.617
PHL,PHL.69_1,ACOF,1.869,1.771,1.671,1.6,1.526
PHL,PHL.6_1,ACOF,0.6215,0.6365,0.6161,0.6031,0.5694
PHL,PHL.70_1,ACOF,1.068,1.143,1.158,1.198,1.322
PHL,PHL.71_1,ACOF,0.5889,0.5965,5.998,5.706,5.4
PHL,PHL.72_1,ACOF,2.048,2.059,2.106,2.067,2.124
PHL,PHL.73_1,ACOF,1.029,1.071,1.098,1.063,1.028
PHL,PHL.76_1,ACOF,245.7,230.9,217.6,202.6,191.4
PHL,PHL.77_1,ACOF,4.453,4.421,4.329,4.438,4.584
PHL,PHL.78_1,ACOF,141.4,138.2,135.8,133,135.8
PHL,PHL.79_1,ACOF,5.846,5.806,6.061,5.939,5.891
PHL,PHL.7_1,ACOF,24.05,24.85,25.37,25.55,24.79
PHL,PHL.80_1,ACOF,2.801,2.969,3.437,3.481,3.409
PHL,PHL.81_1,ACOF,4.166,4.194,4.416,4.316,4.292
PHL,PHL.8_1,ACOF,0,0,0,0,0
PHL,PHL.9_1,ACOF,4.427,4.374,4.575,4.538,4.413
PNG,PNG.10_1,ACOF,8.748,8.502,8.189,7.802,7.342
PNG,PNG.11_1,ACOF,41.84,43.36,45.11,47.8,49.03
PNG,PNG.12_1,ACOF,1119,932.1,772.6,645.5,592.2
PNG,PNG.13_1,ACOF,68.89,64.3,61.62,59.35,58.55
PNG,PNG.14_1,ACOF,14.47,12.22,10.51,9.268,8.205
PNG,PNG.15_1,ACOF,2.829,3.18,3.168,3.02,2.884
PNG,PNG.16_1,ACOF,2320,2589,3102,2968,2888
PNG,PNG.17_1,ACOF,22.05,23.28,26.37,28.07,29.16
PNG,PNG.18_1,ACOF,177.2,170.7,167.7,163.8,159.6
PNG,PNG.19_1,ACOF,4.939,4.892,5.017,5.069,4.985
PNG,PNG.1_1,ACOF,398.5,424.7,488.6,486.9,499.4
PNG,PNG.20_1,ACOF,149.5,148.9,161.1,186.4,191.1
PNG,PNG.21_1,ACOF,3.241,2.914,2.582,2.252,1.901
PNG,PNG.22_1,ACOF,332,330,336.2,348.6,352.2
PNG,PNG.2_1,ACOF,66.2,61.55,59.76,58.54,54.73
PNG,PNG.3_1,ACOF,17.92,16.28,14.6,13.03,11.21
PNG,PNG.4_1,ACOF,458.5,464.7,500.8,485.9,467.9
PNG,PNG.5_1,ACOF,21.31,21.41,22.42,23.07,23.42
PNG,PNG.6_1,ACOF,35.2,30.54,25.95,21.43,17.1
PNG,PNG.7_1,ACOF,10.78,10.54,10.58,10.45,10.34
PNG,PNG.8_1,ACOF,5378,4837,4251,3756,3267
PNG,PNG.9_1,ACOF,21.15,21.31,21.54,22.37,21.79
PRI,PRI.12_1,ACOF,0.5903,0.4841,0.387,0.2964,0.2069
PRI,PRI.22_1,ACOF,0.3496,0.1562,0.04919,0.02004,0.003781
PRI,PRI.29_1,ACOF,1.876,1.393,0.931,0.4782,0.1259
PRI,PRI.35_1,ACOF,1.31,1.127,0.9447,0.762,0.5792
PRI,PRI.37_1,ACOF,0.4952,0.778,0.9633,2.025,3.557
PRI,PRI.3_1,ACOF,2.955,4.287,6.992,8.92,9.465
PRI,PRI.41_1,ACOF,0.1851,0.1498,0.1173,0.0883,0.06188
PRI,PRI.50_1,ACOF,0,0,0,0,0
PRI,PRI.51_1,ACOF,3.71,3.483,3.356,3.124,2.892
PRI,PRI.62_1,ACOF,0.2782,0.1834,0.1101,0.05553,0.018
PRI,PRI.63_1,ACOF,0,0,0,0,0
PRI,PRI.64_1,ACOF,0.3794,0.3121,0.2459,0.183,0.1257
PRI,PRI.68_1,ACOF,0.1314,0.06671,0.0343,0.01875,0.005934
PRY,PRY.10_1,ACOF,68.52,49.63,33.8,21.29,13.65
PRY,PRY.11_1,ACOF,836.8,555.5,313.8,130.4,27.99
PRY,PRY.17_1,ACOF,22.02,15.99,10.96,6.73,3.702
PRY,PRY.18_1,ACOF,186.8,186.9,203.9,206.8,200.5
PRY,PRY.1_1,ACOF,31.63,22.53,14.96,9.643,6.409
PRY,PRY.2_1,ACOF,24.16,21.12,18.29,15.89,14.15
PRY,PRY.3_1,ACOF,36.01,32.71,29.16,27.07,25.81
PRY,PRY.5_1,ACOF,102.8,73.14,48.33,28.82,14.21
PRY,PRY.6_1,ACOF,1715,1760,1851,1896,1887
PRY,PRY.8_1,ACOF,33.85,33.89,32.48,31.03,30.19
RWA,RWA.1_1,ACOF,2.184,2.264,2.472,2.916,3.466
RWA,RWA.2_1,ACOF,7.316,9.041,11.1,12.29,14.65
RWA,RWA.3_1,ACOF,4.156,3.748,3.285,2.857,2.441
RWA,RWA.4_1,ACOF,4.055,4.556,5.054,5.747,6.334
RWA,RWA.5_1,ACOF,0.7124,0.6853,0.6561,0.8909,1.073
SLV,SLV.10_1,ACOF,1.558,1.218,1.074,0.9263,0.8059
SLV,SLV.11_1,ACOF,8.575,8.115,7.672,7.243,6.727
SLV,SLV.12_1,ACOF,4.444,4.194,4.093,3.965,3.859
SLV,SLV.13_1,ACOF,6.705,5.227,3.897,2.68,1.853
SLV,SLV.14_1,ACOF,6.047,5.646,5.351,4.964,4.678
SLV,SLV.1_1,ACOF,12.12,8.896,6.479,4.375,2.587
SLV,SLV.2_1,ACOF,6.479,6.28,5.962,5.727,5.436
SLV,SLV.3_1,ACOF,5.156,5.03,4.919,4.68,4.486
SLV,SLV.4_1,ACOF,6.354,6.121,5.686,5.409,5.045
SLV,SLV.5_1,ACOF,3.013,2.117,1.467,1.04,0.7667
SLV,SLV.6_1,ACOF,8.818,8.569,8.386,8.189,8.016
SLV,SLV.7_1,ACOF,5.392,5.183,5.088,5.105,4.919
SLV,SLV.8_1,ACOF,10.13,9.905,9.685,9.328,9.286
SLV,SLV.9_1,ACOF,3.366,3.138,3.048,2.926,2.916
SSD,SSD.1_1,ACOF,27.09,24.92,23.15,27.78,28.83
SUR,SUR.10_1,ACOF,746.3,636.6,530.1,428.5,331.9
SUR,SUR.2_1,ACOF,6045,5716,5296,5303,5365
SUR,SUR.5_1,ACOF,360.5,339.4,330.8,581.4,1736
SUR,SUR.6_1,ACOF,2616,2442,2275,2247,2095
SUR,SUR.7_1,ACOF,1241,1103,964.3,911.6,817.6
SUR,SUR.8_1,ACOF,946.1,819.3,710.6,647.9,665.4
TCD,TCD.12_1,ACOF,26.84,31.7,32.04,31.83,33.32
TCD,TCD.14_1,ACOF,0.01605,0.0148,0.01356,0.01232,0.01108
TCD,TCD.15_1,ACOF,6.54,6.757,7.081,7.445,8.224
TCD,TCD.4_1,ACOF,0.002534,0.002293,0.002052,0.00181,0.001569
TCD,TCD.8_1,ACOF,0.04465,0.04067,0.03668,0.0327,0.02871
THA,THA.10_1,ACOF,7.949,8.582,9.008,9.367,9.559
THA,THA.11_1,ACOF,1.93,2.098,2.269,2.61,2.796
THA,THA.13_1,ACOF,7.67,8.369,8.764,9.666,10.16
THA,THA.15_1,ACOF,0,0,0,0,0
THA,THA.16_1,ACOF,1082,1108,1127,1284,1370
THA,THA.18_1,ACOF,12.69,13.36,13.59,14.55,15.48
THA,THA.19_1,ACOF,909.9,895.4,938.1,968.3,1045
THA,THA.20_1,ACOF,373.6,357.7,348.2,342.8,323.5
THA,THA.23_1,ACOF,11.43,11.89,12.09,12.35,12.35
THA,THA.31_1,ACOF,27.38,29.48,31.49,34.74,37.64
THA,THA.32_1,ACOF,13.27,13.66,13.79,14.21,14.73
THA,THA.39_1,ACOF,20.49,20.02,20.06,20.92,23.14
THA,THA.41_1,ACOF,10.54,12.02,12.49,12.38,11.65
THA,THA.43_1,ACOF,20.6,19.93,19.42,18.65,17.7
THA,THA.47_1,ACOF,3.578,3.479,3.302,3.188,3.084
THA,THA.50_1,ACOF,33.46,36.51,39.45,46.87,82.54
THA,THA.51_1,ACOF,5.054,5.757,6.142,6.981,7.913
THA,THA.52_1,ACOF,509000,516400,519700,775600,779100
THA,THA.65_1,ACOF,4.393,4.99,5.592,5.981,6.359
THA,THA.67_1,ACOF,14.32,16.22,17.25,18.77,20.58
THA,THA.69_1,ACOF,8.678,8.984,9.228,9.778,10.02
THA,THA.70_1,ACOF,21.3,22.77,23.64,27.5,28.89
THA,THA.75_1,ACOF,4.588,4.692,4.751,4.85,4.781
TLS,TLS.10_1,ACOF,2.856,2.411,1.965,1.52,1.074
TLS,TLS.11_1,ACOF,4.227,5.358,5.122,5.339,5.326
TLS,TLS.12_1,ACOF,6.763,6.001,5.399,4.945,4.347
TLS,TLS.13_1,ACOF,12.96,12.9,14.08,15.55,15.12
TLS,TLS.1_1,ACOF,7.038,7.703,7.58,7.643,7.047
TLS,TLS.2_1,ACOF,8.765,8.132,7.755,7.182,6.305
TLS,TLS.3_1,ACOF,3.783,3.968,4.339,4.514,4.724
TLS,TLS.4_1,ACOF,4.207,4.216,4.112,4.785,4.8
TLS,TLS.5_1,ACOF,2.37,2.287,2.208,2.208,2.295
TLS,TLS.6_1,ACOF,5.047,5.531,5.758,5.95,6.583
TLS,TLS.7_1,ACOF,6.847,7.016,6.436,5.903,5.304
TLS,TLS.8_1,ACOF,3.33,2.887,2.527,2.084,1.72
TLS,TLS.9_1,ACOF,10.86,10.46,10.37,10.42,10.23
TZA,TZA.11_1,ACOF,6.379,5.464,4.681,4.005,3.419
TZA,TZA.12_1,ACOF,13.27,13.41,13.45,13.81,15.2
TZA,TZA.13_1,ACOF,7.907,9.166,9.979,10.51,11.78
TZA,TZA.14_1,ACOF,119.4,123.3,131.4,132.5,133.8
TZA,TZA.15_1,ACOF,21.54,18.93,16.15,13.48,11.06
TZA,TZA.16_1,ACOF,2146,2764,3260,3883,4456
TZA,TZA.17_1,ACOF,172.3,213,231.7,251.6,287.8
TZA,TZA.1_1,ACOF,16.18,15.02,13.91,12.77,16.08
TZA,TZA.20_1,ACOF,5.234,5.441,5.526,6.42,6.65
TZA,TZA.21_1,ACOF,562.1,467,376.3,297.1,226.9
TZA,TZA.22_1,ACOF,10.79,10.36,9.873,10.11,10.45
TZA,TZA.25_1,ACOF,4.626,4.064,3.502,2.94,2.378
TZA,TZA.26_1,ACOF,59.3,61,130.7,272.8,332
TZA,TZA.27_1,ACOF,37.22,35.44,33.4,32.25,32.73
TZA,TZA.2_1,ACOF,1.547,1.819,1.913,2.218,2.253
TZA,TZA.31_1,ACOF,4.582,4.577,4.46,4.436,4.684
TZA,TZA.3_1,ACOF,71.03,71.2,72.53,71.6,78.89
TZA,TZA.4_1,ACOF,3.83,4.55,4.575,4.862,4.774
TZA,TZA.5_1,ACOF,1342,1744,1993,2373,2911
TZA,TZA.6_1,ACOF,3.711,4.023,4.453,5.022,6.161
TZA,TZA.7_1,ACOF,107.8,108.9,110.8,120.4,123.9
TZA,TZA.8_1,ACOF,6.145,5.526,4.89,4.42,3.892
TZA,TZA.9_1,ACOF,319,289.6,269.7,252.7,295.7
UGA,UGA.10_1,ACOF,0.6171,0.6957,0.821,0.9111,1.077
UGA,UGA.11_1,ACOF,1.058,1.12,1.352,1.544,1.669
UGA,UGA.12_1,ACOF,5.201,7.299,8.809,10.44,13.35
UGA,UGA.13_1,ACOF,4.795,5.227,5.69,6.135,6.596
UGA,UGA.17_1,ACOF,1.227,1.39,1.521,1.629,1.781
UGA,UGA.18_1,ACOF,4.199,5.105,6.274,6.845,7.998
UGA,UGA.19_1,ACOF,1.796,1.667,1.536,1.442,1.383
UGA,UGA.1_1,ACOF,1.094,1.02,1.031,0.9709,0.9112
UGA,UGA.20_1,ACOF,1.604,1.451,1.365,1.352,1.255
UGA,UGA.21_1,ACOF,1.917,1.832,1.817,1.88,1.867
UGA,UGA.23_1,ACOF,4.392,4.312,4.301,4.266,4.381
UGA,UGA.24_1,ACOF,14.62,12.88,11.58,10.03,8.631
UGA,UGA.25_1,ACOF,10.46,9.993,10.38,11.42,11.78
UGA,UGA.26_1,ACOF,0.5009,0.6085,0.6658,0.6605,0.6505
UGA,UGA.29_1,ACOF,0.352,0.2838,0.2022,0.1471,0.09907
UGA,UGA.2_1,ACOF,0.7544,0.7603,0.9805,0.9277,0.8807
UGA,UGA.30_1,ACOF,8.519,8.101,8.257,7.962,7.621
UGA,UGA.31_1,ACOF,0,0,0,0,0
UGA,UGA.32_1,ACOF,0.5599,0.5309,0.5011,0.4712,0.4414
UGA,UGA.34_1,ACOF,13.07,13.41,14.34,16.04,16.79
UGA,UGA.35_1,ACOF,2.454,3.015,3.288,3.535,3.955
UGA,UGA.36_1,ACOF,10.53,10.62,11.24,13.05,13.96
UGA,UGA.37_1,ACOF,3.94,4.137,4.595,4.956,4.97
UGA,UGA.38_1,ACOF,1.574,1.694,1.728,1.779,2.147
UGA,UGA.39_1,ACOF,3.55,3.688,3.695,3.712,3.826
UGA,UGA.3_1,ACOF,34.52,29.94,25.39,20.88,16.38
UGA,UGA.41_1,ACOF,0.5194,0.4805,0.4646,0.4601,0.4175
UGA,UGA.42_1,ACOF,9.025,9.406,10.12,10.29,10.48
UGA,UGA.43_1,ACOF,6.322,6.347,6.679,6.625,6.521
UGA,UGA.44_1,ACOF,13.46,14.46,15.94,16.42,17.18
UGA,UGA.45_1,ACOF,0.06018,0.05138,0.04259,0.0338,0.025
UGA,UGA.46_1,ACOF,10.09,10.7,11.46,13.33,14.42
UGA,UGA.47_1,ACOF,27.63,23.82,20.03,16.24,12.46
UGA,UGA.48_1,ACOF,2.536,3.05,3.35,3.586,4.159
UGA,UGA.4_1,ACOF,1.697,1.717,1.736,1.818,1.854
UGA,UGA.50_1,ACOF,0.6576,0.6647,0.6506,0.6578,0.9261
UGA,UGA.51_1,ACOF,2.868,3.318,3.545,3.853,4.347
UGA,UGA.52_1,ACOF,2.566,3.007,3.544,4.079,4.792
UGA,UGA.53_1,ACOF,6.273,6.11,6.179,5.942,5.841
UGA,UGA.54_1,ACOF,1.073,1.056,1.086,1.11,1.274
UGA,UGA.55_1,ACOF,3.656,3.443,3.231,3.018,2.806
UGA,UGA.56_1,ACOF,5.268,4.952,4.665,4.577,5.099
UGA,UGA.57_1,ACOF,11.8,12.99,13.91,14.6,16.14
UGA,UGA.58_1,ACOF,0.9064,0.8072,0.7066,0.6117,0.5176
UGA,UGA.5_1,ACOF,0.7034,0.5415,0.4539,0.4271,0.632
UGA,UGA.6_1,ACOF,13.19,13.97,15.26,16.88,19.07
UGA,UGA.7_1,ACOF,0.6031,0.6316,0.5895,0.625,0.6592
UGA,UGA.8_1,ACOF,2.101,1.851,1.601,1.351,2.142
UGA,UGA.9_1,ACOF,5.41,5.27,5.311,5.662,6.102
VCT,VCT.1_1,ACOF,1.43,1.288,1.147,1.027,0.9173
VCT,VCT.3_1,ACOF,3.85,3.592,3.334,3.076,2.818
VCT,VCT.5_1,ACOF,0.672,0.6248,0.5776,0.5304,0.4832
VCT,VCT.6_1,ACOF,0.919,0.8539,0.7888,0.7237,0.6586
VEN,VEN.11_1,ACOF,1921,1651,1380,1117,862
VEN,VEN.12_1,ACOF,174,167.1,156.4,147.8,136.9
VEN,VEN.13_1,ACOF,5.498,5.151,5.124,5.319,5.369
VEN,VEN.14_1,ACOF,16.03,15.8,15.33,15.29,14.83
VEN,VEN.15_1,ACOF,20.45,19.18,18.28,17.31,16.28
VEN,VEN.16_1,ACOF,167.1,158.9,149,139.7,131.2
VEN,VEN.17_1,ACOF,19.78,19.12,18.33,18.34,19.52
VEN,VEN.18_1,ACOF,21.44,14.04,7.747,4.808,3.401
VEN,VEN.19_1,ACOF,12.34,11.88,11.38,11.04,10.73
VEN,VEN.21_1,ACOF,23.38,22.04,20.51,20.33,20.25
VEN,VEN.22_1,ACOF,16.3,16.87,16.59,17.09,16.72
VEN,VEN.23_1,ACOF,25030,21090,17270,13620,10160
VEN,VEN.24_1,ACOF,172.8,140.8,112.2,86.2,64.2
VEN,VEN.25_1,ACOF,14.01,13.76,13.6,14.37,14.31
VEN,VEN.2_1,ACOF,20.33,19.58,19.64,19.78,20
VEN,VEN.3_1,ACOF,15.83,15.33,15.31,17.81,18.12
VEN,VEN.4_1,ACOF,4.478,4.182,4.283,4.309,4.315
VEN,VEN.5_1,ACOF,34.06,33.19,31.83,31.02,29.54
VEN,VEN.6_1,ACOF,54.92,52.37,49.87,48.83,48.25
VEN,VEN.7_1,ACOF,57.43,56.26,55.39,54.46,51.36
VEN,VEN.8_1,ACOF,23.03,20.67,19.25,17.38,15.74
VEN,VEN.9_1,ACOF,295.8,261,232.2,214.7,219.8
VNM,VNM.10_1,ACOF,27.64,29.66,33.5,36.14,39.73
VNM,VNM.11_1,ACOF,3.921,3.852,3.976,4.015,4.174
VNM,VNM.12_1,ACOF,0.08641,0.07876,0.07113,0.06831,0.06195
VNM,VNM.13_1,ACOF,23.42,23.5,23.1,24.4,24.17
VNM,VNM.15_1,ACOF,14.25,12.64,11.09,9.516,7.962
VNM,VNM.16_1,ACOF,65.02,57.19,49.41,41.67,33.97
VNM,VNM.17_1,ACOF,24.09,26.3,29.04,31.19,33.59
VNM,VNM.18_1,ACOF,0.1456,0.1361,0.1258,0.147,0.163
VNM,VNM.19_1,ACOF,6.153,6.116,5.97,5.907,5.468
VNM,VNM.1_1,ACOF,0.294,0.3087,0.3526,0.4298,0.4039
VNM,VNM.20_1,ACOF,6.913,7.149,7.229,7.424,7.543
VNM,VNM.21_1,ACOF,18.72,16.75,14.78,12.83,10.95
VNM,VNM.24_1,ACOF,0.09256,0.1035,0.1088,0.1848,0.2134
VNM,VNM.25_1,ACOF,7.115,6.773,6.829,7.023,7.362
VNM,VNM.26_1,ACOF,1.298,1.309,1.329,1.306,1.31
VNM,VNM.27_1,ACOF,1.745,1.771,1.772,1.778,1.79
VNM,VNM.29_1,ACOF,4.785,4.617,4.566,4.448,4.312
VNM,VNM.2_1,ACOF,0.1149,0.1167,0.1144,0.127,0.1184
VNM,VNM.30_1,ACOF,6.548,7.186,7.723,8.074,8.486
VNM,VNM.32_1,ACOF,16.43,16.67,17.01,17.16,17.54
VNM,VNM.33_1,ACOF,0.6248,0.6389,0.677,0.6887,0.6794
VNM,VNM.34_1,ACOF,39.74,36.12,32.33,28.99,26.41
VNM,VNM.36_1,ACOF,3.904,3.973,4.067,4.118,4.098
VNM,VNM.37_1,ACOF,89.08,78.53,68.27,58.23,48.17
VNM,VNM.38_1,ACOF,1.482,1.518,1.57,1.586,1.647
VNM,VNM.39_1,ACOF,0.9546,0.9118,0.8911,1.269,1.543
VNM,VNM.40_1,ACOF,0.1134,0.1014,0.08991,0.07888,0.06837
VNM,VNM.41_1,ACOF,7.024,6.557,6.415,6.264,6.292
VNM,VNM.42_1,ACOF,1.128,1.353,1.466,1.599,1.856
VNM,VNM.43_1,ACOF,3.705,3.66,3.501,3.344,3.301
VNM,VNM.44_1,ACOF,13.38,14.85,15.45,16.16,16.78
VNM,VNM.45_1,ACOF,6.664,6.581,6.542,6.561,6.566
VNM,VNM.46_1,ACOF,21.09,20.85,21.5,21.04,21.86
VNM,VNM.47_1,ACOF,17.27,18.99,18.94,18.79,18.48
VNM,VNM.48_1,ACOF,9.696,10.09,10.12,9.914,9.617
VNM,VNM.4_1,ACOF,49.16,55.64,62.08,63.91,65.52
VNM,VNM.50_1,ACOF,19.29,18.47,17.2,15.94,14.71
VNM,VNM.51_1,ACOF,0.05556,0.05876,0.06306,0.08593,0.08691
VNM,VNM.52_1,ACOF,3.862,3.746,3.691,3.732,3.635
VNM,VNM.53_1,ACOF,2.71,3.49,4.119,4.731,5.651
VNM,VNM.54_1,ACOF,4.34,4.557,4.955,5.401,5.852
VNM,VNM.55_1,ACOF,0,0,0,0,0
VNM,VNM.56_1,ACOF,0,0,0,0,0
VNM,VNM.57_1,ACOF,5.727,6.316,6.782,7.336,8.138
VNM,VNM.58_1,ACOF,0.3238,0.3224,0.3015,0.3672,0.3932
VNM,VNM.59_1,ACOF,0.1158,0.1081,0.1021,0.1007,0.1003
VNM,VNM.60_1,ACOF,124.9,132.5,147.8,166.7,180.3
VNM,VNM.61_1,ACOF,0.05638,0.05425,0.05459,0.05678,0.09292
VNM,VNM.62_1,ACOF,0.2504,0.2802,0.2992,0.3682,0.3931
VNM,VNM.63_1,ACOF,14.1,14.79,15.08,15.2,14.86
VNM,VNM.6_1,ACOF,0.1235,0.124,0.121,0.118,0.1209
VNM,VNM.7_1,ACOF,14.79,15.44,16.33,17.66,17.73
VNM,VNM.8_1,ACOF,2.451,2.456,2.972,3.583,4.066
VNM,VNM.9_1,ACOF,46.55,49.55,50.15,49.78,49.33
YEM,YEM.2_1,ACOF,0,0,0,0,0
YEM,YEM.5_1,ACOF,0,0,0,0,0
ZAF,ZAF.5_1,ACOF,0.235,0.3448,0.3652,1.202,1.212
ZMB,ZMB.10_1,ACOF,0,0,0,0,0
ZMB,ZMB.1_1,ACOF,42.88,36.47,31.76,26.14,22.67
ZMB,ZMB.2_1,ACOF,282300,168100,92410,49350,19120
ZMB,ZMB.3_1,ACOF,43.15,29.47,17.14,8.047,3.08
ZMB,ZMB.4_1,ACOF,2506,2043,1640,1309,1011
ZMB,ZMB.5_1,ACOF,35.2,30.84,25.38,21.89,19.15
ZMB,ZMB.6_1,ACOF,8.617,8.952,9.209,9.58,9.731
ZMB,ZMB.7_1,ACOF,162.4,114.4,77.15,54.41,38.97
ZMB,ZMB.8_1,ACOF,2.069,2.001,1.869,1.879,1.774
ZMB,ZMB.9_1,ACOF,5.593,6.029,6.074,6.322,6.756
ZWE,ZWE.10_1,ACOF,22.52,17.82,13.51,10.59,8.87
ZWE,ZWE.2_1,ACOF,1.211,1.092,0.9034,0.7473,0.7075
ZWE,ZWE.3_1,ACOF,23.26,19.52,15.95,12.59,9.37
ZWE,ZWE.4_1,ACOF,13.38,10.17,7.103,4.792,3.314
ZWE,ZWE.6_1,ACOF,26.18,22.42,17.01,12.55,8.828
ZWE,ZWE.7_1,ACOF,1.976,3.034,4.874,5.31,5.855
ZWE,ZWE.8_1,ACOF,70.68,58.45,53.47,40.33,35.83
ZWE,ZWE.9_1,ACOF,12.35,12.01,12.68,11.6,10.54
